{
  "0.01": {
    "val": [
      -1,
      0,
      1,
      2,
      3,
      4,
      5,
      6,
      7,
      8,
      9,
      10
    ],
    "counts": [
      1,
      10,
      45,
      17,
      30,
      79,
      105,
      177,
      265,
      191,
      74,
      6
    ]
  },
  "0.042666666666666665": {
    "val": [
      -1,
      0,
      1,
      3,
      4,
      5,
      6,
      7,
      8,
      9,
      10,
      11,
      12,
      13,
      14,
      15,
      16,
      17,
      18,
      19,
      20,
      21,
      22,
      23,
      24,
      25,
      26,
      27,
      28,
      29,
      30,
      31
    ],
    "counts": [
      1,
      10,
      45,
      1,
      5,
      8,
      10,
      9,
      5,
      9,
      4,
      16,
      36,
      24,
      28,
      18,
      36,
      37,
      46,
      47,
      73,
      73,
      70,
      84,
      88,
      69,
      61,
      34,
      24,
      22,
      5,
      2
    ]
  },
  "0.07533333333333332": {
    "val": [
      -1,
      0,
      1,
      5,
      6,
      7,
      8,
      9,
      10,
      11,
      12,
      13,
      14,
      15,
      16,
      17,
      18,
      19,
      20,
      21,
      22,
      23,
      24,
      25,
      26,
      27,
      28,
      29,
      30,
      31,
      32,
      33,
      34,
      35,
      36,
      37,
      38,
      39,
      40,
      41,
      42,
      43,
      44,
      45,
      46,
      47,
      48,
      49,
      50,
      51,
      52,
      53,
      54,
      55
    ],
    "counts": [
      1,
      10,
      45,
      1,
      2,
      3,
      6,
      6,
      5,
      7,
      3,
      3,
      4,
      5,
      2,
      2,
      7,
      10,
      13,
      9,
      24,
      10,
      17,
      11,
      17,
      11,
      14,
      17,
      28,
      24,
      23,
      28,
      33,
      43,
      35,
      37,
      41,
      33,
      64,
      45,
      45,
      55,
      37,
      42,
      29,
      31,
      19,
      13,
      15,
      6,
      4,
      2,
      1,
      2
    ]
  },
  "0.10799999999999998": {
    "val": [
      -1,
      0,
      1,
      2,
      4,
      5,
      7,
      8,
      9,
      10,
      11,
      12,
      13,
      14,
      15,
      16,
      17,
      19,
      20,
      21,
      22,
      23,
      24,
      25,
      26,
      27,
      28,
      29,
      30,
      31,
      32,
      33,
      34,
      35,
      36,
      37,
      38,
      39,
      40,
      41,
      42,
      43,
      44,
      45,
      46,
      47,
      48,
      49,
      50,
      51,
      52,
      53,
      54,
      55,
      56,
      57,
      58,
      59,
      60,
      61,
      62,
      63,
      64,
      65,
      66,
      67,
      68,
      69,
      70,
      71,
      72,
      73,
      74,
      75,
      76,
      77,
      79,
      80,
      81,
      83
    ],
    "counts": [
      1,
      10,
      41,
      2,
      1,
      1,
      1,
      2,
      3,
      1,
      3,
      5,
      4,
      3,
      5,
      4,
      2,
      2,
      4,
      3,
      1,
      2,
      2,
      3,
      3,
      5,
      8,
      7,
      6,
      6,
      7,
      10,
      3,
      16,
      12,
      7,
      10,
      6,
      4,
      6,
      12,
      17,
      11,
      10,
      14,
      12,
      14,
      18,
      19,
      25,
      22,
      22,
      21,
      21,
      30,
      27,
      22,
      27,
      34,
      33,
      31,
      32,
      28,
      28,
      31,
      32,
      33,
      25,
      18,
      27,
      16,
      21,
      9,
      9,
      14,
      4,
      2,
      4,
      1,
      2
    ]
  },
  "0.14066666666666666": {
    "val": [
      -1,
      0,
      1,
      3,
      4,
      5,
      6,
      9,
      11,
      12,
      13,
      15,
      16,
      17,
      18,
      19,
      20,
      22,
      23,
      24,
      25,
      26,
      27,
      28,
      29,
      30,
      31,
      32,
      33,
      34,
      35,
      36,
      37,
      38,
      39,
      40,
      41,
      42,
      43,
      44,
      45,
      46,
      47,
      48,
      49,
      50,
      51,
      52,
      53,
      54,
      55,
      57,
      58,
      59,
      60,
      62,
      63,
      64,
      65,
      66,
      67,
      68,
      69,
      70,
      71,
      72,
      73,
      74,
      75,
      76,
      77,
      78,
      79,
      80,
      81,
      82,
      83,
      84,
      85,
      86,
      87,
      88,
      89,
      90,
      91,
      92,
      93,
      94,
      95,
      96,
      97,
      98,
      99,
      100,
      101,
      102,
      103,
      104,
      105,
      106,
      107,
      108,
      109,
      110,
      111,
      112,
      113,
      114,
      115,
      116,
      117,
      118,
      119,
      120,
      121,
      122,
      123,
      124,
      125,
      126,
      128,
      129,
      130
    ],
    "counts": [
      1,
      10,
      20,
      2,
      2,
      2,
      7,
      3,
      1,
      1,
      4,
      1,
      5,
      3,
      1,
      3,
      3,
      3,
      4,
      1,
      1,
      1,
      3,
      1,
      3,
      1,
      1,
      1,
      1,
      2,
      2,
      2,
      2,
      2,
      2,
      4,
      3,
      3,
      1,
      3,
      3,
      3,
      4,
      4,
      3,
      3,
      6,
      2,
      3,
      3,
      3,
      6,
      2,
      11,
      3,
      5,
      4,
      8,
      4,
      5,
      3,
      7,
      2,
      8,
      9,
      10,
      8,
      8,
      7,
      5,
      11,
      11,
      12,
      8,
      13,
      7,
      13,
      11,
      12,
      14,
      19,
      8,
      19,
      18,
      13,
      22,
      21,
      15,
      15,
      19,
      18,
      26,
      18,
      17,
      14,
      29,
      22,
      13,
      19,
      23,
      24,
      21,
      20,
      25,
      14,
      21,
      24,
      16,
      16,
      9,
      5,
      7,
      10,
      6,
      7,
      5,
      7,
      6,
      4,
      1,
      2,
      1,
      1
    ]
  },