{
  "0.01": {
    "val": [
      -1,
      0,
      1,
      2,
      3,
      4,
      5
    ],
    "counts": [
      1,
      34,
      190,
      376,
      200,
      167,
      32
    ]
  },
  "0.042666666666666665": {
    "val": [
      -1,
      0,
      1,
      2,
      3,
      4,
      5,
      6,
      7,
      8,
      9,
      10
    ],
    "counts": [
      1,
      34,
      171,
      154,
      158,
      112,
      79,
      92,
      84,
      73,
      36,
      6
    ]
  },
  "0.07533333333333332": {
    "val": [
      -1,
      0,
      1,
      2,
      3,
      4,
      5,
      6,
      7,
      8,
      9,
      10,
      11,
      12,
      13,
      14,
      15
    ],
    "counts": [
      1,
      34,
      141,
      47,
      107,
      90,
      97,
      80,
      68,
      56,
      61,
      52,
      60,
      55,
      34,
      16,
      1
    ]
  },
  "0.10799999999999998": {
    "val": [
      -1,
      0,
      1,
      2,
      3,
      4,
      5,
      6,
      7,
      8,
      9,
      10,
      11,
      12,
      13,
      14,
      15,
      16,
      17,
      18,
      19,
      20
    ],
    "counts": [
      1,
      34,
      114,
      23,
      41,
      60,
      77,
      49,
      82,
      71,
      57,
      43,
      34,
      35,
      48,
      42,
      36,
      57,
      43,
      30,
      18,
      5
    ]
  },
  "0.14066666666666666": {
    "val": [
      -1,
      0,
      1,
      2,
      3,
      4,
      5,
      6,
      7,
      8,
      9,
      10,
      11,
      12,
      13,
      14,
      15,
      16,
      17,
      18,
      19,
      20,
      21,
      22,
      23,
      24,
      25,
      26,
      27,
      28,
      29,
      30
    ],
    "counts": [
      1,
      34,
      90,
      16,
      19,
      19,
      32,
      43,
      56,
      36,
      32,
      38,
      57,
      58,
      59,
      38,
      40,
      24,
      28,
      24,
      31,
      37,
      26,
      33,
      28,
      28,
      13,
      13,
      17,
      17,
      11,
      2
    ]
  },
  "0.17333333333333334": {
    "val": [
      -1,
      0,
      1,
      2,
      3,
      4,
      5,
      6,
      7,
      8,
      9,
      10,
      11,
      12,
      13,
      14,
      15,
      16,
      17,
      18,
      19,
      20,
      21,
      22,
      23,
      24,
      25,
      26,
      27,
      28,
      29,
      30,
      31,
      32,
      33,
      34,
      35,
      36,
      37,
      38,
      39
    ],
    "counts": [
      1,
      34,
      67,
      17,
      13,
      12,
      17,
      18,
      21,
      31,
      29,
      31,
      26,
      22,
      32,
      26,
      40,
      38,
      38,
      44,
      36,
      32,
      31,
      17,
      14,
      8,
      14,
      24,
      24,
      21,
      30,
      22,
      25,
      35,
      34,
      14,
      12,
      12,
      13,
      16,
      9
    ]
  },
  "0.206": {
    "val": [
      -1,
      0,
      1,
      2,
      3,
      4,
      5,
      6,
      7,
      8,
      9,
      10,
      11,
      12,
      13,
      14,
      15,
      16,
      17,
      18,
      19,
      20,
      21,
      22,
      23,
      24,
      25,
      26,
      27,
      28,
      29,
      30,
      31,
      32,
      33,
      34,
      35,
      36,
      37,
      38,
      39,
      40,
      41,
      42,
      43,
      44,
      45,
      46,
      47,
      48,
      49,
      50,
      51,
      52,
      53,
      54
    ],
    "counts": [
      1,
      34,
      53,
      13,
      10,
      8,
      14,
      8,
      12,
      12,
      12,
      23,
      22,
      25,
      16,
      22,
      16,
      15,
      16,
      20,
      23,
      20,
      30,
      26,
      30,
      32,
      26,
      33,
      25,
      27,
      21,
      16,
      16,
      9,
      3,
      8,
      12,
      17,
      13,
      13,
      19,
      23,
      21,
      16,
      24,
      30,
      24,
      23,
      6,
      6,
      9,
      11,
      8,
      12,
      13,
      3
    ]
  },
  "0.23866666666666664": {
    "val": [
      -1,
      0,
      1,
      2,
      3,
      4,
      5,
      6,
      7,
      8,
      9,
      10,
      11,
      12,
      13,
      14,
      15,
      16,
      17,
      18,
      19,
      20,
      21,
      22,
      23,
      24,
      25,
      26,
      27,
      28,
      29,
      30,
      31,
      32,
      33,
      34,
      35,
      36,
      37,
      38,
      39,
      40,
      41,
      42,
      43,
      44,
      45,
      46,
      47,
      48,
      49,
      50,
      51,
      52,
      53,
      54,
      55,
      56,
      57,
      58,
      59,
      60,
      61,
      62,
      63,
      64,
      65,
      66,
      67,
      68,
      69,
      70,
      71,
      72
    ],
    "counts": [
      1,
      34,
      49,
      8,
      8,
      7,
      5,
      6,
      4,
      10,
      9,
      10,
      11,
      7,
      11,
      17,
      13,
      21,
      12,
      13,
      19,
      12,
      13,
      12,
      9,
      10,
      13,
      21,
      12,
      14,
      21,
      14,
      19,
      22,
      20,
      24,
      20,
      26,
      24,
      23,
      23,
      18,
      11,
      14,
      9,
      5,
      5,
      4,
      3,
      7,
      11,
      15,
      11,
      7,
      7,
      14,
      22,
      17,
      10,
      13,
      19,
      26,
      24,
      18,
      17,
      4,
      6,
      4,
      7,
      7,
      7,
      12,
      13,
      6
    ]
  },
  "0.2713333333333333": {
    "val": [
      -1,
      0,
      1,
      2,
      3,
      4,
      5,
      6,
      7,
      8,
      9,
      10,
      11,
      12,
      13,
      14,
      15,
      16,
      17,
      18,
      19,
      20,
      21,
      22,
      23,
      24,
      25,
      26,
      27,
      28,
      29,
      30,
      31,
      32,
      33,
      34,
      35,
      36,
      37,
      38,
      39,
      40,
      41,
      42,
      43,
      44,
      45,
      46,
      47,
      48,
      49,
      50,
      51,
      52,
      53,
      54,
      55,
      56,
      57,
      58,
      59,
      60,
      61,
      62,
      63,
      64,
      65,
      66,
      67,
      68,
      69,
      70,
      71,
      72,
      73,
      74,
      75,
      76,
      77,
      78,
      79,
      80,
      81,
      82,
      83,
      84,
      85,
      86,
      87,
      88,
      89,
      90,
      91,
      92,
      93,
      94,
      95,
      96,
      97,
      98
    ],
    "counts": [
      1,
      34,
      43,
      8,
      9,
      5,
      4,
      4,
      4,
      3,
      5,
      3,
      6,
      4,
      6,
      7,
      4,
      8,
      10,
      10,
      16,
      10,
      10,
      7,
      8,
      8,
      12,
      10,
      16,
      9,
      7,
      6,
      8,
      9,
      6,
      7,
      12,
      13,
      11,
      13,
      14,
      12,
      17,
      12,
      6,
      14,
      15,
      17,
      22,
      16,
      19,
      22,
      12,
      13,
      20,
      17,
      14,
      11,
      8,
      7,
      6,
      7,
      4,
      3,
      4,
      2,
      4,
      4,
      3,
      7,
      9,
      8,
      9,
      9,
      4,
      5,
      8,
      11,
      20,
      13,
      6,
      9,
      12,
      19,
      19,
      18,
      18,
      14,
      15,
      4,
      2,
      4,
      4,
      5,
      4,
      7,
      8,
      11,
      11,
      6
    ]
  },
  "0.304": {
    "val": [
      -2147483648,
      -1,
      0,
      1,
      2,
      3,
      4,
      5,
      6,
      7,
      8,
      9,
      10,
      11,
      12,
      14
    ],