{
  "0.01": {
    "val": [
      -1,
      0,
      1,
      2,
      3
    ],
    "counts": [
      1,
      35,
      421,
      513,
      30
    ]
  },
  "0.042666666666666665": {
    "val": [
      -1,
      0,
      1,
      2,
      3,
      4
    ],
    "counts": [
      1,
      35,
      398,
      349,
      186,
      31
    ]
  },
  "0.07533333333333332": {
    "val": [
      -1,
      0,
      1,
      2,
      3,
      4,
      5,
      6
    ],
    "counts": [
      1,
      35,
      343,
      122,
      271,
      157,
      59,
      12
    ]
  },
  "0.10799999999999998": {
    "val": [
      -1,
      0,
      1,
      2,
      3,
      4,
      5,
      6,
      7,
      8
    ],
    "counts": [
      1,
      35,
      251,
      108,
      120,
      182,
      161,
      94,
      39,
      9
    ]
  },
  "0.14066666666666666": {
    "val": [
      -1,
      0,
      1,
      2,
      3,
      4,
      5,
      6,
      7,
      8,
      9,
      10,
      11
    ],
    "counts": [
      1,
      35,
      166,
      78,
      71,
      99,
      115,
      139,
      136,
      88,
      43,
      24,
      5
    ]
  },
  "0.17333333333333334": {
    "val": [
      -1,
      0,
      1,
      2,
      3,
      4,
      5,
      6,
      7,
      8,
      9,
      10,
      11,
      12,
      13,
      14,
      15
    ],
    "counts": [
      1,
      35,
      108,
      32,
      45,
      46,
      59,
      63,
      84,
      87,
      109,
      97,
      105,
      68,
      33,
      20,
      8
    ]
  },
  "0.206": {
    "val": [
      -1,
      0,
      1,
      2,
      3,
      4,
      5,
      6,
      7,
      8,
      9,
      10,
      11,
      12,
      13,
      14,
      15,
      16,
      17,
      18,
      19,
      20
    ],
    "counts": [
      1,
      35,
      80,
      24,
      32,
      25,
      24,
      35,
      48,
      43,
      67,
      51,
      72,
      68,
      88,
      75,
      90,
      66,
      34,
      27,
      13,
      2
    ]
  },
  "0.23866666666666664": {
    "val": [
      -1,
      0,
      1,
      2,
      3,
      4,
      5,
      6,
      7,
      8,
      9,
      10,
      11,
      12,
      13,
      14,
      15,
      16,
      17,
      18,
      19,
      20,
      21,
      22,
      23,
      24,
      25,
      26,
      27
    ],
    "counts": [
      1,
      35,
      64,
      16,
      16,
      26,
      22,
      19,
      12,
      23,
      35,
      32,
      37,
      37,
      39,
      35,
      40,
      55,
      59,
      68,
      65,
      58,
      68,
      57,
      35,
      22,
      18,
      5,
      1
    ]
  },
  "0.2713333333333333": {
    "val": [
      -1,
      0,
      1,
      2,
      3,
      4,
      5,
      6,
      7,
      8,
      9,
      10,
      11,
      12,
      13,
      14,
      15,
      16,
      17,
      18,
      19,
      20,
      21,
      22,
      23,
      24,
      25,
      26,
      27,
      28,
      29,
      30,
      31,
      32,
      33,
      34,
      35,
      36,
      37
    ],
    "counts": [
      1,
      35,
      42,
      11,
      14,
      12,
      13,
      11,
      20,
      21,
      12,
      12,
      10,
      21,
      18,
      23,
      26,
      22,
      27,
      26,
      30,
      23,
      28,
      35,
      27,
      42,
      31,
      48,
      46,
      51,
      59,
      46,
      45,
      42,
      32,
      16,
      12,
      9,
      1
    ]
  },
  "0.304": {
    "val": [
      -1,
      0,
      1,
      2,
      3,
      4,
      5,
      6,
      7,
      8,
      9,
      10,
      11,
      12,
      13,
      14,
      15,
      16,
      17,
      18,
      19,
      20,
      21,
      22,
      23,
      24,
      25,
      26,
      27,
      28,
      29,
      30,
      31,
      32,
      33,
      34,
      35,
      36,
      37,
      38,
      39,
      40,
      41,
      42,
      43,
      44,
      45,
      46,
      47,
      48,
      49,
      50,
      51,
      52,
      53
    ],
    "counts": [
      1,
      35,
      27,
      7,
      8,
      7,
      11,
      11,
      8,
      7,
      9,
      14,
      14,
      10,
      13,
      9,
      3,
      7,
      9,
      11,
      9,
      12,
      10,
      12,
      15,
      18,
      15,
      14,
      24,
      12,
      17,
      20,
      14,
      22,
      23,
      20,
      22,
      24,
      30,
      21,
      25,
      27,
      32,
      48,
      36,
      54,
      50,
      25,
      34,
      32,
      24,
      16,
      14,
      7,
      1
    ]
  },
  "0.33666666666666667": {
    "val": [
      -2147483648,
      -1,
      0,
      1,
      2,
      3,
      4,
      5,
      6,
      7,
      8,
      9,
      10,
      11,
      12,
      14
    ],
    "counts": [
      908,
      1,
      35,
      18,
      1,
      6,
      1,
      3,
      5,
      3,
      1,
      5,
      2,
      4,
      5,
      2
    ]
  },
  "0.3693333333333333": {
    "val": [
      -2147483648,
      -1,
      0,
      1
    ],
    "counts": [
      948,
      1,
      35,
      16
    ]
  },
  "0.40199999999999997": {
    "val": [
      -2147483648,
      -1,
      0,
      1
    ],
    "counts": [
      956,
      1,
      35,
      8
    ]
  },
  "0.43466666666666665": {
    "val": [
      -2147483648,
      -1,
      0,
      1,
      2
    ],
    "counts": [
      957,
      1,
      35,
      6,
      1
    ]
  },
  "0.46733333333333327": {
    "val": [
      -2147483648,
      -1,
      0,
      1
    ],
    "counts": [
      960,
      1,
      35,
      4
    ]
  },
  "0.5": {
    "val": [
      -2147483648,
      -1,
      0,
      1
    ],
    "counts": [
      960,
      1,
      35,
      4
    ]
  }
}