{
  "0.01": {
    "val": [
      -1,
      0,
      1,
      2,
      3,
      4,
      5,
      6
    ],
    "counts": [
      1,
      22,
      179,
      58,
      210,
      343,
      162,
      25
    ]
  },
  "0.042666666666666665": {
    "val": [
      -2147483648,
      -1,
      0,
      1,
      3
    ],
    "counts": [
      795,
      1,
      22,
      179,
      3
    ]
  },
  "0.07533333333333332": {
    "val": [
      -1,
      0,
      1,
      2,
      3,
      4,
      5,
      6,
      7,
      8,
      9,
      10,
      11,
      12,
      13,
      14,
      15,
      16,
      17,
      18,
      19,
      20,
      21,
      22,
      23,
      24,
      25,
      26,
      27,
      28,
      29,
      30,
      31,
      32,
      33,
      34,
      35,
      36
    ],
    "counts": [
      1,
      22,
      46,
      4,
      16,
      13,
      13,
      13,
      11,
      17,
      17,
      11,
      11,
      13,
      19,
      11,
      18,
      13,
      14,
      23,
      21,
      27,
      26,
      30,
      32,
      36,
      49,
      50,
      64,
      64,
      62,
      59,
      72,
      38,
      30,
      22,
      9,
      3
    ]
  },
  "0.10799999999999998": {
    "val": [
      -2147483648,
      -1,
      0,
      1,
      2,
      3,
      4,
      5,
      6,
      7,
      8,
      10
    ],
    "counts": [
      927,
      1,
      22,
      34,
      1,
      1,
      1,
      1,
      3,
      2,
      3,
      4
    ]
  },
  "0.14066666666666666": {
    "val": [
      -2147483648,
      -1,
      0,
      1,
      2,
      3,
      5
    ],
    "counts": [
      955,
      1,
      22,
      17,
      1,
      1,
      3
    ]
  },
  "0.17333333333333334": {
    "val": [
      -2147483648,
      -1,
      0,
      1
    ],
    "counts": [
      965,
      1,
      22,
      12
    ]
  },
  "0.206": {
    "val": [
      -2147483648,
      -1,
      0,
      1,
      3
    ],
    "counts": [
      966,
      1,
      22,
      10,
      1
    ]
  },
  "0.23866666666666664": {
    "val": [
      -2147483648,
      -1,
      0,
      1,
      2,
      4
    ],
    "counts": [
      967,
      1,
      22,
      7,
      2,
      1
    ]
  },
  "0.2713333333333333": {
    "val": [
      -2147483648,
      -1,
      0,
      1
    ],
    "counts": [
      972,
      1,
      22,
      5
    ]
  },
  "0.304": {
    "val": [
      -2147483648,
      -1,
      0,
      1
    ],
    "counts": [
      973,
      1,
      22,
      4
    ]
  },
  "0.33666666666666667": {
    "val": [
      -2147483648,
      -1,
      0,
      1,
      3
    ],
    "counts": [
      973,
      1,
      22,
      3,
      1
    ]
  },
  "0.3693333333333333": {
    "val": [
      -2147483648,
      -1,
      0,
      1
    ],
    "counts": [
      974,
      1,
      22,
      3
    ]
  },
  "0.40199999999999997": {
    "val": [
      -2147483648,
      -1,
      0,
      1
    ],
    "counts": [
      974,
      1,
      22,
      3
    ]
  },
  "0.43466666666666665": {
    "val": [
      -2147483648,
      -1,
      0,
      1
    ],
    "counts": [
      974,
      1,
      22,
      3
    ]
  },
  "0.46733333333333327": {
    "val": [
      -2147483648,
      -1,
      0,
      1
    ],
    "counts": [
      976,
      1,
      22,
      1
    ]
  },
  "0.5": {
    "val": [
      -2147483648,
      -1,
      0,
      1
    ],
    "counts": [
      976,
      1,
      22,
      1
    ]
  }
}