{
  "0.01": {
    "val": [
      -1,
      0,
      1,
      2,
      3
    ],
    "counts": [
      1,
      19,
      134,
      629,
      217
    ]
  },
  "0.042666666666666665": {
    "val": [
      -1,
      0,
      1,
      2,
      3,
      4
    ],
    "counts": [
      1,
      19,
      134,
      466,
      377,
      3
    ]
  },
  "0.07533333333333332": {
    "val": [
      -1,
      0,
      1,
      2,
      3,
      4,
      5,
      6
    ],
    "counts": [
      1,
      19,
      25,
      53,
      133,
      359,
      393,
      17
    ]
  },
  "0.10799999999999998": {
    "val": [
      -1,
      0,
      1,
      2,
      3,
      4,
      5,
      6,
      7,
      8
    ],
    "counts": [
      1,
      19,
      19,
      15,
      35,
      58,
      146,
      297,
      356,
      54
    ]
  },
  "0.14066666666666666": {
    "val": [
      -1,
      0,
      1,
      2,
      3,
      4,
      5,
      6,
      7,
      8,
      9,
      10,
      11,
      12,
      13
    ],
    "counts": [
      1,
      19,
      12,
      8,
      10,
      14,
      20,
      28,
      32,
      52,
      84,
      138,
      273,
      270,
      39
    ]
  },
  "0.17333333333333334": {
    "val": [
      -1,
      0,
      1,
      2,
      3,
      4,
      5,
      6,
      7,
      8,
      9,
      10,
      11,
      12,
      13,
      14,
      15,
      16,
      17,
      18,
      19
    ],
    "counts": [
      1,
      19,
      10,
      8,
      5,
      9,
      8,
      10,
      12,
      18,
      20,
      19,
      23,
      33,
      52,
      68,
      109,
      181,
      234,
      140,
      21
    ]
  },
  "0.206": {
    "val": [
      -1,
      0,
      1,
      2,
      3,
      4,
      5,
      6,
      7,
      8,
      9,
      10,
      11,
      12,
      13,
      14,
      15,
      16,
      17,
      18,
      19,
      20,
      21,
      22,
      23,
      24,
      25,
      26,
      27,
      28,
      29,
      30
    ],
    "counts": [
      1,
      19,
      9,
      7,
      4,
      5,
      5,
      6,
      7,
      7,
      7,
      6,
      9,
      10,
      7,
      15,
      14,
      14,
      17,
      16,
      15,
      18,
      22,
      30,
      38,
      56,
      68,
      104,
      146,
      206,
      97,
      15
    ]
  },
  "0.23866666666666664": {
    "val": [
      -1,
      0,
      1,
      2,
      3,
      4,
      5,
      6,
      7,
      8,
      9,
      10,
      11,
      12,
      13,
      14,
      15,
      16,
      17,
      18,
      19,
      20,
      21,
      22,
      23,
      24,
      25,
      26,
      27,
      28,
      29,
      30,
      31,
      32,
      33,
      34,
      35,
      36,
      37,
      38,
      39,
      40,
      41,
      42,
      43
    ],
    "counts": [
      1,
      19,
      9,
      5,
      4,
      2,
      3,
      5,
      5,
      5,
      8,
      4,
      6,
      5,
      7,
      5,
      6,
      6,
      8,
      7,
      7,
      6,
      11,
      14,
      14,
      12,
      12,
      15,
      8,
      13,
      15,
      12,
      15,
      14,
      20,
      26,
      33,
      48,
      72,
      75,
      111,
      140,
      132,
      54,
      1
    ]
  },
  "0.2713333333333333": {
    "val": [
      -1,
      0,
      1,
      2,
      3,
      4,
      5,
      6,
      7,
      8,
      9,
      10,
      11,
      12,
      13,
      14,
      15,
      16,
      17,
      18,
      19,
      20,
      22,
      23,
      24,
      25,
      26,
      27,
      28,
      29,
      30,
      31,
      32,
      33,
      34,
      35,
      36,
      37,
      38,
      39,
      40,
      41,
      42,
      43,
      44,
      45,
      46,
      47,
      48,
      49,
      50,
      51,
      52,
      53,
      54,
      55,
      56,
      57,
      58,
      59,
      60,
      61,
      62,
      63,
      64,
      65,
      66,
      67,
      68,
      69,
      70,
      71,
      72,
      73,
      74,
      75,
      76,
      77,
      78,
      79,
      80,
      81
    ],
    "counts": [
      1,
      19,
      9,
      4,
      5,
      1,
      2,
      2,
      3,
      3,
      2,
      3,
      2,
      1,
      2,
      2,
      2,
      3,
      2,
      2,
      1,
      5,
      3,
      3,
      3,
      2,
      2,
      3,
      2,
      3,
      3,
      1,
      4,
      2,
      3,
      2,
      4,
      3,
      3,
      6,
      5,
      6,
      4,
      5,
      7,
      5,
      5,
      3,
      6,
      5,
      8,
      6,
      6,
      8,
      8,
      12,
      12,
      10,
      14,
      12,
      11,
      11,
      12,
      12,
      13,
      16,
      13,
      15,
      12,
      19,
      30,
      25,
      35,
      34,
      52,
      63,
      75,
      74,
      70,
      69,
      56,
      8
    ]
  },
  "0.304": {
    "val": [
      -2147483648,
      -1,
      0,
      1,
      2,
      3,
      4,
      5,
      6,
      7,
      8,
      9,
      10,
      11,
      12,
      13,
      14,
      15,
      16,
      17,
      18,
      19,
      20,
      21,
      22,
      23,
      24
    ],
    "counts": [
      930,
      1,
      19,
      7,
      3,
      4,
      4,
      1,
      1,
      2,
      1,
      3,
      1,
      2,
      2,
      1,
      3,
      1,
      1,
      1,
      1,
      2,
      1,
      3,
      2,
      2,
      1
    ]
  },
  "0.33666666666666667": {
    "val": [
      -2147483648,
      -1,
      0,
      1,
      2,
      3,
      4,
      5,
      6,
      7,
      8,
      9,
      10,
      12,
      13,
      14,
      15,
      16,
      17,
      18,
      19,
      20,
      21,
      22,
      23,
      25,
      27,
      28,
      29,
      30,
      31,
      32,
      33,
      34,
      35,
      36
    ],
    "counts": [
      930,
      1,
      19,
      4,
      4,
      2,
      3,
      2,
      2,
      2,
      1,
      1,
      1,
      1,
      2,
      1,
      1,
      2,
      1,
      1,
      1,
      1,
      2,
      1,
      1,
      1,
      1,
      1,
      1,
      1,
      1,
      2,
      2,
      1,
      1,
      1
    ]
  },
  "0.3693333333333333": {
    "val": [
      -2147483648,
      -1,
      0,
      1,
      2,
      3,
      4,
      5,
      6,
      7,
      8
    ],
    "counts": [
      963,
      1,
      19,
      3,
      4,
      2,
      2,
      3,
      1,
      1,
      1
    ]
  },
  "0.40199999999999997": {
    "val": [
      -2147483648,
      -1,
      0,
      1,
      2,
      3,
      4,
      6,
      7,
      8,
      9
    ],
    "counts": [
      967,
      1,
      19,
      2,
      2,
      2,
      3,
      1,
      1,
      1,
      1
    ]
  },
  "0.43466666666666665": {
    "val": [
      -2147483648,
      -1,
      0,
      1,
      3,
      5,
      6
    ],
    "counts": [
      974,
      1,
      19,
      2,
      2,
      1,
      1
    ]
  },
  "0.46733333333333327": {
    "val": [
      -2147483648,
      -1,
      0,
      1,
      3
    ],
    "counts": [
      977,
      1,
      19,
      2,
      1
    ]
  },
  "0.5": {
    "val": [
      -2147483648,
      -1,
      0,
      1,
      2
    ],
    "counts": [
      978,
      1,
      19,
      1,
      1
    ]
  }
}