{
  "0.01": {
    "val": [
      -1,
      0,
      1,
      2,
      3,
      4
    ],
    "counts": [
      1,
      18,
      87,
      422,
      460,
      12
    ]
  },
  "0.042666666666666665": {
    "val": [
      -1,
      0,
      1,
      2,
      3,
      4,
      5
    ],
    "counts": [
      1,
      18,
      87,
      218,
      475,
      196,
      5
    ]
  },
  "0.07533333333333332": {
    "val": [
      -1,
      0,
      1,
      2,
      3,
      4,
      5,
      6,
      7,
      8,
      9
    ],
    "counts": [
      1,
      18,
      19,
      33,
      34,
      68,
      144,
      267,
      293,
      119,
      4
    ]
  },
  "0.10799999999999998": {
    "val": [
      -1,
      0,
      1,
      2,
      3,
      4,
      5,
      6,
      7,
      8,
      9,
      10,
      11
    ],
    "counts": [
      1,
      18,
      18,
      18,
      28,
      27,
      36,
      72,
      116,
      153,
      215,
      216,
      82
    ]
  },
  "0.14066666666666666": {
    "val": [
      -1,
      0,
      1,
      2,
      3,
      4,
      5,
      6,
      7,
      8,
      9,
      10,
      11,
      12,
      13,
      14,
      15,
      16,
      17,
      18,
      19,
      20,
      21
    ],
    "counts": [
      1,
      18,
      12,
      11,
      10,
      9,
      8,
      11,
      14,
      23,
      21,
      21,
      28,
      37,
      40,
      59,
      61,
      101,
      139,
      166,
      129,
      70,
      11
    ]
  },
  "0.17333333333333334": {
    "val": [
      -1,
      0,
      1,
      2,
      3,
      4,
      5,
      6,
      7,
      8,
      9,
      10,
      11,
      12,
      13,
      14,
      15,
      16,
      17,
      18,
      19,
      20,
      21,
      22,
      23,
      24,
      25,
      26,
      27,
      28,
      29,
      30,
      31,
      32,
      33,
      34,
      35,
      36,
      37,
      38,
      39,
      40,
      41,
      42,
      43
    ],
    "counts": [
      1,
      18,
      11,
      9,
      10,
      8,
      9,
      10,
      10,
      7,
      9,
      8,
      11,
      8,
      10,
      9,
      9,
      7,
      9,
      8,
      10,
      9,
      9,
      9,
      11,
      10,
      10,
      14,
      19,
      19,
      22,
      23,
      25,
      40,
      45,
      41,
      46,
      53,
      59,
      80,
      76,
      63,
      61,
      50,
      15
    ]
  },
  "0.206": {
    "val": [
      -1,
      0,
      1,
      2,
      3,
      4,
      5,
      6,
      7,
      8,
      9,
      10,
      11,
      12,
      13,
      14,
      15,
      16,
      17,
      18,
      19,
      20,
      21,
      22,
      23,
      24,
      25,
      26,
      27,
      28,
      29,
      30,
      31,
      32,
      33,
      34,
      35,
      36,
      37,
      38,
      39,
      40,
      41,
      42,
      43,
      44,
      45,
      46,
      47,
      48,
      49,
      50,
      51,
      52,
      53,
      54,
      55,
      56,
      57,
      58,
      59,
      60,
      61,
      62,
      63,
      64,
      65,
      66,
      67,
      68,
      69,
      70,
      71,
      72,
      73,
      74,
      75,
      76,
      77,
      78,
      79
    ],
    "counts": [
      1,
      18,
      10,
      7,
      9,
      7,
      8,
      6,
      6,
      9,
      5,
      7,
      8,
      7,
      8,
      8,
      8,
      7,
      10,
      8,
      6,
      9,
      8,
      10,
      7,
      9,
      8,
      8,
      8,
      7,
      7,
      9,
      8,
      8,
      9,
      8,
      8,
      9,
      9,
      9,
      7,
      9,
      12,
      8,
      9,
      10,
      10,
      11,
      11,
      8,
      9,
      10,
      9,
      7,
      10,
      9,
      10,
      7,
      10,
      19,
      17,
      18,
      19,
      17,
      22,
      22,
      25,
      45,
      47,
      43,
      45,
      37,
      30,
      16,
      14,
      14,
      10,
      10,
      11,
      11,
      11
    ]
  },
  "0.23866666666666664": {
    "val": [
      -1,
      0,
      1,
      2,
      3,
      4,
      5,
      6,
      7,
      8,
      9,
      10,
      11,
      12,
      13,
      14,
      15,
      16,
      17,
      18,
      19,
      20,
      21,
      22,
      23,
      24,
      25,
      26,
      27,
      28,
      29,
      30,
      31,
      32,
      33,
      34,
      35,
      36,
      37,
      38,
      39,
      40,
      41,
      42,
      43,
      44,
      45,
      46,
      47,
      48,
      49,
      50,
      51,
      52,
      53,
      54,
      55,
      56,
      57,
      58,
      59,
      60,
      61,
      62,
      63,
      64,
      65,
      66,
      67,
      68,
      69,
      70,
      71,
      72,
      73,
      74,
      75,
      76,
      77,
      78,
      79,
      80,
      81,
      82,
      83,
      84,
      85,
      86,
      87,
      88,
      89,
      90,
      91,
      92,
      93,
      94,
      95,
      96,
      97,
      98,
      99,
      100,
      101,
      102,
      103,
      104,
      105,
      106,
      107,
      108,
      109,
      110,
      111,
      112,
      113
    ],
    "counts": [
      1,
      18,
      10,
      6,
      7,
      7,
      6,
      7,
      5,
      7,
      6,
      6,
      7,
      7,
      6,
      6,
      7,
      6,
      8,
      5,
      6,
      7,
      6,
      7,
      7,
      7,
      8,
      5,
      8,
      7,
      7,
      7,
      9,
      7,
      4,
      8,
      6,
      7,
      7,
      9,
      8,
      7,
      7,
      7,
      7,
      7,
      6,
      8,
      8,
      7,
      6,
      7,
      6,
      9,
      7,
      7,
      9,
      7,
      8,
      6,
      7,
      7,
      8,
      8,
      7,
      10,
      6,
      6,
      6,
      9,
      9,
      9,
      9,
      8,
      8,
      7,
      9,
      9,
      7,
      9,
      7,
      8,
      10,
      7,
      11,
      12,
      16,
      20,
      9,
      9,
      8,
      8,
      9,
      9,
      9,
      9,
      9,
      9,
      11,
      8,
      9,
      9,
      15,
      19,
      29,
      18,
      10,
      13,
      12,
      18,
      18,
      19,
      19,
      9,
      6
    ]
  },
  "0.2713333333333333": {
    "val": [
      -1,
      0,
      1,
      2,
      3,
      4,
      5,
      6,
      7,
      8,
      9,
      10,
      11,
      12,
      13,
      14,
      15,
      16,
      17,
      18,
      19,
      20,
      21,
      22,
      23,
      24,
      25,
      26,
      27,
      28,
      29,
      30,
      31,
      32,
      33,
      34,
      35,
      36,
      37,
      38,
      39,
      40,
      41,
      42,
      43,
      44,
      45,
      46,
      47,
      48,
      49,
      50,
      51,
      52,
      53,
      54,
      55,
      56,
      57,
      58,
      59,
      60,
      61,
      62,
      63,
      64,
      65,
      66,
      67,
      68,
      69,
      70,
      71,
      72,
      73,
      74,
      75,
      76,
      77,
      78,
      79,
      80,
      81,
      82,
      83,
      84,
      85,
      86,
      87,
      88,
      89,
      90,
      91,
      92,
      93,
      94,
      95,
      96,
      97,
      98,
      99,
      100,
      101,
      102,
      103,
      104,
      105,
      106,
      107,
      108,
      109,
      110,
      111,
      112,
      113,
      114,
      115,
      116,
      117,
      118,
      119,
      120,
      121,
      122,
      123,
      124,
      125,
      126,
      127,
      128,
      129,
      130,
      131,
      132,
      133,
      134,
      135,
      136,
      137,
      138,
      139,
      140,
      141,
      142,
      143
    ],