{
  "0.01": {
    "val": [
      -1,
      0,
      1,
      2,
      3
    ],
    "counts": [
      1,
      19,
      134,
      629,
      217
    ]
  },
  "0.042666666666666665": {
    "val": [
      -1,
      0,
      1,
      2,
      3,
      4
    ],
    "counts": [
      1,
      19,
      134,
      234,
      472,
      140
    ]
  },
  "0.07533333333333332": {
    "val": [
      -1,
      0,
      1,
      2,
      3,
      4,
      5,
      6,
      7,
      8
    ],
    "counts": [
      1,
      19,
      25,
      36,
      57,
      112,
      206,
      336,
      207,
      1
    ]
  },
  "0.10799999999999998": {
    "val": [
      -1,
      0,
      1,
      2,
      3,
      4,
      5,
      6,
      7,
      8,
      9,
      10,
      11,
      12,
      13
    ],
    "counts": [
      1,
      19,
      19,
      7,
      14,
      17,
      23,
      42,
      61,
      93,
      157,
      245,
      236,
      65,
      1
    ]
  },
  "0.14066666666666666": {
    "val": [
      -1,
      0,
      1,
      2,
      3,
      4,
      5,
      6,
      7,
      8,
      9,
      10,
      11,
      12,
      13,
      14,
      15,
      16,
      17,
      18,
      19,
      20,
      21
    ],
    "counts": [
      1,
      19,
      12,
      4,
      5,
      5,
      8,
      10,
      13,
      17,
      14,
      17,
      25,
      23,
      43,
      50,
      71,
      99,
      161,
      212,
      150,
      39,
      2
    ]
  },
  "0.17333333333333334": {
    "val": [
      -1,
      0,
      1,
      2,
      3,
      4,
      5,
      6,
      7,
      8,
      9,
      10,
      11,
      12,
      13,
      14,
      15,
      16,
      17,
      18,
      19,
      20,
      21,
      22,
      23,
      24,
      25,
      26,
      27,
      28,
      29,
      30,
      31
    ],
    "counts": [
      1,
      19,
      10,
      4,
      4,
      2,
      4,
      5,
      6,
      5,
      4,
      8,
      7,
      6,
      16,
      8,
      13,
      11,
      14,
      10,
      20,
      21,
      30,
      41,
      43,
      46,
      85,
      108,
      135,
      153,
      123,
      32,
      6
    ]
  },
  "0.206": {
    "val": [
      -1,
      0,
      1,
      2,
      3,
      4,
      5,
      6,
      7,
      8,
      9,
      10,
      11,
      12,
      13,
      14,
      15,
      16,
      17,
      18,
      19,
      20,
      21,
      22,
      23,
      24,
      25,
      26,
      27,
      28,
      29,
      30,
      31,
      32,
      33,
      34,
      35,
      36,
      37,
      38,
      39,
      40,
      41,
      42,
      43,
      44,
      45,
      46,
      47
    ],
    "counts": [
      1,
      19,
      9,
      4,
      3,
      3,
      2,
      4,
      4,
      2,
      5,
      6,
      1,
      7,
      3,
      4,
      5,
      4,
      7,
      8,
      6,
      5,
      12,
      9,
      7,
      10,
      7,
      9,
      8,
      10,
      12,
      8,
      11,
      12,
      14,
      16,
      22,
      26,
      29,
      33,
      42,
      48,
      66,
      86,
      118,
      138,
      92,
      36,
      7
    ]
  },
  "0.23866666666666664": {
    "val": [
      -1,
      0,
      1,
      2,
      3,
      4,
      5,
      6,
      7,
      8,
      9,
      10,
      11,
      12,
      13,
      14,
      15,
      16,
      17,
      18,
      19,
      20,
      21,
      22,
      23,
      24,
      25,
      26,
      27,
      28,
      29,
      30,
      31,
      32,
      33,
      34,
      35,
      36,
      37,
      38,
      39,
      40,
      41,
      42,
      43,
      44,
      45,
      46,
      47,
      48,
      49,
      50,
      51,
      52,
      53,
      54,
      55,
      56,
      57,
      58,
      59,
      60,
      61,
      62,
      63,
      64,
      65,
      66,
      67,
      68,
      69,
      70
    ],
    "counts": [
      1,
      19,
      9,
      2,
      3,
      4,
      1,
      1,
      1,
      3,
      4,
      2,
      3,
      3,
      2,
      6,
      2,
      2,
      3,
      4,
      3,
      3,
      4,
      4,
      3,
      4,
      4,
      4,
      4,
      5,
      4,
      5,
      3,
      5,
      3,
      5,
      10,
      6,
      9,
      8,
      10,
      5,
      6,
      9,
      8,
      6,
      8,
      8,
      9,
      6,
      10,
      6,
      12,
      4,
      9,
      9,
      13,
      10,
      22,
      19,
      26,
      32,
      37,
      35,
      40,
      49,
      77,
      87,
      84,
      80,
      74,
      19
    ]
  },
  "0.2713333333333333": {
    "val": [
      -1,
      0,
      1,
      3,
      4,
      5,
      6,
      7,
      8,
      9,
      10,
      11,
      13,
      14,
      15,
      16,
      17,
      18,
      19,
      21,
      22,
      23,
      24,
      26,
      27,
      28,
      29,
      30,
      31,
      34,
      35,
      38,
      39,
      40,
      42,
      43,
      44,
      45,
      46,
      48,
      49,
      50,
      51,
      52,
      53,
      55,
      56,
      58,
      59,
      60,
      61,
      62,
      63,
      65,
      66,
      67,
      68,
      69,
      70,
      71,
      72,
      73,
      74,
      75,
      76,
      77,
      78,
      79,
      80,
      81,
      82,
      83,
      84,
      85,
      86,
      87,
      88,
      89,
      90,
      91,
      92,
      93,
      94,
      95,
      96,
      97,
      98,
      99,
      100,
      101,
      102,
      103,
      104,
      105,
      106,
      107,
      108,
      109,
      110,
      111,
      112,
      113,
      114,
      115,
      116,
      117,
      118,
      119,
      120,
      121,
      122,
      123,
      124,
      125,
      126,
      127,
      128,
      129,
      130,
      131,
      132,
      133,
      134,
      135,
      136,
      137,
      138,
      139
    ],
    "counts": [
      1,
      19,
      9,
      4,
      1,
      4,
      1,
      1,
      1,
      1,
      1,
      3,
      1,
      2,
      1,
      1,
      1,
      2,
      2,
      1,
      1,
      1,
      2,
      2,
      2,
      1,
      2,
      1,
      1,
      3,
      3,
      2,
      2,
      2,
      2,
      2,
      1,
      1,
      2,
      3,
      1,
      3,
      1,
      2,
      1,
      3,
      1,
      2,
      2,
      1,
      1,
      2,
      3,
      2,
      3,
      1,
      3,
      2,
      4,
      2,
      2,
      5,
      2,
      2,
      4,
      3,
      4,
      4,
      2,
      3,
      2,
      2,
      2,
      7,
      2,
      2,
      5,
      3,
      4,
      3,
      5,
      7,
      5,
      8,
      4,
      9,
      5,
      7,
      10,
      6,
      4,
      8,
      7,
      5,
      6,
      8,
      8,
      7,
      7,
      10,
      8,
      9,
      6,
      10,
      8,
      8,
      8,
      12,
      13,
      18,
      14,
      21,
      18,
      18,
      27,
      21,
      25,
      36,
      42,
      50,
      50,
      41,
      45,
      47,
      42,
      29,
      30,
      12
    ]
  },
  "0.304": {
    "val": [
      -2147483648,
      -1,
      0,
      1,
      2,
      3,
      4,
      5,
      6,
      7,
      8,
      9,
      10,
      11,
      13,
      14,
      15,
      16,
      17,
      18,
      19,
      20,
      21,
      22,
      23,
      24,
      26,
      28,
      29,
      30,
      31,
      33,
      34,
      35,
      36,
      37,
      39,
      40
    ],
    "counts": [
      930,
      1,
      19,
      7,
      2,
      1,
      3,
      1,
      3,
      1,
      1,
      1,
      1,
      1,
      1,
      2,
      1,
      1,
      1,
      1,
      1,
      1,
      1,
      1,
      2,
      1,
      1,
      1,
      1,
      1,
      1,
      1,
      1,
      2,
      1,
      2,
      1,
      1
    ]
  },