{
  "0.01": {
    "val": [
      -1,
      0,
      1,
      2,
      3,
      4,
      5,
      6,
      7,
      8
    ],
    "counts": [
      1,
      10,
      45,
      36,
      130,
      184,
      349,
      208,
      36,
      1
    ]
  },
  "0.042666666666666665": {
    "val": [
      -1,
      0,
      1,
      3,
      4,
      5,
      6,
      7,
      8,
      9,
      10,
      11,
      12,
      13,
      14,
      15,
      16,
      17,
      18
    ],
    "counts": [
      1,
      10,
      45,
      11,
      19,
      12,
      15,
      46,
      51,
      49,
      69,
      92,
      127,
      137,
      145,
      98,
      47,
      22,
      4
    ]
  },
  "0.07533333333333332": {
    "val": [
      -1,
      0,
      1,
      3,
      4,
      5,
      6,
      7,
      8,
      9,
      10,
      11,
      12,
      13,
      14,
      15,
      16,
      17,
      18,
      19,
      20,
      21,
      22,
      23,
      24,
      25,
      26,
      27,
      28,
      29,
      30
    ],
    "counts": [
      1,
      10,
      45,
      1,
      5,
      8,
      13,
      7,
      6,
      7,
      8,
      19,
      35,
      24,
      31,
      18,
      39,
      40,
      51,
      63,
      74,
      68,
      90,
      90,
      82,
      60,
      48,
      28,
      20,
      6,
      3
    ]
  },
  "0.10799999999999998": {
    "val": [
      -1,
      0,
      1,
      2,
      3,
      5,
      6,
      7,
      8,
      9,
      10,
      11,
      12,
      13,
      14,
      15,
      16,
      17,
      18,
      19,
      20,
      21,
      22,
      23,
      24,
      25,
      26,
      27,
      28,
      29,
      30,
      31,
      32,
      33,
      34,
      35,
      36,
      37,
      38,
      39,
      40,
      41,
      42,
      43,
      44,
      45
    ],
    "counts": [
      1,
      10,
      41,
      2,
      2,
      5,
      2,
      10,
      6,
      7,
      3,
      6,
      5,
      4,
      3,
      11,
      15,
      11,
      25,
      14,
      18,
      12,
      14,
      25,
      20,
      25,
      28,
      41,
      39,
      53,
      44,
      42,
      53,
      62,
      56,
      52,
      62,
      54,
      34,
      35,
      18,
      17,
      4,
      6,
      1,
      2
    ]
  },
  "0.14066666666666666": {
    "val": [
      -1,
      0,
      1,
      2,
      3,
      4,
      5,
      6,
      7,
      8,
      9,
      10,
      11,
      12,
      13,
      14,
      15,
      16,
      17,
      18,
      19,
      20,
      21,
      22,
      23,
      24,
      25,
      26,
      27,
      28,
      29,
      30,
      31,
      32,
      33,
      34,
      35,
      36,
      37,
      38,
      39,
      40,
      41,
      42,
      43,
      44,
      45,
      46,
      47,
      48,
      49,
      50,
      51,
      52,
      53,
      54,
      55,
      56,
      57,
      58,
      59,
      60,
      61,
      62,
      63,
      64,
      65,
      66,
      67,
      68,
      69,
      70
    ],
    "counts": [
      1,
      10,
      20,
      2,
      4,
      7,
      2,
      2,
      3,
      3,
      7,
      3,
      4,
      6,
      3,
      3,
      3,
      4,
      2,
      2,
      4,
      4,
      4,
      6,
      5,
      4,
      8,
      8,
      7,
      5,
      6,
      3,
      13,
      8,
      5,
      13,
      5,
      10,
      11,
      18,
      16,
      12,
      21,
      16,
      19,
      21,
      22,
      28,
      28,
      35,
      33,
      33,
      29,
      39,
      38,
      33,
      40,
      33,
      46,
      46,
      26,
      48,
      24,
      18,
      12,
      16,
      13,
      7,
      6,
      2,
      1,
      1
    ]
  },
  "0.17333333333333334": {
    "val": [
      -1,
      0,
      1,
      5,
      7,
      9,
      11,
      12,
      14,
      16,
      17,
      19,
      20,
      21,
      22,
      23,
      24,
      26,
      27,
      28,
      32,
      33,
      34,
      35,
      37,
      38,
      39,
      40,
      41,
      42,
      43,
      44,
      46,
      47,
      48,
      49,
      50,
      51,
      52,
      53,
      54,
      55,
      56,
      57,
      58,
      59,
      61,
      62,
      63,
      64,
      65,
      66,
      67,
      68,
      69,
      70,
      71,
      72,
      73,
      74,
      75,
      76,
      77,
      78,
      79,
      80,
      81,
      82,
      83,
      84,
      85,
      86,
      87,
      88,
      89,
      90,
      91,
      92,
      93,
      94,
      95,
      96,
      97,
      98,
      99,
      100,
      101,
      102,
      103,
      104,
      105,
      106,
      107,
      108,
      109,
      110,
      111,
      112,
      113,
      114,
      115,
      116,
      117,
      118,
      119,
      120,
      121,
      122,
      123,
      124,
      125,
      126,
      127,
      128,
      129,
      130,
      131,
      132,
      133,
      134,
      135,
      136,
      137,
      138,
      139,
      140,
      141,
      142
    ],
    "counts": [
      1,
      10,
      7,
      2,
      1,
      2,
      1,
      1,
      2,
      4,
      2,
      1,
      1,
      1,
      2,
      2,
      1,
      1,
      1,
      1,
      1,
      1,
      1,
      1,
      2,
      1,
      3,
      1,
      1,
      1,
      2,
      1,
      2,
      6,
      1,
      3,
      2,
      1,
      1,
      2,
      1,
      1,
      1,
      2,
      3,
      4,
      3,
      2,
      3,
      2,
      3,
      2,
      2,
      1,
      3,
      5,
      1,
      1,
      1,
      3,
      1,
      2,
      1,
      5,
      2,
      3,
      3,
      4,
      3,
      5,
      2,
      4,
      1,
      5,
      6,
      5,
      4,
      6,
      5,
      5,
      4,
      6,
      5,
      10,
      13,
      6,
      9,
      13,
      8,
      6,
      7,
      14,
      18,
      13,
      9,
      18,
      15,
      17,
      21,
      18,
      25,
      16,
      18,
      24,
      19,
      19,
      24,
      16,
      31,
      29,
      33,
      29,
      36,
      29,
      26,
      33,
      26,
      22,
      31,
      25,
      26,
      18,
      6,
      3,
      2,
      6,
      2,
      2
    ]
  },
  "0.206": {
    "val": [
      -2147483648,
      -1,
      0,
      1,
      7
    ],
    "counts": [
      981,
      1,
      10,
      7,
      1
    ]
  },
  "0.23866666666666664": {
    "val": [
      -2147483648,
      -1,
      0,
      1,
      4
    ],
    "counts": [
      982,
      1,
      10,
      6,
      1
    ]
  },
  "0.2713333333333333": {
    "val": [
      -2147483648,
      -1,
      0,
      1,
      3
    ],
    "counts": [
      984,
      1,
      10,
      4,
      1
    ]
  },
  "0.304": {
    "val": [
      -2147483648,
      -1,
      0,
      1,
      5
    ],
    "counts": [
      984,
      1,
      10,
      4,
      1
    ]
  },
  "0.33666666666666667": {
    "val": [
      -2147483648,
      -1,
      0,
      1
    ],
    "counts": [
      986,
      1,
      10,
      3
    ]
  },
  "0.3693333333333333": {
    "val": [
      -2147483648,
      -1,
      0,
      1
    ],
    "counts": [
      986,
      1,
      10,
      3
    ]
  },
  "0.40199999999999997": {
    "val": [
      -2147483648,
      -1,
      0,
      1,
      5
    ],
    "counts": [
      986,
      1,
      10,
      2,
      1
    ]
  },
  "0.43466666666666665": {
    "val": [
      -2147483648,
      -1,
      0,
      1
    ],
    "counts": [
      987,
      1,
      10,
      2
    ]
  },
  "0.46733333333333327": {
    "val": [
      -2147483648,
      -1,
      0,
      1
    ],
    "counts": [
      987,
      1,
      10,
      2
    ]
  },
  "0.5": {
    "val": [
      -2147483648,
      -1,
      0,
      1
    ],