{
  "0.01": {
    "val": [
      -1,
      0,
      1,
      2,
      3,
      4,
      5,
      6,
      7,
      8,
      9
    ],
    "counts": [
      1,
      9,
      31,
      20,
      86,
      101,
      187,
      220,
      252,
      82,
      11
    ]
  },
  "0.042666666666666665": {
    "val": [
      -1,
      0,
      1,
      3,
      4,
      5,
      6,
      7,
      8,
      9,
      10,
      11,
      12,
      13,
      14,
      15,
      16,
      17,
      18,
      19,
      20,
      21,
      22,
      23
    ],
    "counts": [
      1,
      9,
      31,
      8,
      9,
      13,
      10,
      28,
      45,
      24,
      28,
      50,
      67,
      63,
      74,
      76,
      101,
      101,
      105,
      80,
      46,
      19,
      10,
      2
    ]
  },
  "0.07533333333333332": {
    "val": [
      -1,
      0,
      1,
      4,
      5,
      6,
      7,
      8,
      9,
      10,
      11,
      12,
      13,
      14,
      15,
      16,
      17,
      18,
      19,
      20,
      21,
      22,
      23,
      24,
      25,
      26,
      27,
      28,
      29,
      30,
      31,
      32,
      33,
      34,
      35,
      36,
      37,
      38,
      39
    ],
    "counts": [
      1,
      9,
      31,
      5,
      4,
      3,
      7,
      6,
      7,
      8,
      6,
      21,
      24,
      27,
      9,
      18,
      19,
      25,
      23,
      38,
      37,
      32,
      56,
      36,
      41,
      43,
      55,
      62,
      61,
      53,
      64,
      57,
      39,
      36,
      14,
      11,
      7,
      3,
      2
    ]
  },
  "0.10799999999999998": {
    "val": [
      -1,
      0,
      1,
      2,
      5,
      6,
      7,
      8,
      9,
      10,
      11,
      12,
      13,
      14,
      15,
      16,
      17,
      18,
      19,
      20,
      21,
      22,
      23,
      24,
      25,
      26,
      27,
      28,
      29,
      30,
      31,
      32,
      33,
      34,
      35,
      36,
      37,
      38,
      39,
      40,
      41,
      42,
      43,
      44,
      45,
      46,
      47,
      48,
      49,
      50,
      51,
      52,
      53,
      54,
      55,
      56,
      57,
      58
    ],
    "counts": [
      1,
      9,
      29,
      1,
      4,
      5,
      1,
      1,
      4,
      6,
      5,
      6,
      3,
      3,
      5,
      8,
      5,
      17,
      10,
      14,
      13,
      11,
      12,
      15,
      13,
      11,
      17,
      12,
      30,
      18,
      29,
      12,
      28,
      18,
      27,
      16,
      31,
      35,
      36,
      33,
      34,
      36,
      41,
      36,
      46,
      39,
      40,
      35,
      34,
      29,
      24,
      17,
      12,
      8,
      7,
      3,
      4,
      1
    ]
  },
  "0.14066666666666666": {
    "val": [
      -1,
      0,
      1,
      2,
      3,
      4,
      5,
      7,
      8,
      10,
      11,
      12,
      13,
      14,
      15,
      16,
      17,
      18,
      19,
      20,
      21,
      22,
      23,
      24,
      25,
      26,
      27,
      28,
      29,
      30,
      31,
      32,
      33,
      34,
      35,
      36,
      37,
      38,
      39,
      40,
      41,
      42,
      43,
      44,
      45,
      46,
      47,
      48,
      49,
      50,
      51,
      52,
      53,
      54,
      55,
      56,
      57,
      58,
      59,
      60,
      61,
      62,
      63,
      64,
      65,
      66,
      67,
      68,
      69,
      70,
      71,
      72,
      73,
      74,
      75,
      76,
      77,
      78,
      79,
      80,
      81,
      82,
      83,
      84,
      85,
      86,
      87,
      88,
      89,
      90,
      91,
      92,
      93,
      94,
      95,
      96,
      97,
      98,
      99,
      100,
      101,
      102,
      103,
      104,
      105,
      106,
      107,
      108,
      109,
      110,
      111,
      112,
      113
    ],
    "counts": [
      1,
      9,
      12,
      1,
      4,
      2,
      1,
      6,
      3,
      2,
      1,
      1,
      2,
      6,
      2,
      4,
      4,
      3,
      2,
      1,
      4,
      4,
      6,
      3,
      5,
      1,
      3,
      4,
      5,
      4,
      2,
      2,
      3,
      4,
      3,
      8,
      8,
      4,
      9,
      3,
      3,
      6,
      2,
      5,
      4,
      5,
      7,
      9,
      3,
      9,
      8,
      10,
      7,
      5,
      13,
      6,
      9,
      9,
      10,
      9,
      19,
      12,
      14,
      12,
      10,
      16,
      13,
      14,
      18,
      15,
      11,
      14,
      10,
      14,
      18,
      11,
      20,
      13,
      18,
      16,
      17,
      15,
      19,
      11,
      12,
      19,
      15,
      16,
      19,
      13,
      23,
      16,
      25,
      19,
      12,
      11,
      17,
      14,
      13,
      14,
      10,
      13,
      12,
      9,
      4,
      7,
      7,
      9,
      10,
      8,
      7,
      3,
      2
    ]
  },
  "0.17333333333333334": {
    "val": [
      -1,
      0,
      1,
      4,
      5,
      9,
      11,
      14,
      16,
      17,
      19,
      21,
      22,
      24,
      27,
      28,
      30,
      32,
      34,
      36,
      37,
      38,
      39,
      40,
      41,
      44,
      45,
      47,
      49,
      50,
      51,
      54,
      55,
      57,
      58,
      59,
      60,
      61,
      64,
      67,
      68,
      69,
      70,
      71,
      74,
      75,
      76,
      77,
      78,
      79,
      82,
      83,
      84,
      85,
      86,
      87,
      88,
      89,
      90,
      91,
      92,
      93,
      94,
      95,
      96,
      97,
      98,
      99,
      100,
      101,
      102,
      103,
      104,
      105,
      106,
      107,
      108,
      109,
      110,
      111,
      112,
      113,
      114,
      116,
      117,
      118,
      119,
      120,
      121,
      122,
      123,
      125,
      126,
      127,
      128,
      129,
      130,
      131,
      132,
      133,
      134,
      135,
      136,
      137,
      138,
      139,
      140,
      141,
      142,
      143,
      144,
      145,
      146,
      147,
      148,
      149,
      150,
      151,
      152,
      153,
      154,
      155,
      156,
      157,
      158,
      159,
      160,
      161,
      162,
      163,
      164,
      165,
      166,
      167,
      168,
      169,
      170,
      171,
      172,
      173,
      174,
      175,
      176,
      177,
      178,
      179,
      180,
      181,
      182,
      183,
      184,
      185,
      186,
      187,
      188,
      189,
      190,
      191,
      192,
      193,
      194,
      195,
      196,
      197,
      198,
      199,
      200,
      201,
      202,
      203,
      204,
      205,
      206,
      207,
      208,
      209,
      210,
      211,
      212,
      213,
      214,
      215,
      216,
      217,
      218,
      219,
      220,
      221,
      222,
      223,
      224,
      225,
      226,
      227,
      228,
      229,
      230,
      231,
      232,
      233,
      234,
      235,
      236,
      237,
      238,
      240,
      242,
      244,
      245
    ],