{
  "0.01": {
    "val": [
      -1,
      0,
      1,
      2,
      3,
      4,
      5,
      6,
      7
    ],
    "counts": [
      1,
      10,
      38,
      24,
      139,
      181,
      325,
      245,
      37
    ]
  },
  "0.042666666666666665": {
    "val": [
      -1,
      0,
      1,
      3,
      4,
      5,
      6,
      7,
      8,
      9,
      10,
      11,
      12,
      13,
      14,
      15,
      16,
      17,
      18,
      19
    ],
    "counts": [
      1,
      10,
      38,
      10,
      10,
      12,
      23,
      47,
      61,
      44,
      73,
      88,
      107,
      145,
      129,
      109,
      64,
      19,
      9,
      1
    ]
  },
  "0.07533333333333332": {
    "val": [
      -1,
      0,
      1,
      4,
      5,
      6,
      7,
      8,
      9,
      10,
      11,
      12,
      13,
      14,
      15,
      16,
      17,
      18,
      19,
      20,
      21,
      22,
      23,
      24,
      25,
      26,
      27,
      28,
      29,
      30,
      31
    ],
    "counts": [
      1,
      10,
      38,
      4,
      7,
      4,
      7,
      5,
      7,
      18,
      19,
      34,
      24,
      45,
      21,
      26,
      48,
      55,
      51,
      53,
      78,
      86,
      89,
      76,
      72,
      53,
      32,
      20,
      7,
      9,
      1
    ]
  },
  "0.10799999999999998": {
    "val": [
      -1,
      0,
      1,
      2,
      5,
      6,
      7,
      8,
      9,
      10,
      11,
      12,
      13,
      14,
      15,
      16,
      17,
      18,
      19,
      20,
      21,
      22,
      23,
      24,
      25,
      26,
      27,
      28,
      29,
      30,
      31,
      32,
      33,
      34,
      35,
      36,
      37,
      38,
      39,
      40,
      41,
      42,
      43,
      44,
      45,
      46
    ],
    "counts": [
      1,
      10,
      33,
      1,
      4,
      5,
      5,
      2,
      2,
      5,
      4,
      4,
      6,
      7,
      14,
      6,
      13,
      16,
      17,
      20,
      10,
      14,
      26,
      16,
      28,
      23,
      20,
      34,
      37,
      31,
      43,
      51,
      56,
      67,
      60,
      64,
      65,
      47,
      32,
      26,
      27,
      20,
      11,
      7,
      7,
      3
    ]
  },
  "0.14066666666666666": {
    "val": [
      -1,
      0,
      1,
      3,
      4,
      5,
      6,
      7,
      8,
      9,
      10,
      11,
      12,
      13,
      14,
      16,
      17,
      18,
      19,
      20,
      21,
      22,
      23,
      24,
      25,
      26,
      27,
      28,
      29,
      30,
      31,
      32,
      33,
      34,
      35,
      36,
      37,
      38,
      39,
      40,
      41,
      42,
      43,
      44,
      45,
      46,
      47,
      48,
      49,
      50,
      51,
      52,
      53,
      54,
      55,
      56,
      57,
      58,
      59,
      60,
      61,
      62,
      63,
      64,
      65,
      66,
      67,
      68,
      69,
      70,
      71,
      72,
      73,
      74,
      75
    ],
    "counts": [
      1,
      10,
      22,
      1,
      1,
      2,
      1,
      2,
      3,
      3,
      3,
      6,
      1,
      2,
      1,
      3,
      2,
      4,
      1,
      6,
      5,
      10,
      1,
      3,
      1,
      3,
      2,
      4,
      4,
      6,
      7,
      5,
      5,
      9,
      9,
      3,
      7,
      11,
      10,
      13,
      13,
      12,
      15,
      10,
      14,
      7,
      15,
      20,
      15,
      19,
      31,
      23,
      29,
      36,
      43,
      37,
      44,
      43,
      35,
      45,
      33,
      31,
      36,
      42,
      29,
      24,
      29,
      15,
      18,
      12,
      17,
      6,
      7,
      1,
      1
    ]
  },
  "0.17333333333333334": {
    "val": [
      -1,
      0,
      1,
      2,
      3,
      4,
      9,
      10,
      11,
      12,
      14,
      16,
      18,
      19,
      21,
      22,
      23,
      25,
      26,
      28,
      31,
      32,
      33,
      36,
      37,
      38,
      40,
      41,
      42,
      44,
      45,
      47,
      48,
      49,
      51,
      52,
      53,
      54,
      55,
      56,
      57,
      58,
      59,
      62,
      65,
      67,
      68,
      69,
      70,
      71,
      72,
      73,
      74,
      75,
      76,
      77,
      79,
      80,
      81,
      82,
      83,
      84,
      85,
      86,
      87,
      88,
      89,
      90,
      91,
      93,
      94,
      95,
      96,
      97,
      98,
      99,
      100,
      101,
      102,
      103,
      104,
      105,
      106,
      107,
      108,
      109,
      110,
      111,
      112,
      113,
      114,
      115,
      116,
      117,
      118,
      119,
      120,
      121,
      122,
      123,
      124,
      125,
      126,
      127,
      128,
      129,
      130,
      131,
      132,
      133,
      134,
      135,
      136,
      137,
      138,
      139,
      140,
      141,
      142,
      143,
      144,
      145,
      146,
      147,
      148,
      149,
      150,
      151,
      152,
      153,
      154,
      155,
      156,
      157,
      158,
      159,
      160,
      161,
      162,
      163,
      164
    ],
    "counts": [
      1,
      10,
      7,
      1,
      1,
      1,
      1,
      1,
      1,
      1,
      1,
      1,
      1,
      1,
      1,
      2,
      1,
      1,
      3,
      1,
      2,
      1,
      2,
      3,
      2,
      1,
      2,
      1,
      1,
      2,
      1,
      1,
      1,
      1,
      1,
      1,
      1,
      3,
      3,
      1,
      2,
      4,
      2,
      2,
      1,
      2,
      2,
      2,
      5,
      1,
      5,
      2,
      1,
      1,
      2,
      2,
      4,
      3,
      2,
      1,
      1,
      3,
      1,
      1,
      2,
      3,
      1,
      2,
      4,
      1,
      4,
      3,
      5,
      3,
      3,
      5,
      5,
      2,
      3,
      4,
      3,
      9,
      5,
      6,
      6,
      4,
      9,
      5,
      11,
      6,
      13,
      10,
      8,
      8,
      8,
      19,
      10,
      8,
      18,
      23,
      10,
      18,
      16,
      21,
      15,
      15,
      11,
      22,
      24,
      22,
      19,
      21,
      28,
      22,
      18,
      15,
      30,
      35,
      26,
      29,
      26,
      25,
      24,
      25,
      29,
      22,
      18,
      9,
      8,
      7,
      8,
      5,
      1,
      4,
      2,
      3,
      1,
      2,
      2,
      1,
      1
    ]
  },