{
  "0.01": {
    "val": [
      -1,
      0,
      1,
      2
    ],
    "counts": [
      1,
      57,
      519,
      423
    ]
  },
  "0.042666666666666665": {
    "val": [
      -1,
      0,
      1,
      2,
      3
    ],
    "counts": [
      1,
      57,
      442,
      467,
      33
    ]
  },
  "0.07533333333333332": {
    "val": [
      -1,
      0,
      1,
      2,
      3,
      4
    ],
    "counts": [
      1,
      57,
      295,
      364,
      280,
      3
    ]
  },
  "0.10799999999999998": {
    "val": [
      -1,
      0,
      1,
      2,
      3,
      4,
      5
    ],
    "counts": [
      1,
      57,
      200,
      171,
      326,
      242,
      3
    ]
  },
  "0.14066666666666666": {
    "val": [
      -1,
      0,
      1,
      2,
      3,
      4,
      5,
      6
    ],
    "counts": [
      1,
      57,
      164,
      102,
      163,
      302,
      205,
      6
    ]
  },
  "0.17333333333333334": {
    "val": [
      -1,
      0,
      1,
      2,
      3,
      4,
      5,
      6,
      7
    ],
    "counts": [
      1,
      57,
      127,
      72,
      86,
      115,
      219,
      277,
      46
    ]
  },
  "0.206": {
    "val": [
      -1,
      0,
      1,
      2,
      3,
      4,
      5,
      6,
      7,
      8,
      9
    ],
    "counts": [
      1,
      57,
      101,
      58,
      49,
      68,
      70,
      125,
      202,
      231,
      38
    ]
  },
  "0.23866666666666664": {
    "val": [
      -1,
      0,
      1,
      2,
      3,
      4,
      5,
      6,
      7,
      8,
      9,
      10,
      11,
      12
    ],
    "counts": [
      1,
      57,
      78,
      48,
      39,
      38,
      41,
      48,
      67,
      71,
      132,
      227,
      147,
      6
    ]
  },
  "0.2713333333333333": {
    "val": [
      -1,
      0,
      1,
      2,
      3,
      4,
      5,
      6,
      7,
      8,
      9,
      10,
      11,
      12,
      13,
      14,
      15,
      16,
      17
    ],
    "counts": [
      1,
      57,
      59,
      36,
      33,
      34,
      23,
      23,
      21,
      26,
      34,
      34,
      38,
      48,
      65,
      118,
      200,
      142,
      8
    ]
  },
  "0.304": {
    "val": [
      -1,
      0,
      1,
      2,
      3,
      4,
      5,
      6,
      7,
      8,
      9,
      10,
      11,
      12,
      13,
      14,
      15,
      16,
      17,
      18,
      19,
      20,
      21,
      22,
      23,
      24,
      25,
      26,
      27
    ],
    "counts": [
      1,
      57,
      40,
      25,
      26,
      18,
      18,
      26,
      20,
      16,
      12,
      9,
      11,
      13,
      16,
      16,
      13,
      13,
      17,
      20,
      21,
      27,
      38,
      43,
      72,
      89,
      136,
      144,
      43
    ]
  },
  "0.33666666666666667": {
    "val": [
      -1,
      0,
      1,
      2,
      3,
      4,
      5,
      6,
      7,
      8,
      9,
      10,
      11,
      12,
      13,
      14,
      15,
      16,
      17,
      18,
      19,
      20,
      21,
      22,
      23,
      24,
      25,
      26,
      27,
      28,
      29,
      30,
      31,
      32,
      33,
      34,
      35,
      36,
      37,
      38,
      39,
      40,
      41,
      42,
      43,
      44,
      45,
      46,
      47,
      48,
      49,
      50,
      51
    ],
    "counts": [
      1,
      57,
      28,
      15,
      15,
      14,
      21,
      9,
      15,
      13,
      17,
      10,
      14,
      11,
      7,
      6,
      5,
      3,
      3,
      6,
      8,
      8,
      6,
      4,
      7,
      6,
      3,
      4,
      8,
      4,
      4,
      4,
      7,
      6,
      9,
      13,
      11,
      16,
      14,
      8,
      4,
      10,
      6,
      13,
      26,
      30,
      48,
      48,
      69,
      86,
      99,
      121,
      20
    ]
  },
  "0.3693333333333333": {
    "val": [
      -2147483648,
      -1,
      0,
      1,
      2,
      3,
      4,
      5,
      6,
      7,
      8,
      9,
      10,
      11,
      12,
      13,
      14,
      15,
      16,
      17,
      18,
      19,
      20,
      21,
      22,
      23,
      24,
      25,
      26,
      27,
      29,
      30,
      32,
      33,
      34,
      37,
      38,
      39,
      41,
      43,
      44,
      45,
      46,
      47,
      48,
      49,
      50,
      51,
      52,
      53,
      54,
      55,
      56,
      57
    ],
    "counts": [
      696,
      1,
      57,
      26,
      9,
      8,
      12,
      11,
      11,
      10,
      7,
      6,
      4,
      6,
      8,
      11,
      9,
      8,
      3,
      5,
      4,
      7,
      7,
      8,
      5,
      1,
      2,
      1,
      2,
      1,
      2,
      1,
      1,
      1,
      1,
      1,
      1,
      2,
      1,
      1,
      3,
      5,
      4,
      7,
      5,
      4,
      3,
      2,
      2,
      2,
      2,
      1,
      1,
      1
    ]
  },
  "0.40199999999999997": {
    "val": [
      -2147483648,
      -1,
      0,
      1,
      2,
      3,
      4,
      5,
      6,
      7,
      8,
      9,
      10,
      11,
      12,
      13,
      14,
      15,
      16,
      17,
      18,
      19,
      20,
      21,
      22,
      23,
      24,
      25,
      26,
      27
    ],
    "counts": [
      822,
      1,
      57,
      21,
      7,
      5,
      3,
      5,
      4,
      3,
      4,
      7,
      2,
      2,
      3,
      4,
      4,
      3,
      5,
      5,
      4,
      5,
      1,
      5,
      4,
      3,
      5,
      4,
      1,
      1
    ]
  },
  "0.43466666666666665": {
    "val": [
      -2147483648,
      -1,
      0,
      1,
      2,
      3,
      4,
      5,
      6,
      7,
      8,
      9,
      10,
      11,
      12,
      13,
      14,
      15
    ],
    "counts": [
      895,
      1,
      57,
      11,
      7,
      4,
      4,
      3,
      4,
      3,
      3,
      1,
      1,
      1,
      1,
      2,
      1,
      1
    ]
  },
  "0.46733333333333327": {
    "val": [
      -2147483648,
      -1,
      0,
      1,
      2,
      3,
      4,
      5,
      6,
      7,
      8,
      9,
      12,
      14
    ],
    "counts": [
      917,
      1,
      57,
      7,
      1,
      1,
      4,
      3,
      2,
      2,
      1,
      2,
      1,
      1
    ]
  },
  "0.5": {
    "val": [
      -2147483648,
      -1,
      0,
      1
    ],
    "counts": [
      937,
      1,
      57,
      5
    ]
  }
}