{
  "0.01": {
    "val": [
      -1,
      0,
      1,
      2,
      3,
      4,
      5,
      6,
      7,
      8
    ],
    "counts": [
      1,
      57,
      244,
      114,
      228,
      144,
      74,
      52,
      81,
      5
    ]
  },
  "0.042666666666666665": {
    "val": [
      -1,
      0,
      1,
      2,
      3,
      4,
      5,
      6,
      7,
      8
    ],
    "counts": [
      1,
      57,
      243,
      82,
      128,
      230,
      119,
      48,
      78,
      14
    ]
  },
  "0.07533333333333332": {
    "val": [
      -1,
      0,
      1,
      2,
      3,
      4,
      5,
      6,
      7,
      8,
      9
    ],
    "counts": [
      1,
      57,
      238,
      47,
      86,
      73,
      176,
      177,
      43,
      54,
      48
    ]
  },
  "0.10799999999999998": {
    "val": [
      -1,
      0,
      1,
      2,
      3,
      4,
      5,
      6,
      7,
      8,
      9,
      10,
      11,
      12
    ],
    "counts": [
      1,
      57,
      224,
      26,
      41,
      69,
      51,
      95,
      160,
      127,
      35,
      33,
      57,
      24
    ]
  },
  "0.14066666666666666": {
    "val": [
      -1,
      0,
      1,
      2,
      3,
      4,
      5,
      6,
      7,
      8,
      9,
      10,
      11,
      12,
      13,
      14
    ],
    "counts": [
      1,
      57,
      206,
      35,
      18,
      37,
      60,
      26,
      48,
      62,
      116,
      154,
      67,
      26,
      54,
      33
    ]
  },
  "0.17333333333333334": {
    "val": [
      -1,
      0,
      1,
      2,
      3,
      4,
      5,
      6,
      7,
      8,
      9,
      10,
      11,
      12,
      13,
      14,
      15,
      16,
      17,
      18,
      19
    ],
    "counts": [
      1,
      57,
      187,
      46,
      9,
      14,
      21,
      42,
      33,
      12,
      19,
      25,
      38,
      50,
      71,
      111,
      122,
      51,
      46,
      44,
      1
    ]
  },
  "0.206": {
    "val": [
      -1,
      0,
      1,
      2,
      3,
      4,
      5,
      6,
      7,
      8,
      9,
      10,
      11,
      12,
      13,
      14,
      15,
      16,
      17,
      18,
      19,
      20,
      21,
      22,
      23,
      24,
      25,
      26,
      27
    ],
    "counts": [
      1,
      57,
      160,
      55,
      12,
      4,
      5,
      7,
      10,
      10,
      18,
      41,
      25,
      9,
      7,
      19,
      13,
      25,
      23,
      39,
      25,
      20,
      30,
      32,
      67,
      116,
      123,
      46,
      1
    ]
  },
  "0.23866666666666664": {
    "val": [
      -1,
      0,
      1,
      2,
      3,
      4,
      5,
      6,
      7,
      10,
      12,
      13,
      15,
      16,
      17,
      18,
      19,
      20,
      21,
      22,
      23,
      24,
      25,
      26,
      27,
      28,
      29,
      30,
      31,
      32,
      33,
      34,
      35,
      36,
      37,
      38,
      39,
      40,
      41,
      42,
      43,
      44,
      45,
      47,
      48,
      49,
      50,
      51,
      52,
      53,
      54,
      55,
      56,
      57,
      58,
      59,
      60,
      61,
      62,
      63,
      64,
      65,
      66,
      67,
      68,
      69,
      70,
      71
    ],
    "counts": [
      1,
      57,
      134,
      57,
      28,
      4,
      2,
      1,
      1,
      1,
      1,
      2,
      1,
      1,
      1,
      3,
      4,
      1,
      3,
      2,
      1,
      3,
      4,
      1,
      3,
      3,
      3,
      3,
      2,
      8,
      6,
      11,
      12,
      22,
      40,
      63,
      76,
      49,
      20,
      1,
      1,
      4,
      5,
      3,
      5,
      5,
      3,
      6,
      7,
      17,
      20,
      34,
      25,
      4,
      5,
      13,
      23,
      29,
      17,
      22,
      9,
      5,
      5,
      7,
      9,
      26,
      32,
      23
    ]
  },
  "0.2713333333333333": {
    "val": [
      -2147483648,
      -1,
      0,
      1,
      2,
      3,
      4,
      7,
      8,
      10
    ],
    "counts": [
      716,
      1,
      57,
      119,
      55,
      30,
      19,
      1,
      1,
      1
    ]
  },
  "0.304": {
    "val": [
      -2147483648,
      -1,
      0,
      1,
      2,
      3,
      4,
      5,
      8,
      9
    ],
    "counts": [
      717,
      1,
      57,
      99,
      51,
      34,
      22,
      17,
      1,
      1
    ]
  },
  "0.33666666666666667": {
    "val": [
      -2147483648,
      -1,
      0,
      1,
      2,
      3,
      4,
      5,
      6
    ],
    "counts": [
      724,
      1,
      57,
      73,
      44,
      40,
      27,
      22,
      12
    ]
  },
  "0.3693333333333333": {
    "val": [
      -2147483648,
      -1,
      0,
      1,
      2,
      3,
      4,
      5,
      6,
      7,
      8
    ],
    "counts": [
      724,
      1,
      57,
      58,
      30,
      41,
      33,
      22,
      14,
      16,
      4
    ]
  },
  "0.40199999999999997": {
    "val": [
      -2147483648,
      -1,
      0,
      1,
      2,
      3,
      4,
      5,
      6,
      7,
      8,
      9,
      10,
      11
    ],
    "counts": [
      724,
      1,
      57,
      43,
      21,
      14,
      23,
      24,
      23,
      25,
      18,
      7,
      14,
      6
    ]
  },
  "0.43466666666666665": {
    "val": [
      -2147483648,
      -1,
      0,
      1,
      2,
      3,
      4,
      5,
      6,
      7,
      8,
      9,
      10,
      11,
      12,
      13,
      14,
      15
    ],
    "counts": [
      725,
      1,
      57,
      33,
      18,
      9,
      10,
      14,
      18,
      16,
      15,
      14,
      20,
      20,
      6,
      11,
      11,
      2
    ]
  },
  "0.46733333333333327": {
    "val": [
      -2147483648,
      -1,
      0,
      1,
      2,
      3,
      4,
      5,
      6,
      7,
      8,
      9,
      10,
      11,
      12,
      13,
      14,
      15,
      16,
      17,
      18,
      19,
      20,
      21,
      22,
      23
    ],
    "counts": [
      725,
      1,
      57,
      20,
      11,
      11,
      7,
      6,
      5,
      3,
      6,
      5,
      11,
      11,
      7,
      11,
      14,
      12,
      10,
      14,
      13,
      14,
      3,
      8,
      10,
      5
    ]
  },
  "0.5": {
    "val": [
      -2147483648,
      -1,
      0,
      1,
      2,
      3,
      4,
      5,
      6,
      7,
      8,
      9,
      10,
      11,
      12,
      13,
      14,
      15,
      16,
      17,
      18
    ],
    "counts": [
      859,
      1,
      57,
      20,
      9,
      8,
      9,
      2,
      3,
      2,
      6,
      2,
      2,
      2,
      2,
      2,
      6,
      5,
      1,
      1,
      1
    ]
  }
}