{
  "0.01": {
    "val": [
      -1,
      0,
      1,
      2
    ],
    "counts": [
      1,
      57,
      519,
      423
    ]
  },
  "0.042666666666666665": {
    "val": [
      -1,
      0,
      1,
      2,
      3
    ],
    "counts": [
      1,
      57,
      442,
      450,
      50
    ]
  },
  "0.07533333333333332": {
    "val": [
      -1,
      0,
      1,
      2,
      3,
      4
    ],
    "counts": [
      1,
      57,
      295,
      265,
      332,
      50
    ]
  },
  "0.10799999999999998": {
    "val": [
      -1,
      0,
      1,
      2,
      3,
      4,
      5
    ],
    "counts": [
      1,
      57,
      200,
      132,
      211,
      302,
      97
    ]
  },
  "0.14066666666666666": {
    "val": [
      -1,
      0,
      1,
      2,
      3,
      4,
      5,
      6,
      7
    ],
    "counts": [
      1,
      57,
      164,
      66,
      92,
      149,
      239,
      210,
      22
    ]
  },
  "0.17333333333333334": {
    "val": [
      -1,
      0,
      1,
      2,
      3,
      4,
      5,
      6,
      7,
      8,
      9
    ],
    "counts": [
      1,
      57,
      127,
      55,
      56,
      63,
      87,
      139,
      224,
      177,
      14
    ]
  },
  "0.206": {
    "val": [
      -1,
      0,
      1,
      2,
      3,
      4,
      5,
      6,
      7,
      8,
      9,
      10,
      11
    ],
    "counts": [
      1,
      57,
      101,
      47,
      33,
      41,
      52,
      53,
      68,
      107,
      171,
      210,
      59
    ]
  },
  "0.23866666666666664": {
    "val": [
      -1,
      0,
      1,
      2,
      3,
      4,
      5,
      6,
      7,
      8,
      9,
      10,
      11,
      12,
      13,
      14,
      15
    ],
    "counts": [
      1,
      57,
      78,
      34,
      34,
      25,
      26,
      34,
      25,
      40,
      50,
      43,
      64,
      106,
      162,
      182,
      39
    ]
  },
  "0.2713333333333333": {
    "val": [
      -1,
      0,
      1,
      2,
      3,
      4,
      5,
      6,
      7,
      8,
      9,
      10,
      11,
      12,
      13,
      14,
      15,
      16,
      17,
      18,
      19,
      20,
      21,
      22,
      23
    ],
    "counts": [
      1,
      57,
      59,
      24,
      29,
      27,
      22,
      15,
      18,
      17,
      15,
      17,
      22,
      25,
      22,
      27,
      29,
      41,
      43,
      60,
      78,
      156,
      149,
      46,
      1
    ]
  },
  "0.304": {
    "val": [
      -1,
      0,
      1,
      2,
      3,
      4,
      5,
      6,
      7,
      8,
      9,
      10,
      11,
      12,
      13,
      14,
      15,
      16,
      17,
      18,
      19,
      20,
      21,
      22,
      23,
      24,
      25,
      26,
      27,
      28,
      29,
      30,
      31,
      32,
      33,
      34,
      35,
      36,
      37,
      38
    ],
    "counts": [
      1,
      57,
      40,
      16,
      18,
      15,
      13,
      15,
      15,
      17,
      15,
      11,
      12,
      12,
      6,
      6,
      6,
      10,
      11,
      16,
      9,
      10,
      9,
      9,
      11,
      12,
      18,
      11,
      17,
      26,
      23,
      28,
      34,
      59,
      70,
      91,
      105,
      106,
      39,
      1
    ]
  },
  "0.33666666666666667": {
    "val": [
      -1,
      0,
      1,
      2,
      3,
      4,
      5,
      6,
      7,
      8,
      9,
      10,
      11,
      12,
      13,
      14,
      15,
      16,
      17,
      18,
      19,
      20,
      21,
      22,
      23,
      24,
      25,
      26,
      27,
      28,
      29,
      30,
      31,
      32,
      33,
      34,
      35,
      36,
      37,
      38,
      39,
      40,
      41,
      42,
      43,
      44,
      45,
      46,
      47,
      48,
      49,
      50,
      51,
      52,
      53,
      54,
      55,
      56,
      57,
      58,
      59,
      60,
      61,
      62,
      63,
      64,
      65,
      66,
      67,
      68,
      69,
      70,
      71
    ],
    "counts": [
      1,
      57,
      28,
      10,
      12,
      12,
      12,
      13,
      8,
      9,
      11,
      8,
      15,
      8,
      11,
      7,
      8,
      8,
      9,
      3,
      2,
      5,
      2,
      2,
      3,
      4,
      5,
      5,
      5,
      8,
      2,
      4,
      4,
      6,
      3,
      3,
      3,
      7,
      3,
      3,
      2,
      3,
      4,
      4,
      2,
      5,
      8,
      5,
      7,
      9,
      8,
      13,
      11,
      5,
      5,
      2,
      6,
      7,
      7,
      12,
      11,
      18,
      26,
      32,
      36,
      43,
      59,
      58,
      64,
      81,
      96,
      21,
      1
    ]
  },
  "0.3693333333333333": {
    "val": [
      -2147483648,
      -1,
      0,
      1,
      2,
      3,
      4,
      5,
      6,
      7,
      8,
      9,
      10,
      11,
      12,
      13,
      14,
      15,
      16,
      17,
      18,
      19,
      20,
      21,
      22,
      23,
      24,
      25,
      26,
      27,
      28,
      29,
      30,
      31,
      32,
      33,
      34,
      35,
      36
    ],
    "counts": [
      750,
      1,
      57,
      26,
      5,
      7,
      6,
      9,
      10,
      6,
      8,
      10,
      6,
      2,
      5,
      1,
      5,
      4,
      7,
      10,
      7,
      3,
      6,
      4,
      2,
      3,
      3,
      2,
      6,
      5,
      5,
      6,
      5,
      2,
      1,
      1,
      1,
      1,
      2
    ]
  },
  "0.40199999999999997": {
    "val": [
      -2147483648,
      -1,
      0,
      1,
      2,
      3,
      4,
      5,
      6,
      7,
      8,
      9,
      10,
      11,
      12,
      13,
      15
    ],
    "counts": [
      877,
      1,
      57,
      21,
      3,
      4,
      4,
      3,
      3,
      4,
      2,
      3,
      3,
      5,
      3,
      3,
      4
    ]
  },
  "0.43466666666666665": {
    "val": [
      -2147483648,
      -1,
      0,
      1,
      2,
      3,
      4,
      5,
      6,
      7,
      8,
      9,
      10,
      11,
      12,
      13,
      15
    ],
    "counts": [
      899,
      1,
      57,
      11,
      5,
      2,
      4,
      4,
      2,
      1,
      4,
      1,
      3,
      2,
      1,
      1,
      2
    ]
  },
  "0.46733333333333327": {
    "val": [
      -2147483648,
      -1,
      0,
      1,
      2,
      4
    ],
    "counts": [
      933,
      1,
      57,
      7,
      1,
      1
    ]
  },
  "0.5": {
    "val": [
      -2147483648,
      -1,
      0,
      1
    ],
    "counts": [
      937,
      1,
      57,
      5
    ]
  }
}