{
  "0.01": {
    "val": [
      -1,
      0,
      1,
      2,
      3,
      4,
      5,
      6
    ],
    "counts": [
      1,
      10,
      35,
      92,
      251,
      392,
      199,
      20
    ]
  },
  "0.042666666666666665": {
    "val": [
      -1,
      0,
      1,
      2,
      3,
      4,
      5,
      6
    ],
    "counts": [
      1,
      10,
      35,
      92,
      251,
      392,
      199,
      20
    ]
  },
  "0.07533333333333332": {
    "val": [
      -1,
      0,
      1,
      2,
      3,
      4,
      5,
      6,
      7,
      8,
      9
    ],
    "counts": [
      1,
      10,
      35,
      27,
      82,
      101,
      210,
      250,
      188,
      80,
      16
    ]
  },
  "0.10799999999999998": {
    "val": [
      -1,
      0,
      1,
      2,
      3,
      4,
      5,
      6,
      7,
      8,
      9,
      10,
      11,
      12
    ],
    "counts": [
      1,
      10,
      34,
      26,
      40,
      68,
      92,
      139,
      208,
      176,
      128,
      58,
      18,
      2
    ]
  },
  "0.14066666666666666": {
    "val": [
      -1,
      0,
      1,
      2,
      3,
      4,
      5,
      6,
      7,
      8,
      9,
      10,
      11,
      12,
      13,
      14,
      15,
      16,
      17,
      18,
      19
    ],
    "counts": [
      1,
      10,
      10,
      14,
      20,
      17,
      23,
      23,
      29,
      31,
      44,
      71,
      83,
      82,
      104,
      135,
      115,
      88,
      63,
      31,
      6
    ]
  },
  "0.17333333333333334": {
    "val": [
      -1,
      0,
      1,
      2,
      3,
      4,
      5,
      6,
      7,
      8,
      9,
      10,
      11,
      12,
      13,
      14,
      15,
      16,
      17,
      18,
      19,
      20,
      21,
      22,
      23,
      24,
      25,
      26,
      27,
      28,
      29,
      30,
      31,
      32,
      33,
      34
    ],
    "counts": [
      1,
      10,
      6,
      4,
      5,
      5,
      7,
      8,
      9,
      8,
      7,
      13,
      11,
      17,
      12,
      17,
      18,
      20,
      19,
      24,
      34,
      39,
      40,
      48,
      53,
      54,
      70,
      83,
      74,
      88,
      79,
      53,
      29,
      19,
      13,
      3
    ]
  },
  "0.206": {
    "val": [
      -1,
      0,
      1,
      2,
      3,
      4,
      5,
      6,
      7,
      8,
      9,
      10,
      11,
      12,
      13,
      14,
      15,
      16,
      17,
      18,
      19,
      20,
      21,
      22,
      23,
      24,
      25,
      26,
      27,
      28,
      29,
      30,
      31,
      32,
      33,
      34,
      35,
      36,
      37,
      38,
      39,
      40,
      41,
      42,
      43,
      44,
      45,
      46,
      47,
      48,
      49
    ],
    "counts": [
      1,
      10,
      6,
      4,
      3,
      4,
      2,
      5,
      7,
      8,
      6,
      8,
      5,
      8,
      6,
      6,
      7,
      7,
      6,
      8,
      4,
      10,
      8,
      6,
      11,
      8,
      14,
      9,
      19,
      21,
      24,
      21,
      28,
      28,
      30,
      32,
      38,
      37,
      41,
      38,
      47,
      62,
      49,
      55,
      45,
      57,
      59,
      37,
      31,
      9,
      5
    ]
  },
  "0.23866666666666664": {
    "val": [
      -1,
      0,
      1,
      2,
      3,
      4,
      5,
      6,
      7,
      8,
      9,
      10,
      11,
      13,
      14,
      15,
      16,
      17,
      18,
      19,
      20,
      21,
      22,
      23,
      24,
      25,
      26,
      27,
      28,
      29,
      30,
      31,
      32,
      33,
      34,
      35,
      36,
      37,
      38,
      39,
      40,
      41,
      42,
      43,
      44,
      45,
      46,
      47,
      48,
      49,
      50,
      51,
      52,
      53,
      54,
      55,
      56,
      57,
      58,
      59,
      60,
      61,
      62,
      63,
      64,
      65,
      66,
      67,
      68,
      69,
      70,
      71,
      72,
      73,
      74,
      75,
      76,
      77,
      78,
      79,
      80,
      81,
      82,
      83,
      84,
      85,
      86,
      87,
      88,
      89
    ],
    "counts": [
      1,
      10,
      5,
      3,
      2,
      4,
      3,
      2,
      3,
      3,
      4,
      2,
      3,
      4,
      2,
      4,
      3,
      2,
      3,
      3,
      3,
      3,
      3,
      5,
      2,
      5,
      3,
      4,
      3,
      4,
      3,
      4,
      3,
      7,
      5,
      7,
      5,
      5,
      8,
      7,
      5,
      6,
      5,
      8,
      6,
      5,
      8,
      7,
      12,
      10,
      8,
      9,
      14,
      16,
      10,
      16,
      11,
      15,
      15,
      13,
      17,
      15,
      19,
      18,
      14,
      19,
      19,
      22,
      23,
      26,
      25,
      34,
      37,
      36,
      41,
      25,
      36,
      30,
      33,
      34,
      27,
      17,
      20,
      16,
      12,
      10,
      9,
      5,
      3,
      4
    ]
  },
  "0.2713333333333333": {
    "val": [
      -1,
      0,
      1,
      2,
      3,
      4,
      5,
      6,
      7,
      8,
      9,
      10,
      11,
      12,
      13,
      14,
      15,
      16,
      17,
      18,
      19,
      20,
      21,
      22,
      23,
      24,
      25,
      26,
      27,
      28,
      29,
      30,
      31,
      32,
      33,
      34,
      35,
      36,
      37,
      38,
      39,
      40,
      41,
      42,
      43,
      44,
      45,
      46,
      47,
      48,
      49,
      50,
      51,
      52,
      53,
      54,
      55,
      56,
      57,
      58,
      59,
      60,
      61,
      62,
      63,
      64,
      65,
      66,
      67,
      68,
      69,
      70,
      71,
      72,
      73,
      74,
      75,
      76,
      77,
      78,
      79,
      80,
      81,
      82,
      83,
      84,
      85,
      86,
      87,
      88,
      89,
      90,
      91,
      92,
      93,
      94,
      95,
      96,
      97,
      98,
      99,
      100,
      101,
      102,
      103,
      104,
      105,
      106,
      107,
      108,
      109,
      110,
      111,
      112,
      113,
      114,
      115,
      116,
      117,
      118,
      119,
      120,
      121,
      122,
      123,
      124,
      125,
      126,
      127,
      128,
      129,
      130,
      131,
      132,
      133,
      134,
      135,
      136,
      137,
      138,
      139,
      140,
      141,
      142,
      143,
      144,
      145,
      146,
      147,
      148,
      149,
      150,
      151,
      152,
      153,
      154,
      155,
      156,
      157,
      158,
      159,
      160,
      161,
      162,
      163,
      164,
      165,
      166,
      167,
      168,
      169,
      170,
      171,
      172,
      173,
      174,
      175,
      176,
      177,
      178,
      179,
      180,
      181,
      182,
      183,
      184,
      185,
      186,
      187,
      188,
      189,
      190,
      191,
      192,
      193,
      194,
      195,
      196,
      197
    ],