{
  "0.01": {
    "val": [
      -1,
      0,
      1,
      2,
      3,
      4,
      5,
      6
    ],
    "counts": [
      1,
      10,
      38,
      150,
      403,
      369,
      28,
      1
    ]
  },
  "0.042666666666666665": {
    "val": [
      -1,
      0,
      1,
      2,
      3,
      4,
      5,
      6
    ],
    "counts": [
      1,
      10,
      38,
      150,
      401,
      371,
      28,
      1
    ]
  },
  "0.07533333333333332": {
    "val": [
      -1,
      0,
      1,
      2,
      3,
      4,
      5,
      6,
      7
    ],
    "counts": [
      1,
      10,
      38,
      33,
      142,
      211,
      352,
      195,
      18
    ]
  },
  "0.10799999999999998": {
    "val": [
      -1,
      0,
      1,
      2,
      3,
      4,
      5,
      6,
      7,
      8,
      9
    ],
    "counts": [
      1,
      10,
      33,
      21,
      49,
      95,
      148,
      247,
      286,
      100,
      10
    ]
  },
  "0.14066666666666666": {
    "val": [
      -1,
      0,
      1,
      2,
      3,
      4,
      5,
      6,
      7,
      8,
      9,
      10,
      11,
      12,
      13,
      14
    ],
    "counts": [
      1,
      10,
      22,
      11,
      18,
      24,
      31,
      42,
      72,
      104,
      188,
      236,
      150,
      69,
      21,
      1
    ]
  },
  "0.17333333333333334": {
    "val": [
      -1,
      0,
      1,
      2,
      3,
      4,
      5,
      6,
      7,
      8,
      9,
      10,
      11,
      12,
      13,
      14,
      15,
      16,
      17,
      18,
      19,
      20,
      21,
      22,
      23,
      24,
      25,
      26,
      27,
      28,
      29
    ],
    "counts": [
      1,
      10,
      7,
      3,
      4,
      3,
      4,
      5,
      6,
      5,
      7,
      11,
      6,
      9,
      12,
      11,
      12,
      12,
      16,
      20,
      29,
      45,
      64,
      85,
      103,
      132,
      157,
      130,
      64,
      19,
      8
    ]
  },
  "0.206": {
    "val": [
      -1,
      0,
      1,
      2,
      3,
      4,
      5,
      6,
      7,
      8,
      9,
      10,
      11,
      12,
      13,
      14,
      15,
      16,
      17,
      18,
      19,
      20,
      21,
      22,
      23,
      24,
      25,
      26,
      27,
      28,
      29,
      30,
      31,
      32,
      33,
      34,
      35,
      36
    ],
    "counts": [
      1,
      10,
      7,
      3,
      3,
      3,
      4,
      2,
      4,
      6,
      4,
      7,
      6,
      7,
      4,
      8,
      7,
      8,
      5,
      9,
      11,
      12,
      11,
      13,
      18,
      23,
      22,
      42,
      43,
      60,
      81,
      99,
      104,
      113,
      123,
      79,
      25,
      13
    ]
  },
  "0.23866666666666664": {
    "val": [
      -1,
      0,
      1,
      2,
      3,
      4,
      5,
      6,
      7,
      8,
      9,
      10,
      11,
      12,
      13,
      14,
      15,
      16,
      17,
      18,
      19,
      20,
      21,
      22,
      23,
      24,
      25,
      26,
      27,
      28,
      29,
      30,
      31,
      32,
      33,
      34,
      35,
      36,
      37,
      38,
      39,
      40,
      41,
      42,
      43,
      44,
      45,
      46,
      47,
      48
    ],
    "counts": [
      1,
      10,
      5,
      4,
      2,
      2,
      3,
      4,
      2,
      4,
      3,
      4,
      2,
      4,
      3,
      6,
      7,
      3,
      4,
      7,
      6,
      5,
      8,
      6,
      5,
      7,
      9,
      8,
      9,
      11,
      16,
      10,
      15,
      16,
      12,
      24,
      27,
      28,
      36,
      44,
      56,
      67,
      80,
      93,
      88,
      77,
      74,
      49,
      29,
      5
    ]
  },
  "0.2713333333333333": {
    "val": [
      -2147483648,
      -1,
      0,
      1,
      2,
      3,
      4,
      5,
      7,
      8,
      9,
      10,
      11,
      12,
      14,
      15,
      17,
      18,
      19,
      20,
      21,
      23,
      24,
      25,
      26,
      27,
      28,
      29,
      30,
      31,
      32,
      33,
      34,
      35,
      36,
      37,
      38,
      39,
      40,
      41,
      42,
      43,
      44,
      45,
      46
    ],
    "counts": [
      911,
      1,
      10,
      2,
      2,
      1,
      1,
      2,
      3,
      1,
      2,
      1,
      1,
      2,
      1,
      1,
      1,
      2,
      2,
      1,
      3,
      2,
      2,
      2,
      2,
      3,
      1,
      3,
      4,
      1,
      2,
      2,
      1,
      2,
      2,
      1,
      3,
      2,
      2,
      4,
      1,
      3,
      1,
      2,
      1
    ]
  },
  "0.304": {
    "val": [
      -2147483648,
      -1,
      0,
      1,
      3,
      5,
      6,
      8,
      10,
      11,
      12,
      13,
      14
    ],
    "counts": [
      973,
      1,
      10,
      2,
      2,
      1,
      1,
      2,
      2,
      1,
      2,
      2,
      1
    ]
  },
  "0.33666666666666667": {
    "val": [
      -2147483648,
      -1,
      0,
      1,
      3,
      4,
      6,
      8,
      10,
      13,
      14,
      15,
      16,
      17,
      18
    ],
    "counts": [
      974,
      1,
      10,
      2,
      1,
      1,
      1,
      1,
      2,
      2,
      1,
      1,
      1,
      1,
      1
    ]
  },
  "0.3693333333333333": {
    "val": [
      -2147483648,
      -1,
      0,
      1,
      3,
      4,
      6
    ],
    "counts": [
      984,
      1,
      10,
      2,
      1,
      1,
      1
    ]
  },
  "0.40199999999999997": {
    "val": [
      -2147483648,
      -1,
      0,
      1,
      4,
      6,
      8
    ],
    "counts": [
      984,
      1,
      10,
      2,
      1,
      1,
      1
    ]
  },
  "0.43466666666666665": {
    "val": [
      -2147483648,
      -1,
      0,
      1
    ],
    "counts": [
      987,
      1,
      10,
      2
    ]
  },
  "0.46733333333333327": {
    "val": [
      -2147483648,
      -1,
      0,
      1
    ],
    "counts": [
      987,
      1,
      10,
      2
    ]
  },
  "0.5": {
    "val": [
      -2147483648,
      -1,
      0,
      1
    ],
    "counts": [
      987,
      1,
      10,
      2
    ]
  }
}