{
  "0.01": {
    "val": [
      -1,
      0,
      1,
      2,
      3,
      4,
      5,
      6
    ],
    "counts": [
      1,
      9,
      31,
      97,
      231,
      404,
      219,
      8
    ]
  },
  "0.042666666666666665": {
    "val": [
      -1,
      0,
      1,
      2,
      3,
      4,
      5,
      6,
      7,
      8
    ],
    "counts": [
      1,
      9,
      31,
      39,
      88,
      142,
      217,
      276,
      166,
      31
    ]
  },
  "0.07533333333333332": {
    "val": [
      -1,
      0,
      1,
      2,
      3,
      4,
      5,
      6,
      7,
      8,
      9,
      10,
      11
    ],
    "counts": [
      1,
      9,
      31,
      14,
      38,
      74,
      82,
      144,
      167,
      210,
      178,
      49,
      3
    ]
  },
  "0.10799999999999998": {
    "val": [
      -1,
      0,
      1,
      2,
      3,
      4,
      5,
      6,
      7,
      8,
      9,
      10,
      11,
      12,
      13,
      14
    ],
    "counts": [
      1,
      9,
      29,
      9,
      19,
      29,
      51,
      56,
      82,
      109,
      143,
      149,
      158,
      109,
      39,
      8
    ]
  },
  "0.14066666666666666": {
    "val": [
      -1,
      0,
      1,
      2,
      3,
      4,
      5,
      6,
      7,
      8,
      9,
      10,
      11,
      12,
      13,
      14,
      15,
      16,
      17,
      18,
      19,
      20,
      21,
      22,
      23,
      24,
      25,
      26
    ],
    "counts": [
      1,
      9,
      12,
      8,
      10,
      9,
      15,
      18,
      16,
      17,
      24,
      26,
      33,
      40,
      45,
      57,
      59,
      67,
      67,
      68,
      68,
      77,
      79,
      65,
      53,
      31,
      25,
      1
    ]
  },
  "0.17333333333333334": {
    "val": [
      -1,
      0,
      1,
      2,
      3,
      4,
      5,
      6,
      7,
      8,
      9,
      10,
      11,
      12,
      13,
      14,
      15,
      16,
      17,
      18,
      19,
      20,
      21,
      22,
      23,
      24,
      25,
      26,
      27,
      28,
      29,
      30,
      31,
      32,
      33,
      34,
      35,
      36,
      37,
      38,
      39,
      40,
      41,
      42,
      43,
      44,
      45,
      46,
      47,
      48,
      49,
      50,
      51,
      52,
      53,
      54,
      55,
      56,
      57
    ],
    "counts": [
      1,
      9,
      7,
      2,
      4,
      2,
      4,
      3,
      2,
      7,
      6,
      5,
      8,
      5,
      6,
      3,
      8,
      6,
      5,
      7,
      7,
      7,
      9,
      7,
      10,
      11,
      10,
      10,
      8,
      10,
      8,
      17,
      19,
      19,
      15,
      23,
      21,
      33,
      27,
      32,
      38,
      35,
      38,
      42,
      41,
      37,
      47,
      55,
      51,
      39,
      58,
      45,
      26,
      20,
      12,
      2,
      4,
      6,
      1
    ]
  },
  "0.206": {
    "val": [
      -1,
      0,
      1,
      2,
      3,
      4,
      5,
      6,
      7,
      8,
      9,
      10,
      11,
      12,
      13,
      14,
      15,
      16,
      17,
      18,
      19,
      20,
      21,
      22,
      23,
      24,
      25,
      26,
      27,
      28,
      29,
      30,
      31,
      32,
      33,
      34,
      35,
      36,
      37,
      38,
      39,
      40,
      41,
      42,
      43,
      44,
      45,
      46,
      47,
      48,
      49,
      50,
      51,
      52,
      53,
      54,
      55,
      56,
      57,
      58,
      59,
      60,
      61,
      62,
      63,
      64,
      65,
      66,
      67,
      68,
      69,
      70,
      71,
      72,
      73,
      74
    ],
    "counts": [
      1,
      9,
      7,
      2,
      2,
      2,
      2,
      4,
      3,
      2,
      3,
      6,
      4,
      4,
      6,
      5,
      5,
      5,
      4,
      4,
      5,
      5,
      7,
      5,
      6,
      5,
      7,
      6,
      7,
      10,
      6,
      9,
      10,
      6,
      9,
      8,
      8,
      8,
      9,
      10,
      7,
      8,
      8,
      11,
      9,
      10,
      15,
      16,
      26,
      16,
      15,
      18,
      21,
      26,
      25,
      24,
      26,
      37,
      29,
      36,
      31,
      24,
      30,
      34,
      33,
      35,
      33,
      41,
      34,
      30,
      25,
      13,
      10,
      11,
      3,
      4
    ]
  },
  "0.23866666666666664": {
    "val": [
      -2147483648,
      -1,
      0,
      1,
      2,
      3,
      4,
      5,
      6,
      7,
      8,
      9,
      10,
      11,
      12,
      13,
      14,
      15,
      16,
      17,
      18,
      19,
      20,
      21,
      22,
      23,
      24,
      25,
      26,
      27,
      28,
      29,
      30,
      31,
      32,
      33,
      34,
      35,
      36,
      37,
      38,
      39,
      40,
      41,
      42,
      43,
      44,
      45,
      46,
      47,
      48,
      49,
      50,
      51,
      52,
      53,
      54,
      55,
      56,
      57,
      58,
      59,
      60,
      61,
      62,
      63,
      65
    ],
    "counts": [
      656,
      1,
      9,
      7,
      1,
      2,
      2,
      2,
      3,
      2,
      1,
      4,
      2,
      2,
      1,
      7,
      1,
      5,
      2,
      5,
      5,
      3,
      5,
      3,
      1,
      6,
      4,
      5,
      5,
      3,
      4,
      5,
      5,
      8,
      3,
      7,
      3,
      10,
      4,
      10,
      6,
      6,
      5,
      7,
      7,
      6,
      7,
      7,
      7,
      6,
      8,
      5,
      7,
      3,
      10,
      6,
      8,
      7,
      12,
      9,
      8,
      7,
      7,
      3,
      7,
      10,
      5
    ]
  },
  "0.2713333333333333": {
    "val": [
      -2147483648,
      -1,
      0,
      1,
      2,
      3,
      4,
      5,
      6,
      7,
      8,
      9,
      10,
      11,
      12,
      13,
      14,
      15,
      16,
      17,
      18,
      19,
      20,
      22
    ],
    "counts": [
      948,
      1,
      9,
      5,
      2,
      2,
      2,
      1,
      1,
      2,
      2,
      2,
      1,
      2,
      1,
      2,
      1,
      3,
      1,
      3,
      1,
      2,
      3,
      3
    ]
  },
  "0.304": {
    "val": [
      -2147483648,
      -1,
      0,
      1,
      2,
      3,
      4,
      5,
      6,
      7,
      8,
      9,
      10,
      11,
      12,
      13,
      14,
      15,
      16,
      17,
      18,
      19,
      21
    ],
    "counts": [
      958,
      1,
      9,
      4,
      1,
      2,
      2,
      2,
      1,
      1,
      1,
      1,
      2,
      1,
      1,
      2,
      2,
      1,
      1,
      1,
      2,
      2,
      2
    ]
  },
  "0.33666666666666667": {
    "val": [
      -2147483648,
      -1,
      0,
      1
    ],
    "counts": [
      987,
      1,
      9,
      3
    ]
  },
  "0.3693333333333333": {
    "val": [
      -2147483648,
      -1,
      0,
      1
    ],
    "counts": [
      987,
      1,
      9,
      3
    ]
  },
  "0.40199999999999997": {
    "val": [
      -2147483648,
      -1,
      0,
      1,
      2
    ],
    "counts": [
      987,
      1,
      9,
      2,
      1
    ]
  },
  "0.43466666666666665": {
    "val": [
      -2147483648,
      -1,
      0,
      1,
      3
    ],
    "counts": [
      987,
      1,
      9,
      2,
      1
    ]
  },
  "0.46733333333333327": {
    "val": [
      -2147483648,
      -1,
      0,
      1
    ],
    "counts": [
      988,
      1,
      9,
      2
    ]
  },
  "0.5": {
    "val": [
      -2147483648,
      -1,
      0,
      1
    ],
    "counts": [
      988,
      1,
      9,
      2
    ]
  }
}