{
  "0.01": {
    "val": [
      -1,
      0,
      1,
      2
    ],
    "counts": [
      1,
      37,
      468,
      494
    ]
  },
  "0.042666666666666665": {
    "val": [
      -1,
      0,
      1,
      2,
      3
    ],
    "counts": [
      1,
      37,
      428,
      533,
      1
    ]
  },
  "0.07533333333333332": {
    "val": [
      -1,
      0,
      1,
      2,
      3
    ],
    "counts": [
      1,
      37,
      295,
      567,
      100
    ]
  },
  "0.10799999999999998": {
    "val": [
      -1,
      0,
      1,
      2,
      3,
      4
    ],
    "counts": [
      1,
      37,
      136,
      260,
      504,
      62
    ]
  },
  "0.14066666666666666": {
    "val": [
      -1,
      0,
      1,
      2,
      3,
      4,
      5
    ],
    "counts": [
      1,
      37,
      60,
      69,
      188,
      429,
      216
    ]
  },
  "0.17333333333333334": {
    "val": [
      -1,
      0,
      1,
      2,
      3,
      4,
      5,
      6,
      7,
      8,
      9
    ],
    "counts": [
      1,
      37,
      27,
      10,
      30,
      37,
      71,
      148,
      378,
      256,
      5
    ]
  },
  "0.206": {
    "val": [
      -1,
      0,
      1,
      2,
      3,
      4,
      5,
      6,
      7,
      8,
      9,
      10,
      11,
      12,
      13,
      14,
      15
    ],
    "counts": [
      1,
      37,
      14,
      9,
      5,
      12,
      12,
      8,
      10,
      13,
      19,
      28,
      50,
      110,
      264,
      360,
      48
    ]
  },
  "0.23866666666666664": {
    "val": [
      -2147483648,
      -1,
      0,
      1,
      2,
      3,
      4,
      5,
      6,
      7,
      8,
      9,
      10
    ],
    "counts": [
      935,
      1,
      37,
      9,
      5,
      1,
      3,
      2,
      1,
      2,
      2,
      1,
      1
    ]
  },
  "0.2713333333333333": {
    "val": [
      -2147483648,
      -1,
      0,
      1,
      3,
      4,
      7,
      10
    ],
    "counts": [
      950,
      1,
      37,
      6,
      2,
      2,
      1,
      1
    ]
  },
  "0.304": {
    "val": [
      -2147483648,
      -1,
      0,
      1
    ],
    "counts": [
      961,
      1,
      37,
      1
    ]
  },
  "0.33666666666666667": {
    "val": [
      -2147483648,
      -1,
      0
    ],
    "counts": [
      962,
      1,
      37
    ]
  },
  "0.3693333333333333": {
    "val": [
      -2147483648,
      -1,
      0
    ],
    "counts": [
      962,
      1,
      37
    ]
  },
  "0.40199999999999997": {
    "val": [
      -2147483648,
      -1,
      0
    ],
    "counts": [
      962,
      1,
      37
    ]
  },
  "0.43466666666666665": {
    "val": [
      -2147483648,
      -1,
      0
    ],
    "counts": [
      962,
      1,
      37
    ]
  },
  "0.46733333333333327": {
    "val": [
      -2147483648,
      -1,
      0
    ],
    "counts": [
      962,
      1,
      37
    ]
  },
  "0.5": {
    "val": [
      -2147483648,
      -1,
      0
    ],
    "counts": [
      962,
      1,
      37
    ]
  }
}