{
  "0.01": {
    "val": [
      -1,
      0,
      1,
      2,
      3,
      4,
      5
    ],
    "counts": [
      1,
      10,
      45,
      149,
      439,
      329,
      27
    ]
  },
  "0.042666666666666665": {
    "val": [
      -1,
      0,
      1,
      2,
      3,
      4,
      5
    ],
    "counts": [
      1,
      10,
      45,
      149,
      439,
      329,
      27
    ]
  },
  "0.07533333333333332": {
    "val": [
      -1,
      0,
      1,
      2,
      3,
      4,
      5
    ],
    "counts": [
      1,
      10,
      45,
      149,
      439,
      329,
      27
    ]
  },
  "0.10799999999999998": {
    "val": [
      -1,
      0,
      1,
      2,
      3,
      4,
      5
    ],
    "counts": [
      1,
      10,
      41,
      125,
      346,
      390,
      87
    ]
  },
  "0.14066666666666666": {
    "val": [
      -1,
      0,
      1,
      2,
      3,
      4,
      5,
      6,
      7,
      8
    ],
    "counts": [
      1,
      10,
      20,
      46,
      64,
      111,
      204,
      293,
      196,
      55
    ]
  },
  "0.17333333333333334": {
    "val": [
      -1,
      0,
      1,
      2,
      3,
      4,
      5,
      6,
      7,
      8,
      9,
      10,
      11,
      12,
      13,
      14,
      15,
      16,
      17,
      18
    ],
    "counts": [
      1,
      10,
      7,
      8,
      10,
      10,
      11,
      12,
      15,
      22,
      26,
      28,
      43,
      67,
      117,
      161,
      255,
      163,
      31,
      3
    ]
  },
  "0.206": {
    "val": [
      -1,
      0,
      1,
      2,
      3,
      4,
      5,
      6,
      7,
      8,
      9,
      10,
      11,
      12,
      13,
      14,
      15,
      16,
      17,
      18,
      19
    ],
    "counts": [
      1,
      10,
      7,
      8,
      8,
      9,
      7,
      12,
      15,
      15,
      20,
      17,
      24,
      35,
      59,
      98,
      135,
      184,
      198,
      121,
      17
    ]
  },
  "0.23866666666666664": {
    "val": [
      -1,
      0,
      1,
      2,
      3,
      4,
      5,
      6,
      7,
      8,
      9,
      10,
      11,
      12,
      13,
      14,
      15,
      16,
      17,
      18,
      19,
      20,
      21,
      22,
      23
    ],
    "counts": [
      1,
      10,
      6,
      6,
      8,
      10,
      6,
      9,
      12,
      14,
      17,
      15,
      15,
      21,
      27,
      31,
      42,
      61,
      77,
      104,
      130,
      157,
      114,
      77,
      30
    ]
  },
  "0.2713333333333333": {
    "val": [
      -1,
      0,
      1,
      2,
      3,
      4,
      5,
      6,
      7,
      8,
      9,
      10,
      11,
      12,
      13,
      14,
      15,
      16,
      17,
      18,
      19,
      20,
      21,
      22,
      23,
      24,
      25,
      26,
      27,
      28,
      29,
      30,
      31,
      32,
      33,
      34,
      35,
      36,
      37,
      38,
      39,
      40,
      41,
      42,
      43,
      44,
      45,
      46,
      47,
      48,
      49,
      50,
      51,
      52
    ],
    "counts": [
      1,
      10,
      4,
      3,
      2,
      4,
      4,
      2,
      3,
      4,
      5,
      3,
      2,
      2,
      4,
      4,
      3,
      4,
      5,
      2,
      1,
      2,
      2,
      3,
      4,
      5,
      6,
      5,
      7,
      8,
      11,
      8,
      7,
      7,
      12,
      9,
      8,
      15,
      17,
      20,
      21,
      19,
      22,
      26,
      32,
      29,
      40,
      65,
      78,
      113,
      132,
      108,
      62,
      25
    ]
  },
  "0.304": {
    "val": [
      -2147483648,
      -1,
      0,
      1,
      2,
      3,
      4,
      5,
      6,
      7,
      8
    ],
    "counts": [
      977,
      1,
      10,
      4,
      2,
      1,
      1,
      1,
      1,
      1,
      1
    ]
  },
  "0.33666666666666667": {
    "val": [
      -2147483648,
      -1,
      0,
      1,
      2,
      3
    ],
    "counts": [
      984,
      1,
      10,
      3,
      1,
      1
    ]
  },
  "0.3693333333333333": {
    "val": [
      -2147483648,
      -1,
      0,
      1,
      2,
      3
    ],
    "counts": [
      984,
      1,
      10,
      3,
      1,
      1
    ]
  },
  "0.40199999999999997": {
    "val": [
      -2147483648,
      -1,
      0,
      1,
      2
    ],
    "counts": [
      986,
      1,
      10,
      2,
      1
    ]
  },
  "0.43466666666666665": {
    "val": [
      -2147483648,
      -1,
      0,
      1,
      2
    ],
    "counts": [
      986,
      1,
      10,
      2,
      1
    ]
  },
  "0.46733333333333327": {
    "val": [
      -2147483648,
      -1,
      0,
      1,
      2
    ],
    "counts": [
      986,
      1,
      10,
      2,
      1
    ]
  },
  "0.5": {
    "val": [
      -2147483648,
      -1,
      0,
      1,
      2
    ],
    "counts": [
      986,
      1,
      10,
      2,
      1
    ]
  }
}