{
  "0.01": {
    "val": [
      -1,
      0,
      1,
      2,
      3,
      4,
      5,
      6,
      7,
      8
    ],
    "counts": [
      1,
      57,
      244,
      80,
      122,
      204,
      147,
      52,
      79,
      14
    ]
  },
  "0.042666666666666665": {
    "val": [
      -1,
      0,
      1,
      2,
      3,
      4,
      5,
      6,
      7,
      8,
      9,
      10,
      11,
      12,
      13,
      14,
      15,
      16
    ],
    "counts": [
      1,
      57,
      243,
      6,
      26,
      45,
      44,
      23,
      46,
      72,
      118,
      138,
      49,
      19,
      20,
      32,
      54,
      7
    ]
  },
  "0.07533333333333332": {
    "val": [
      -1,
      0,
      1,
      2,
      3,
      4,
      5,
      6,
      7,
      8,
      9,
      10,
      11,
      12,
      13,
      14,
      15,
      16,
      17,
      18,
      19,
      20,
      21,
      22,
      23,
      24,
      25
    ],
    "counts": [
      1,
      57,
      238,
      7,
      4,
      13,
      22,
      34,
      30,
      16,
      14,
      15,
      33,
      35,
      49,
      76,
      95,
      78,
      42,
      19,
      10,
      10,
      16,
      21,
      38,
      26,
      1
    ]
  },
  "0.10799999999999998": {
    "val": [
      -1,
      0,
      1,
      2,
      3,
      4,
      5,
      6,
      7,
      8,
      9,
      10,
      11,
      12,
      13,
      14,
      15,
      16,
      17,
      18,
      19,
      20,
      21,
      22,
      23,
      24,
      25,
      26,
      27,
      28,
      29,
      30,
      31,
      32,
      33,
      34
    ],
    "counts": [
      1,
      57,
      224,
      15,
      4,
      5,
      5,
      8,
      12,
      26,
      24,
      22,
      14,
      6,
      12,
      8,
      14,
      25,
      20,
      29,
      32,
      44,
      68,
      81,
      59,
      38,
      16,
      16,
      7,
      7,
      8,
      11,
      21,
      32,
      24,
      5
    ]
  },
  "0.14066666666666666": {
    "val": [
      -1,
      0,
      1,
      2,
      3,
      4,
      5,
      6,
      7,
      8,
      9,
      10,
      11,
      12,
      13,
      14,
      15,
      16,
      17,
      18,
      19,
      20,
      21,
      22,
      23,
      24,
      25,
      26,
      27,
      28,
      29,
      30,
      31,
      32,
      33,
      34,
      35,
      36,
      37,
      38,
      39,
      40,
      41,
      42,
      43,
      44,
      45
    ],
    "counts": [
      1,
      57,
      206,
      22,
      9,
      4,
      2,
      4,
      4,
      6,
      5,
      11,
      16,
      22,
      16,
      18,
      10,
      5,
      3,
      4,
      7,
      8,
      15,
      14,
      13,
      22,
      25,
      14,
      16,
      29,
      49,
      53,
      52,
      53,
      37,
      33,
      11,
      13,
      7,
      5,
      6,
      6,
      15,
      22,
      24,
      22,
      4
    ]
  },
  "0.17333333333333334": {
    "val": [
      -2147483648,
      -1,
      0,
      1,
      2,
      3,
      4,
      5,
      7
    ],
    "counts": [
      705,
      1,
      57,
      187,
      28,
      11,
      5,
      2,
      4
    ]
  },
  "0.206": {
    "val": [
      -2147483648,
      -1,
      0,
      1,
      2,
      3,
      4,
      5,
      7
    ],
    "counts": [
      717,
      1,
      57,
      160,
      24,
      19,
      12,
      8,
      2
    ]
  },
  "0.23866666666666664": {
    "val": [
      -2147483648,
      -1,
      0,
      1,
      2,
      3,
      4,
      5,
      6,
      7,
      8,
      9
    ],
    "counts": [
      719,
      1,
      57,
      134,
      23,
      21,
      17,
      10,
      7,
      8,
      2,
      1
    ]
  },
  "0.2713333333333333": {
    "val": [
      -2147483648,
      -1,
      0,
      1,
      2,
      3,
      4,
      5,
      6,
      7,
      8,
      9,
      10,
      11,
      12
    ],
    "counts": [
      719,
      1,
      57,
      119,
      16,
      18,
      15,
      14,
      13,
      3,
      10,
      8,
      4,
      1,
      2
    ]
  },
  "0.304": {
    "val": [
      -2147483648,
      -1,
      0,
      1,
      2,
      3,
      4,
      5,
      6,
      7,
      8,
      9,
      10,
      11,
      12,
      13,
      14
    ],
    "counts": [
      722,
      1,
      57,
      99,
      13,
      20,
      15,
      13,
      10,
      11,
      9,
      4,
      4,
      9,
      7,
      5,
      1
    ]
  },
  "0.33666666666666667": {
    "val": [
      -2147483648,
      -1,
      0,
      1,
      2,
      3,
      4,
      5,
      6,
      7,
      8,
      9,
      10,
      11,
      12,
      13,
      14,
      15,
      16,
      17,
      18
    ],
    "counts": [
      724,
      1,
      57,
      73,
      15,
      15,
      13,
      14,
      12,
      12,
      12,
      7,
      7,
      6,
      7,
      2,
      3,
      6,
      7,
      4,
      3
    ]
  },
  "0.3693333333333333": {
    "val": [
      -2147483648,
      -1,
      0,
      1,
      2,
      3,
      4,
      5,
      6,
      7,
      8,
      9,
      10,
      11,
      12,
      13,
      14,
      15,
      16,
      17,
      18,
      19,
      20,
      21,
      22,
      23
    ],
    "counts": [
      724,
      1,
      57,
      58,
      13,
      5,
      11,
      9,
      12,
      14,
      9,
      8,
      12,
      9,
      8,
      6,
      5,
      4,
      8,
      2,
      2,
      4,
      5,
      7,
      4,
      3
    ]
  },
  "0.40199999999999997": {
    "val": [
      -2147483648,
      -1,
      0,
      1,
      2,
      3,
      4,
      5,
      6,
      7,
      8,
      9,
      10,
      11,
      12,
      13,
      14,
      15,
      16,
      17,
      18,
      19,
      20,
      21,
      22,
      23,
      24,
      25,
      26,
      27,
      28,
      29,
      30,
      31,
      32,
      33,
      34
    ],
    "counts": [
      724,
      1,
      57,
      43,
      7,
      5,
      5,
      4,
      4,
      3,
      3,
      3,
      11,
      7,
      6,
      10,
      8,
      7,
      8,
      7,
      6,
      10,
      7,
      7,
      9,
      3,
      3,
      3,
      2,
      2,
      1,
      3,
      2,
      6,
      5,
      4,
      4
    ]
  },
  "0.43466666666666665": {
    "val": [
      -2147483648,
      -1,
      0,
      1,
      2,
      3,
      4,
      5,
      6,
      8
    ],
    "counts": [
      883,
      1,
      57,
      33,
      5,
      5,
      5,
      6,
      1,
      4
    ]
  },
  "0.46733333333333327": {
    "val": [
      -2147483648,
      -1,
      0,
      1,
      2,
      3,
      4,
      5,
      6,
      7,
      8,
      9,
      10,
      12
    ],
    "counts": [
      893,
      1,
      57,
      20,
      4,
      2,
      5,
      4,
      3,
      4,
      2,
      2,
      1,
      2
    ]
  },
  "0.5": {
    "val": [
      -2147483648,
      -1,
      0,
      1,
      2,
      4
    ],
    "counts": [
      920,
      1,
      57,
      20,
      1,
      1
    ]
  }
}