{
  "0.01": {
    "val": [
      -1,
      0,
      1,
      2,
      3
    ],
    "counts": [
      1,
      21,
      263,
      705,
      10
    ]
  },
  "0.042666666666666665": {
    "val": [
      -1,
      0,
      1,
      2,
      3
    ],
    "counts": [
      1,
      21,
      260,
      708,
      10
    ]
  },
  "0.07533333333333332": {
    "val": [
      -1,
      0,
      1,
      2,
      3,
      4
    ],
    "counts": [
      1,
      21,
      73,
      361,
      543,
      1
    ]
  },
  "0.10799999999999998": {
    "val": [
      -1,
      0,
      1,
      2,
      3,
      4
    ],
    "counts": [
      1,
      21,
      35,
      135,
      557,
      251
    ]
  },
  "0.14066666666666666": {
    "val": [
      -1,
      0,
      1,
      2,
      3,
      4,
      5,
      6,
      7
    ],
    "counts": [
      1,
      21,
      9,
      12,
      18,
      46,
      152,
      542,
      199
    ]
  },
  "0.17333333333333334": {
    "val": [
      -2147483648,
      -1,
      0
    ],
    "counts": [
      978,
      1,
      21
    ]
  },
  "0.206": {
    "val": [
      -2147483648,
      -1,
      0
    ],
    "counts": [
      978,
      1,
      21
    ]
  },
  "0.23866666666666664": {
    "val": [
      -2147483648,
      -1,
      0
    ],
    "counts": [
      978,
      1,
      21
    ]
  },
  "0.2713333333333333": {
    "val": [
      -2147483648,
      -1,
      0
    ],
    "counts": [
      978,
      1,
      21
    ]
  },
  "0.304": {
    "val": [
      -2147483648,
      -1,
      0
    ],
    "counts": [
      978,
      1,
      21
    ]
  },
  "0.33666666666666667": {
    "val": [
      -2147483648,
      -1,
      0
    ],
    "counts": [
      978,
      1,
      21
    ]
  },
  "0.3693333333333333": {
    "val": [
      -2147483648,
      -1,
      0
    ],
    "counts": [
      978,
      1,
      21
    ]
  },
  "0.40199999999999997": {
    "val": [
      -2147483648,
      -1,
      0
    ],
    "counts": [
      978,
      1,
      21
    ]
  },
  "0.43466666666666665": {
    "val": [
      -2147483648,
      -1,
      0
    ],
    "counts": [
      978,
      1,
      21
    ]
  },
  "0.46733333333333327": {
    "val": [
      -2147483648,
      -1,
      0
    ],
    "counts": [
      978,
      1,
      21
    ]
  },
  "0.5": {
    "val": [
      -2147483648,
      -1,
      0
    ],
    "counts": [
      978,
      1,
      21
    ]
  }
}