ID	p	network	CC	T	SP	l2	lmax_l2	Rg
Network_p=0.0	0.0	ws	0.5	0.5	1250.3750375037503	1.9739206587378377e-06	3166287.326506416	16675610374.85595
