{
  "0.01": {
    "val": [
      -1,
      0,
      1,
      2,
      3,
      4
    ],
    "counts": [
      1,
      19,
      134,
      342,
      473,
      31
    ]
  },
  "0.042666666666666665": {
    "val": [
      -1,
      0,
      1,
      2,
      3,
      4,
      5,
      6,
      7
    ],
    "counts": [
      1,
      19,
      134,
      25,
      102,
      188,
      265,
      221,
      45
    ]
  },
  "0.07533333333333332": {
    "val": [
      -1,
      0,
      1,
      2,
      3,
      4,
      5,
      6,
      7,
      8,
      9,
      10,
      11,
      12,
      13,
      14,
      15
    ],
    "counts": [
      1,
      19,
      25,
      10,
      26,
      19,
      31,
      33,
      44,
      51,
      76,
      98,
      139,
      178,
      170,
      76,
      4
    ]
  },
  "0.10799999999999998": {
    "val": [
      -1,
      0,
      1,
      2,
      3,
      4,
      5,
      6,
      7,
      8,
      9,
      10,
      11,
      12,
      13,
      14,
      15,
      16,
      17,
      18,
      19,
      20,
      21,
      22,
      23,
      24,
      25,
      26,
      27,
      28
    ],
    "counts": [
      1,
      19,
      19,
      2,
      3,
      3,
      6,
      6,
      7,
      7,
      7,
      12,
      7,
      13,
      12,
      13,
      18,
      34,
      38,
      38,
      38,
      60,
      58,
      91,
      106,
      142,
      119,
      83,
      31,
      7
    ]
  },
  "0.14066666666666666": {
    "val": [
      -1,
      0,
      1,
      2,
      3,
      4,
      5,
      7,
      8,
      9,
      10,
      11,
      12,
      13,
      14,
      15,
      16,
      17,
      18,
      19,
      20,
      21,
      22,
      23,
      24,
      25,
      26,
      27,
      28,
      29,
      30,
      31,
      32,
      33,
      34,
      35,
      36,
      37,
      38,
      39,
      40,
      41,
      42,
      43,
      44,
      45,
      46,
      47,
      48,
      49,
      50
    ],
    "counts": [
      1,
      19,
      12,
      2,
      2,
      1,
      3,
      2,
      3,
      3,
      3,
      2,
      4,
      2,
      4,
      7,
      4,
      4,
      5,
      8,
      5,
      6,
      5,
      8,
      6,
      5,
      10,
      10,
      7,
      10,
      12,
      17,
      19,
      16,
      23,
      24,
      32,
      29,
      47,
      31,
      63,
      61,
      94,
      91,
      93,
      85,
      56,
      22,
      16,
      5,
      1
    ]
  },
  "0.17333333333333334": {
    "val": [
      -1,
      0,
      1,
      2,
      3,
      4,
      5,
      6,
      7,
      9,
      11,
      12,
      13,
      14,
      15,
      16,
      17,
      18,
      19,
      20,
      22,
      23,
      24,
      25,
      26,
      27,
      28,
      29,
      30,
      31,
      32,
      33,
      34,
      35,
      36,
      37,
      38,
      39,
      40,
      41,
      42,
      43,
      44,
      45,
      46,
      47,
      48,
      49,
      50,
      51,
      52,
      53,
      54,
      55,
      56,
      57,
      58,
      59,
      60,
      61,
      62,
      63,
      64,
      65,
      66,
      67,
      68,
      69,
      70,
      71,
      72,
      73,
      74,
      75,
      76,
      77,
      78
    ],
    "counts": [
      1,
      19,
      10,
      2,
      1,
      2,
      1,
      2,
      2,
      1,
      2,
      2,
      2,
      3,
      1,
      2,
      1,
      3,
      1,
      4,
      2,
      2,
      3,
      3,
      2,
      3,
      3,
      3,
      3,
      4,
      4,
      5,
      4,
      4,
      6,
      4,
      4,
      6,
      5,
      4,
      4,
      4,
      5,
      7,
      2,
      4,
      5,
      9,
      7,
      7,
      7,
      10,
      12,
      17,
      14,
      13,
      14,
      21,
      17,
      21,
      22,
      23,
      41,
      38,
      44,
      47,
      54,
      58,
      59,
      72,
      65,
      57,
      41,
      18,
      16,
      8,
      1
    ]
  },
  "0.206": {
    "val": [
      -1,
      0,
      1,
      2,
      3,
      4,
      6,
      7,
      8,
      9,
      10,
      12,
      14,
      15,
      16,
      17,
      18,
      19,
      20,
      21,
      22,
      23,
      24,
      25,
      26,
      27,
      28,
      29,
      30,
      31,
      32,
      33,
      34,
      36,
      37,
      38,
      39,
      40,
      41,
      42,
      43,
      44,
      45,
      46,
      47,
      48,
      49,
      50,
      51,
      52,
      53,
      54,
      55,
      56,
      57,
      58,
      59,
      60,
      61,
      62,
      63,
      64,
      65,
      66,
      67,
      68,
      69,
      70,
      71,
      72,
      73,
      74,
      75,
      76,
      77,
      78,
      79,
      80,
      81,
      82,
      83,
      84,
      85,
      86,
      87,
      88,
      89,
      90,
      91,
      92,
      93,
      94,
      95,
      96,
      97,
      98,
      99,
      100,
      101,
      102,
      103,
      104,
      105,
      106,
      107,
      108,
      109,
      110,
      111,
      112,
      113,
      114,
      115,
      116,
      117,
      118,
      119,
      120,
      121,
      122
    ],
    "counts": [
      1,
      19,
      9,
      1,
      1,
      2,
      2,
      1,
      2,
      1,
      1,
      1,
      1,
      1,
      2,
      2,
      1,
      1,
      2,
      1,
      1,
      1,
      2,
      2,
      2,
      2,
      1,
      2,
      1,
      1,
      1,
      2,
      1,
      3,
      3,
      1,
      2,
      1,
      1,
      1,
      3,
      3,
      2,
      2,
      3,
      3,
      2,
      2,
      4,
      1,
      3,
      5,
      4,
      2,
      4,
      5,
      5,
      2,
      1,
      5,
      3,
      6,
      2,
      2,
      5,
      3,
      3,
      3,
      1,
      4,
      5,
      1,
      7,
      2,
      6,
      5,
      2,
      2,
      6,
      2,
      5,
      4,
      7,
      4,
      4,
      4,
      7,
      9,
      6,
      9,
      8,
      10,
      11,
      15,
      12,
      10,
      14,
      15,
      14,
      14,
      16,
      16,
      24,
      23,
      26,
      28,
      34,
      36,
      34,
      56,
      58,
      52,
      53,
      59,
      35,
      24,
      12,
      15,
      2,
      1
    ]
  },