{
  "0.01": {
    "val": [
      -1,
      0,
      1,
      2,
      3
    ],
    "counts": [
      1,
      37,
      389,
      559,
      14
    ]
  },
  "0.042666666666666665": {
    "val": [
      -1,
      0,
      1,
      2,
      3,
      4
    ],
    "counts": [
      1,
      37,
      349,
      248,
      311,
      54
    ]
  },
  "0.07533333333333332": {
    "val": [
      -1,
      0,
      1,
      2,
      3,
      4,
      5,
      6
    ],
    "counts": [
      1,
      37,
      259,
      59,
      155,
      263,
      188,
      38
    ]
  },
  "0.10799999999999998": {
    "val": [
      -1,
      0,
      1,
      2,
      3,
      4,
      5,
      6,
      7,
      8,
      9
    ],
    "counts": [
      1,
      37,
      174,
      50,
      42,
      79,
      132,
      188,
      182,
      101,
      14
    ]
  },
  "0.14066666666666666": {
    "val": [
      -1,
      0,
      1,
      2,
      3,
      4,
      5,
      6,
      7,
      8,
      9,
      10,
      11,
      12,
      13,
      14
    ],
    "counts": [
      1,
      37,
      102,
      10,
      28,
      31,
      25,
      42,
      67,
      75,
      125,
      137,
      152,
      125,
      40,
      3
    ]
  },
  "0.17333333333333334": {
    "val": [
      -1,
      0,
      1,
      2,
      3,
      4,
      5,
      6,
      7,
      8,
      9,
      10,
      11,
      12,
      13,
      14,
      15,
      16,
      17,
      18,
      19,
      20,
      21
    ],
    "counts": [
      1,
      37,
      61,
      8,
      15,
      7,
      18,
      12,
      18,
      19,
      24,
      20,
      34,
      49,
      63,
      70,
      96,
      112,
      120,
      126,
      67,
      21,
      2
    ]
  },
  "0.206": {
    "val": [
      -1,
      0,
      1,
      2,
      3,
      4,
      5,
      6,
      7,
      8,
      9,
      10,
      11,
      12,
      13,
      14,
      15,
      16,
      17,
      18,
      19,
      20,
      21,
      22,
      23,
      24,
      25,
      26,
      27,
      28,
      29,
      30,
      31,
      32
    ],
    "counts": [
      1,
      37,
      42,
      3,
      1,
      5,
      4,
      9,
      7,
      7,
      8,
      6,
      10,
      11,
      11,
      14,
      8,
      14,
      23,
      23,
      19,
      25,
      38,
      36,
      50,
      63,
      86,
      84,
      106,
      107,
      86,
      47,
      7,
      2
    ]
  },
  "0.23866666666666664": {
    "val": [
      -1,
      0,
      1,
      2,
      3,
      5,
      6,
      7,
      8,
      9,
      10,
      11,
      12,
      13,
      14,
      15,
      16,
      17,
      18,
      19,
      20,
      21,
      22,
      23,
      24,
      25,
      26,
      27,
      28,
      29,
      30,
      31,
      32,
      33,
      34,
      35,
      36,
      37,
      38,
      39,
      40,
      41,
      42,
      43,
      44,
      45,
      46,
      47,
      48,
      49,
      50,
      51,
      52,
      53,
      54,
      55,
      56,
      57,
      58,
      59,
      60
    ],
    "counts": [
      1,
      37,
      26,
      2,
      4,
      1,
      1,
      4,
      2,
      3,
      1,
      1,
      2,
      3,
      7,
      3,
      1,
      3,
      1,
      2,
      3,
      2,
      4,
      1,
      3,
      5,
      4,
      7,
      4,
      3,
      4,
      8,
      8,
      5,
      5,
      6,
      5,
      9,
      10,
      9,
      9,
      14,
      10,
      14,
      16,
      23,
      31,
      27,
      28,
      28,
      47,
      63,
      59,
      71,
      96,
      82,
      80,
      62,
      23,
      6,
      1
    ]
  },
  "0.2713333333333333": {
    "val": [
      -2147483648,
      -1,
      0,
      1,
      2,
      3,
      4,
      5,
      6,
      7,
      10,
      13,
      14,
      15,
      16,
      17,
      19,
      25
    ],
    "counts": [
      933,
      1,
      37,
      13,
      1,
      1,
      1,
      1,
      2,
      1,
      1,
      1,
      2,
      1,
      1,
      1,
      1,
      1
    ]
  },
  "0.304": {
    "val": [
      -2147483648,
      -1,
      0,
      1,
      7
    ],
    "counts": [
      951,
      1,
      37,
      10,
      1
    ]
  },
  "0.33666666666666667": {
    "val": [
      -2147483648,
      -1,
      0,
      1
    ],
    "counts": [
      954,
      1,
      37,
      8
    ]
  },
  "0.3693333333333333": {
    "val": [
      -2147483648,
      -1,
      0,
      1
    ],
    "counts": [
      955,
      1,
      37,
      7
    ]
  },
  "0.40199999999999997": {
    "val": [
      -2147483648,
      -1,
      0,
      1
    ],
    "counts": [
      956,
      1,
      37,
      6
    ]
  },
  "0.43466666666666665": {
    "val": [
      -2147483648,
      -1,
      0,
      1
    ],
    "counts": [
      956,
      1,
      37,
      6
    ]
  },
  "0.46733333333333327": {
    "val": [
      -2147483648,
      -1,
      0,
      1
    ],
    "counts": [
      957,
      1,
      37,
      5
    ]
  },
  "0.5": {
    "val": [
      -2147483648,
      -1,
      0,
      1
    ],
    "counts": [
      957,
      1,
      37,
      5
    ]
  }
}