{
  "0.01": {
    "val": [
      -1,
      0,
      1,
      2,
      3
    ],
    "counts": [
      1,
      19,
      134,
      627,
      219
    ]
  },
  "0.042666666666666665": {
    "val": [
      -1,
      0,
      1,
      2,
      3,
      4,
      5
    ],
    "counts": [
      1,
      19,
      134,
      100,
      291,
      374,
      81
    ]
  },
  "0.07533333333333332": {
    "val": [
      -1,
      0,
      1,
      2,
      3,
      4,
      5,
      6,
      7,
      8,
      9,
      10
    ],
    "counts": [
      1,
      19,
      25,
      19,
      32,
      39,
      68,
      93,
      156,
      242,
      242,
      64
    ]
  },
  "0.10799999999999998": {
    "val": [
      -1,
      0,
      1,
      2,
      3,
      4,
      5,
      6,
      7,
      8,
      9,
      10,
      11,
      12,
      13,
      14,
      15,
      16,
      17,
      18
    ],
    "counts": [
      1,
      19,
      19,
      3,
      8,
      10,
      9,
      15,
      17,
      18,
      27,
      46,
      63,
      71,
      111,
      151,
      213,
      144,
      52,
      3
    ]
  },
  "0.14066666666666666": {
    "val": [
      -1,
      0,
      1,
      2,
      3,
      4,
      5,
      6,
      7,
      8,
      9,
      10,
      11,
      12,
      13,
      14,
      15,
      16,
      17,
      18,
      19,
      20,
      21,
      22,
      23,
      24,
      25,
      26,
      27,
      28,
      29,
      30
    ],
    "counts": [
      1,
      19,
      12,
      4,
      4,
      1,
      4,
      5,
      5,
      6,
      8,
      8,
      10,
      9,
      9,
      11,
      10,
      17,
      15,
      17,
      28,
      34,
      38,
      48,
      60,
      83,
      115,
      139,
      152,
      89,
      33,
      6
    ]
  },
  "0.17333333333333334": {
    "val": [
      -1,
      0,
      1,
      2,
      3,
      4,
      5,
      6,
      7,
      8,
      9,
      10,
      11,
      12,
      13,
      14,
      15,
      16,
      17,
      18,
      19,
      20,
      21,
      22,
      23,
      24,
      25,
      26,
      27,
      28,
      29,
      30,
      31,
      32,
      33,
      34,
      35,
      36,
      37,
      38,
      39,
      40,
      41,
      42,
      43,
      44,
      45,
      46,
      47
    ],
    "counts": [
      1,
      19,
      10,
      3,
      3,
      3,
      1,
      1,
      3,
      3,
      3,
      3,
      4,
      4,
      1,
      4,
      6,
      4,
      5,
      6,
      3,
      10,
      9,
      7,
      10,
      6,
      7,
      11,
      6,
      6,
      13,
      12,
      16,
      13,
      33,
      21,
      32,
      33,
      29,
      68,
      69,
      78,
      91,
      110,
      104,
      72,
      28,
      14,
      2
    ]
  },
  "0.206": {
    "val": [
      -1,
      0,
      1,
      2,
      3,
      4,
      5,
      6,
      7,
      8,
      9,
      10,
      11,
      13,
      14,
      15,
      16,
      18,
      19,
      21,
      22,
      23,
      24,
      25,
      26,
      27,
      28,
      29,
      30,
      31,
      32,
      33,
      34,
      35,
      36,
      37,
      38,
      39,
      40,
      41,
      42,
      43,
      44,
      45,
      46,
      47,
      48,
      49,
      50,
      51,
      52,
      53,
      54,
      55,
      56,
      57,
      58,
      59,
      60,
      61,
      62,
      63,
      64,
      65,
      66,
      67,
      68,
      69,
      70,
      71,
      72,
      73
    ],
    "counts": [
      1,
      19,
      9,
      2,
      2,
      3,
      2,
      1,
      1,
      1,
      3,
      1,
      5,
      2,
      4,
      1,
      5,
      2,
      6,
      3,
      3,
      3,
      3,
      1,
      4,
      5,
      2,
      7,
      3,
      4,
      3,
      7,
      10,
      4,
      4,
      7,
      6,
      6,
      3,
      7,
      8,
      2,
      7,
      9,
      4,
      9,
      4,
      6,
      8,
      8,
      9,
      10,
      10,
      14,
      14,
      20,
      22,
      18,
      19,
      29,
      28,
      37,
      43,
      49,
      63,
      70,
      82,
      99,
      70,
      38,
      23,
      3
    ]
  },
  "0.23866666666666664": {
    "val": [
      -1,
      0,
      1,
      3,
      4,
      5,
      6,
      7,
      8,
      9,
      10,
      11,
      12,
      13,
      14,
      15,
      16,
      17,
      18,
      19,
      21,
      22,
      23,
      25,
      27,
      28,
      29,
      30,
      31,
      32,
      33,
      34,
      35,
      36,
      37,
      38,
      39,
      40,
      41,
      42,
      43,
      44,
      45,
      46,
      47,
      48,
      49,
      50,
      51,
      52,
      53,
      54,
      55,
      56,
      57,
      58,
      59,
      60,
      61,
      62,
      63,
      64,
      65,
      66,
      67,
      68,
      69,
      70,
      71,
      72,
      73,
      74,
      75,
      76,
      77,
      78,
      79,
      80,
      81,
      82,
      83,
      84,
      85,
      86,
      87,
      88,
      89,
      90,
      91,
      92,
      93,
      94,
      95,
      96,
      97,
      98,
      99,
      100,
      101,
      102,
      103,
      104,
      105,
      106,
      107,
      108,
      109
    ],
    "counts": [
      1,
      19,
      9,
      2,
      2,
      2,
      2,
      1,
      1,
      1,
      1,
      1,
      2,
      2,
      2,
      1,
      3,
      1,
      1,
      4,
      4,
      2,
      2,
      4,
      3,
      1,
      4,
      1,
      2,
      1,
      3,
      3,
      2,
      2,
      2,
      2,
      4,
      1,
      3,
      1,
      5,
      2,
      3,
      2,
      3,
      3,
      2,
      2,
      4,
      2,
      2,
      7,
      4,
      5,
      5,
      7,
      5,
      5,
      5,
      5,
      3,
      5,
      4,
      4,
      6,
      5,
      3,
      5,
      5,
      5,
      8,
      4,
      4,
      7,
      4,
      7,
      4,
      7,
      3,
      4,
      7,
      6,
      11,
      6,
      2,
      12,
      16,
      8,
      9,
      17,
      20,
      20,
      25,
      26,
      21,
      25,
      28,
      42,
      42,
      60,
      56,
      64,
      59,
      50,
      43,
      40,
      5
    ]
  },