{
  "0.01": {
    "val": [
      -1,
      0,
      1,
      2,
      3,
      4,
      5,
      6
    ],
    "counts": [
      1,
      10,
      35,
      92,
      251,
      392,
      199,
      20
    ]
  },
  "0.042666666666666665": {
    "val": [
      -1,
      0,
      1,
      2,
      3,
      4,
      5,
      6
    ],
    "counts": [
      1,
      10,
      35,
      92,
      251,
      392,
      199,
      20
    ]
  },
  "0.07533333333333332": {
    "val": [
      -1,
      0,
      1,
      2,
      3,
      4,
      5,
      6
    ],
    "counts": [
      1,
      10,
      35,
      92,
      251,
      392,
      199,
      20
    ]
  },
  "0.10799999999999998": {
    "val": [
      -1,
      0,
      1,
      2,
      3,
      4,
      5,
      6,
      7
    ],
    "counts": [
      1,
      10,
      34,
      82,
      190,
      334,
      268,
      75,
      6
    ]
  },
  "0.14066666666666666": {
    "val": [
      -1,
      0,
      1,
      2,
      3,
      4,
      5,
      6,
      7,
      8,
      9,
      10,
      11,
      12,
      13
    ],
    "counts": [
      1,
      10,
      10,
      22,
      33,
      45,
      60,
      78,
      114,
      138,
      170,
      163,
      115,
      33,
      8
    ]
  },
  "0.17333333333333334": {
    "val": [
      -1,
      0,
      1,
      2,
      3,
      4,
      5,
      6,
      7,
      8,
      9,
      10,
      11,
      12,
      13,
      14,
      15,
      16,
      17,
      18,
      19,
      20,
      21,
      22,
      23,
      24,
      25
    ],
    "counts": [
      1,
      10,
      6,
      5,
      9,
      11,
      12,
      12,
      15,
      18,
      24,
      27,
      25,
      33,
      45,
      55,
      61,
      73,
      93,
      119,
      105,
      97,
      72,
      35,
      17,
      13,
      7
    ]
  },
  "0.206": {
    "val": [
      -1,
      0,
      1,
      2,
      3,
      4,
      5,
      6,
      7,
      8,
      9,
      10,
      11,
      12,
      13,
      14,
      15,
      16,
      17,
      18,
      19,
      20,
      21,
      22,
      23,
      24,
      25,
      26,
      27,
      28
    ],
    "counts": [
      1,
      10,
      6,
      5,
      9,
      11,
      12,
      11,
      10,
      12,
      12,
      11,
      12,
      11,
      12,
      17,
      16,
      26,
      36,
      40,
      49,
      50,
      71,
      85,
      89,
      108,
      116,
      83,
      52,
      17
    ]
  },
  "0.23866666666666664": {
    "val": [
      -1,
      0,
      1,
      2,
      3,
      4,
      5,
      6,
      7,
      8,
      9,
      10,
      11,
      12,
      13,
      14,
      15,
      16,
      17,
      18,
      19,
      20,
      21,
      22,
      23,
      24,
      25,
      26,
      27,
      28,
      29,
      30,
      31,
      32,
      33,
      34,
      35,
      36,
      37,
      38,
      39,
      40,
      41,
      42,
      43,
      44,
      45,
      46,
      47,
      48,
      49
    ],
    "counts": [
      1,
      10,
      5,
      4,
      5,
      5,
      6,
      5,
      4,
      6,
      6,
      6,
      6,
      6,
      4,
      7,
      7,
      7,
      11,
      11,
      12,
      11,
      12,
      10,
      9,
      11,
      14,
      18,
      17,
      20,
      21,
      25,
      24,
      26,
      26,
      26,
      33,
      29,
      33,
      41,
      44,
      57,
      78,
      65,
      54,
      55,
      42,
      40,
      14,
      10,
      1
    ]
  },
  "0.2713333333333333": {
    "val": [
      -1,
      0,
      1,
      2,
      3,
      4,
      5,
      6,
      7,
      8,
      9,
      10,
      11,
      12,
      13,
      14,
      15,
      16,
      17,
      18,
      19,
      20,
      21,
      22,
      23,
      24,
      25,
      26,
      27,
      28,
      29,
      30,
      31,
      32,
      33,
      34,
      35,
      36,
      37,
      38,
      39,
      40,
      41,
      42,
      43,
      44,
      45,
      46,
      47,
      48,
      49,
      50,
      51,
      52,
      53,
      54,
      55,
      56,
      57,
      58,
      59,
      60,
      61,
      62,
      63,
      64,
      65,
      66,
      67,
      68,
      69,
      70,
      71,
      72,
      73,
      74,
      75,
      76,
      77,
      78,
      79,
      80,
      81,
      82,
      83,
      84,
      85,
      86,
      87,
      88,
      89,
      90,
      91,
      92,
      93,
      94,
      95,
      96,
      97,
      98,
      99,
      100,
      101,
      102,
      103,
      104,
      105,
      106,
      107,
      108,
      109,
      110,
      111,
      112,
      113,
      114,
      115,
      116
    ],
    "counts": [
      1,
      10,
      4,
      5,
      4,
      4,
      2,
      5,
      5,
      4,
      3,
      4,
      5,
      5,
      4,
      4,
      5,
      3,
      4,
      5,
      4,
      4,
      5,
      6,
      4,
      4,
      3,
      5,
      5,
      4,
      5,
      4,
      6,
      3,
      5,
      4,
      5,
      4,
      4,
      5,
      5,
      4,
      5,
      4,
      6,
      4,
      3,
      4,
      5,
      5,
      3,
      3,
      5,
      6,
      3,
      5,
      2,
      4,
      4,
      4,
      5,
      6,
      5,
      4,
      5,
      4,
      4,
      5,
      4,
      4,
      5,
      6,
      5,
      4,
      6,
      5,
      7,
      8,
      8,
      8,
      11,
      12,
      8,
      10,
      9,
      11,
      10,
      11,
      14,
      16,
      20,
      22,
      20,
      17,
      16,
      19,
      24,
      29,
      33,
      25,
      28,
      27,
      30,
      27,
      22,
      20,
      25,
      24,
      22,
      18,
      16,
      6,
      5,
      4,
      5,
      6,
      5,
      6
    ]
  },