{
  "0.01": {
    "val": [
      -1,
      0,
      1,
      2,
      3,
      4,
      5,
      6
    ],
    "counts": [
      1,
      10,
      38,
      150,
      403,
      369,
      28,
      1
    ]
  },
  "0.042666666666666665": {
    "val": [
      -1,
      0,
      1,
      2,
      3,
      4,
      5,
      6,
      7,
      8
    ],
    "counts": [
      1,
      10,
      38,
      19,
      103,
      132,
      247,
      296,
      142,
      12
    ]
  },
  "0.07533333333333332": {
    "val": [
      -1,
      0,
      1,
      2,
      3,
      4,
      5,
      6,
      7,
      8,
      9,
      10,
      11,
      12
    ],
    "counts": [
      1,
      10,
      38,
      7,
      17,
      54,
      77,
      91,
      142,
      187,
      211,
      135,
      27,
      3
    ]
  },
  "0.10799999999999998": {
    "val": [
      -1,
      0,
      1,
      2,
      3,
      4,
      5,
      6,
      7,
      8,
      9,
      10,
      11,
      12,
      13,
      14,
      15,
      16,
      17
    ],
    "counts": [
      1,
      10,
      33,
      3,
      13,
      10,
      18,
      45,
      49,
      43,
      72,
      99,
      138,
      182,
      161,
      79,
      31,
      12,
      1
    ]
  },
  "0.14066666666666666": {
    "val": [
      -1,
      0,
      1,
      2,
      3,
      4,
      5,
      6,
      7,
      8,
      9,
      10,
      11,
      12,
      13,
      14,
      15,
      16,
      17,
      18,
      19,
      20,
      21,
      22,
      23,
      24,
      25,
      26
    ],
    "counts": [
      1,
      10,
      22,
      3,
      7,
      8,
      8,
      5,
      13,
      14,
      8,
      15,
      20,
      20,
      32,
      31,
      42,
      40,
      56,
      99,
      117,
      118,
      111,
      89,
      56,
      37,
      16,
      2
    ]
  },
  "0.17333333333333334": {
    "val": [
      -1,
      0,
      1,
      2,
      3,
      4,
      5,
      6,
      7,
      8,
      9,
      10,
      11,
      12,
      13,
      14,
      15,
      16,
      17,
      18,
      19,
      20,
      21,
      22,
      23,
      24,
      25,
      26,
      27,
      28,
      29,
      30,
      31,
      32,
      33,
      34,
      35,
      36,
      37,
      38,
      39,
      40,
      41,
      42,
      43,
      44,
      45,
      46,
      47,
      48,
      49,
      50,
      51,
      52,
      53,
      54,
      55,
      56
    ],
    "counts": [
      1,
      10,
      7,
      2,
      1,
      2,
      2,
      1,
      2,
      3,
      2,
      3,
      3,
      1,
      4,
      4,
      3,
      4,
      2,
      5,
      4,
      3,
      3,
      6,
      4,
      4,
      7,
      5,
      6,
      6,
      7,
      4,
      8,
      6,
      8,
      11,
      11,
      8,
      17,
      21,
      17,
      28,
      32,
      45,
      40,
      48,
      56,
      59,
      64,
      70,
      85,
      69,
      74,
      47,
      31,
      11,
      8,
      5
    ]
  },
  "0.206": {
    "val": [
      -1,
      0,
      1,
      2,
      3,
      5,
      6,
      7,
      8,
      9,
      10,
      12,
      13,
      14,
      15,
      16,
      17,
      18,
      19,
      20,
      21,
      22,
      23,
      24,
      25,
      26,
      27,
      28,
      29,
      30,
      31,
      32,
      33,
      34,
      35,
      36,
      37,
      38,
      39,
      40,
      41,
      42,
      43,
      44,
      45,
      46,
      47,
      48,
      49,
      50,
      51,
      52,
      53,
      54,
      55,
      56,
      57,
      58,
      59,
      60,
      61,
      62,
      63,
      64,
      65,
      66,
      67,
      68,
      69,
      70,
      71,
      72,
      73,
      74,
      75
    ],
    "counts": [
      1,
      10,
      7,
      1,
      2,
      2,
      2,
      1,
      1,
      2,
      3,
      4,
      1,
      1,
      4,
      1,
      1,
      3,
      2,
      3,
      2,
      4,
      3,
      4,
      3,
      1,
      2,
      4,
      5,
      5,
      1,
      4,
      5,
      3,
      3,
      2,
      2,
      9,
      4,
      4,
      8,
      3,
      5,
      3,
      6,
      9,
      9,
      7,
      8,
      10,
      9,
      12,
      13,
      17,
      21,
      19,
      24,
      28,
      39,
      43,
      43,
      54,
      39,
      51,
      52,
      55,
      69,
      60,
      50,
      44,
      39,
      13,
      9,
      5,
      2
    ]
  },
  "0.23866666666666664": {
    "val": [
      -1,
      0,
      1,
      2,
      3,
      4,
      5,
      6,
      7,
      9,
      10,
      12,
      13,
      15,
      16,
      18,
      19,
      21,
      22,
      24,
      25,
      26,
      27,
      28,
      29,
      30,
      31,
      32,
      33,
      35,
      36,
      37,
      39,
      40,
      41,
      43,
      44,
      45,
      46,
      47,
      48,
      49,
      50,
      51,
      52,
      53,
      54,
      55,
      56,
      57,
      58,
      59,
      60,
      61,
      62,
      63,
      64,
      65,
      66,
      67,
      68,
      69,
      70,
      71,
      72,
      73,
      74,
      75,
      76,
      77,
      78,
      79,
      80,
      81,
      82,
      83,
      84,
      85,
      86,
      87,
      88,
      89,
      90,
      91,
      92,
      93,
      94,
      95,
      96,
      97,
      98,
      99,
      100,
      101,
      102,
      103,
      104,
      105
    ],
    "counts": [
      1,
      10,
      5,
      2,
      1,
      1,
      1,
      1,
      2,
      2,
      1,
      3,
      2,
      2,
      3,
      2,
      2,
      3,
      1,
      2,
      2,
      1,
      1,
      2,
      2,
      4,
      3,
      3,
      3,
      2,
      1,
      3,
      5,
      5,
      2,
      4,
      3,
      2,
      3,
      4,
      1,
      2,
      4,
      1,
      3,
      4,
      5,
      2,
      3,
      4,
      2,
      3,
      5,
      6,
      7,
      3,
      8,
      6,
      3,
      4,
      4,
      6,
      9,
      9,
      10,
      2,
      9,
      8,
      9,
      11,
      11,
      19,
      15,
      12,
      17,
      16,
      33,
      29,
      23,
      22,
      35,
      32,
      27,
      50,
      47,
      45,
      41,
      41,
      42,
      40,
      37,
      29,
      26,
      27,
      13,
      11,
      4,
      1
    ]
  },
  "0.2713333333333333": {
    "val": [
      -2147483648,
      -1,
      0,
      1,
      4,
      7,
      9,
      12,
      16,
      17,
      20,
      21,
      23,
      25,
      28,
      34,
      35,
      39,
      40,
      42,
      43,
      44,
      47,
      49,
      51,
      53,
      54,
      55,
      58,
      59,
      61,
      63,
      65,
      66,
      68,
      69,
      71,
      73,
      74,
      75,
      77,
      78,
      80,
      81,
      83,
      84,
      87,
      90,
      91,
      92,
      93,
      95,
      96,
      98,
      99,
      100,
      103,
      107
    ],
    "counts": [
      911,
      1,
      10,
      2,
      2,
      1,
      1,
      2,
      2,
      1,
      1,
      2,
      1,
      1,
      2,
      1,
      1,
      1,
      1,
      2,
      1,
      1,
      1,
      2,
      1,
      2,
      1,
      2,
      1,
      1,
      2,
      3,
      1,
      1,
      3,
      1,
      2,
      1,
      1,
      1,
      1,
      1,
      1,
      1,
      1,
      3,
      2,
      1,
      2,
      1,
      2,
      2,
      1,
      1,
      1,
      2,
      1,
      1
    ]
  },
  "0.304": {
    "val": [
      -2147483648,
      -1,
      0,
      1,
      5,
      6,
      9,
      12,
      16,
      21,
      22,
      25,
      26,
      28,
      29,
      31
    ],