{
  "0.01": {
    "val": [
      -1,
      0,
      1,
      2,
      3
    ],
    "counts": [
      1,
      37,
      427,
      532,
      3
    ]
  },
  "0.042666666666666665": {
    "val": [
      -1,
      0,
      1,
      2,
      3
    ],
    "counts": [
      1,
      37,
      378,
      561,
      23
    ]
  },
  "0.07533333333333332": {
    "val": [
      -1,
      0,
      1,
      2,
      3
    ],
    "counts": [
      1,
      37,
      295,
      559,
      108
    ]
  },
  "0.10799999999999998": {
    "val": [
      -1,
      0,
      1,
      2,
      3,
      4
    ],
    "counts": [
      1,
      37,
      186,
      429,
      345,
      2
    ]
  },
  "0.14066666666666666": {
    "val": [
      -1,
      0,
      1,
      2,
      3,
      4,
      5
    ],
    "counts": [
      1,
      37,
      98,
      192,
      407,
      264,
      1
    ]
  },
  "0.17333333333333334": {
    "val": [
      -1,
      0,
      1,
      2,
      3,
      4,
      5,
      6
    ],
    "counts": [
      1,
      37,
      58,
      92,
      180,
      365,
      264,
      3
    ]
  },
  "0.206": {
    "val": [
      -1,
      0,
      1,
      2,
      3,
      4,
      5,
      6,
      7
    ],
    "counts": [
      1,
      37,
      42,
      40,
      53,
      97,
      205,
      377,
      148
    ]
  },
  "0.23866666666666664": {
    "val": [
      -1,
      0,
      1,
      2,
      3,
      4,
      5,
      6,
      7,
      8,
      9,
      10,
      11
    ],
    "counts": [
      1,
      37,
      29,
      27,
      23,
      20,
      36,
      50,
      75,
      144,
      312,
      232,
      14
    ]
  },
  "0.2713333333333333": {
    "val": [
      -1,
      0,
      1,
      2,
      3,
      4,
      5,
      6,
      7,
      8,
      9,
      10,
      11,
      12,
      13,
      14,
      15,
      16,
      17,
      18
    ],
    "counts": [
      1,
      37,
      21,
      11,
      13,
      13,
      9,
      6,
      9,
      12,
      13,
      15,
      25,
      39,
      60,
      86,
      163,
      301,
      159,
      7
    ]
  },
  "0.304": {
    "val": [
      -2147483648,
      -1,
      0,
      1,
      2,
      3,
      4,
      5,
      6,
      7,
      8,
      9,
      10,
      11,
      12,
      13,
      14,
      15,
      16,
      17,
      18,
      19,
      20
    ],
    "counts": [
      876,
      1,
      37,
      14,
      6,
      3,
      6,
      6,
      4,
      5,
      6,
      5,
      4,
      3,
      3,
      3,
      4,
      5,
      4,
      2,
      1,
      1,
      1
    ]
  },
  "0.33666666666666667": {
    "val": [
      -2147483648,
      -1,
      0,
      1,
      2,
      3,
      4
    ],
    "counts": [
      946,
      1,
      37,
      9,
      4,
      1,
      2
    ]
  },
  "0.3693333333333333": {
    "val": [
      -2147483648,
      -1,
      0,
      1,
      2
    ],
    "counts": [
      950,
      1,
      37,
      9,
      3
    ]
  },
  "0.40199999999999997": {
    "val": [
      -2147483648,
      -1,
      0,
      1,
      2
    ],
    "counts": [
      954,
      1,
      37,
      6,
      2
    ]
  },
  "0.43466666666666665": {
    "val": [
      -2147483648,
      -1,
      0,
      1,
      2,
      3
    ],
    "counts": [
      954,
      1,
      37,
      5,
      2,
      1
    ]
  },
  "0.46733333333333327": {
    "val": [
      -2147483648,
      -1,
      0,
      1,
      2
    ],
    "counts": [
      957,
      1,
      37,
      4,
      1
    ]
  },
  "0.5": {
    "val": [
      -2147483648,
      -1,
      0,
      1,
      2
    ],
    "counts": [
      957,
      1,
      37,
      4,
      1
    ]
  }
}