{
  "0.01": {
    "val": [
      -1,
      0,
      1,
      2,
      3,
      4,
      5
    ],
    "counts": [
      1,
      32,
      272,
      396,
      236,
      61,
      2
    ]
  },
  "0.042666666666666665": {
    "val": [
      -1,
      0,
      1,
      2,
      3,
      4,
      5
    ],
    "counts": [
      1,
      32,
      251,
      270,
      280,
      152,
      14
    ]
  },
  "0.07533333333333332": {
    "val": [
      -1,
      0,
      1,
      2,
      3,
      4,
      5,
      6
    ],
    "counts": [
      1,
      32,
      208,
      232,
      246,
      207,
      70,
      4
    ]
  },
  "0.10799999999999998": {
    "val": [
      -1,
      0,
      1,
      2,
      3,
      4,
      5,
      6,
      7
    ],
    "counts": [
      1,
      32,
      163,
      170,
      225,
      192,
      149,
      66,
      2
    ]
  },
  "0.14066666666666666": {
    "val": [
      -1,
      0,
      1,
      2,
      3,
      4,
      5,
      6,
      7,
      8
    ],
    "counts": [
      1,
      32,
      117,
      105,
      140,
      163,
      157,
      176,
      95,
      14
    ]
  },
  "0.17333333333333334": {
    "val": [
      -1,
      0,
      1,
      2,
      3,
      4,
      5,
      6,
      7,
      8,
      9,
      10,
      11,
      12
    ],
    "counts": [
      1,
      32,
      86,
      76,
      81,
      84,
      104,
      83,
      76,
      95,
      169,
      85,
      27,
      1
    ]
  },
  "0.206": {
    "val": [
      -1,
      0,
      1,
      2,
      3,
      4,
      5,
      6,
      7,
      8,
      9,
      10,
      11,
      12,
      13,
      14,
      15
    ],
    "counts": [
      1,
      32,
      66,
      58,
      60,
      54,
      61,
      61,
      59,
      68,
      42,
      60,
      74,
      138,
      109,
      48,
      9
    ]
  },
  "0.23866666666666664": {
    "val": [
      -1,
      0,
      1,
      2,
      3,
      4,
      5,
      6,
      7,
      8,
      9,
      10,
      11,
      12,
      13,
      14,
      15,
      16,
      17,
      18,
      19,
      20,
      21,
      22,
      23,
      24,
      25,
      26,
      27,
      28,
      29,
      30
    ],
    "counts": [
      1,
      32,
      52,
      41,
      43,
      39,
      44,
      33,
      53,
      67,
      51,
      29,
      14,
      7,
      9,
      12,
      24,
      25,
      14,
      18,
      42,
      38,
      24,
      17,
      14,
      23,
      41,
      38,
      67,
      72,
      15,
      1
    ]
  },
  "0.2713333333333333": {
    "val": [
      -1,
      0,
      1,
      2,
      3,
      4,
      5,
      6,
      7,
      8,
      9,
      10,
      11,
      12,
      13,
      14,
      15,
      16,
      17,
      18,
      19,
      20,
      21,
      22,
      23,
      24,
      25,
      26,
      27,
      28,
      29,
      30,
      31,
      32,
      33,
      34,
      35,
      36,
      37,
      38,
      39,
      40
    ],
    "counts": [
      1,
      32,
      48,
      34,
      28,
      35,
      32,
      31,
      23,
      31,
      42,
      61,
      43,
      39,
      6,
      8,
      5,
      3,
      3,
      2,
      8,
      16,
      13,
      21,
      15,
      6,
      8,
      17,
      39,
      31,
      21,
      16,
      12,
      17,
      18,
      23,
      26,
      32,
      48,
      61,
      33,
      12
    ]
  },
  "0.304": {
    "val": [
      -2147483648,
      -1,
      0,
      1,
      2,
      3,
      4,
      5,
      6,
      7,
      8,
      9,
      10,
      11,
      12,
      13,
      14,
      15,
      16,
      17,
      18,
      19,
      20,
      21,
      22
    ],
    "counts": [
      517,
      1,
      32,
      36,
      18,
      19,
      21,
      13,
      6,
      15,
      25,
      16,
      20,
      16,
      7,
      10,
      14,
      24,
      40,
      25,
      32,
      34,
      40,
      17,
      2
    ]
  },
  "0.33666666666666667": {
    "val": [
      -2147483648,
      -1,
      0,
      1,
      2,
      3,
      4,
      5,
      6,
      7,
      8
    ],
    "counts": [
      859,
      1,
      32,
      27,
      18,
      10,
      13,
      14,
      17,
      6,
      3
    ]
  },
  "0.3693333333333333": {
    "val": [
      -2147483648,
      -1,
      0,
      1,
      2,
      3,
      4,
      5,
      6,
      7,
      8,
      9,
      10
    ],
    "counts": [
      861,
      1,
      32,
      26,
      15,
      12,
      11,
      10,
      14,
      4,
      7,
      6,
      1
    ]
  },
  "0.40199999999999997": {
    "val": [
      -2147483648,
      -1,
      0,
      1,
      2,
      3,
      4,
      5,
      6,
      7,
      8,
      9,
      10
    ],
    "counts": [
      881,
      1,
      32,
      22,
      12,
      8,
      10,
      6,
      6,
      6,
      10,
      5,
      1
    ]
  },
  "0.43466666666666665": {
    "val": [
      -2147483648,
      -1,
      0,
      1,
      2,
      3,
      4,
      5,
      6,
      7,
      8,
      9,
      10,
      11,
      12,
      13,
      14,
      15
    ],
    "counts": [
      884,
      1,
      32,
      17,
      8,
      7,
      4,
      5,
      3,
      5,
      4,
      4,
      6,
      10,
      5,
      2,
      2,
      1
    ]
  },
  "0.46733333333333327": {
    "val": [
      -2147483648,
      -1,
      0,
      1,
      2,
      3,
      4,
      5
    ],
    "counts": [
      941,
      1,
      32,
      14,
      5,
      3,
      3,
      1
    ]
  },
  "0.5": {
    "val": [
      -2147483648,
      -1,
      0,
      1,
      2,
      3,
      4,
      5
    ],
    "counts": [
      941,
      1,
      32,
      14,
      5,
      3,
      3,
      1
    ]
  }
}