ID	p	network	CC	T	SP	l2	lmax_l2	Rg
Network_p=0.8	0.8	mhk	0.23642976312257255	0.15175312805804986	2.8911531531531534	3.238307355030747	26.097212664157237	92921.2411818778
Network_p=0.5	0.5	mhk	0.11642131516056568	0.0918850224905105	2.7793673673673673	4.68093182543042	15.556035004847523	79809.81044593852
Network_p=1.0	1.0	mhk	0.50726651114641	0.25464147093091394	3.6318238238238236	0.3256356457417944	322.88746879190137	124907.51962835062
Network_p=0.95	0.95	mhk	0.4209136017764585	0.22229909919592655	3.143933933933934	1.4535298001216368	66.5706110497644	112231.63801202501
