{
  "0.01": {
    "val": [
      -1,
      0,
      1,
      2,
      3,
      4,
      5,
      6,
      7,
      8
    ],
    "counts": [
      1,
      57,
      244,
      80,
      122,
      204,
      147,
      52,
      79,
      14
    ]
  },
  "0.042666666666666665": {
    "val": [
      -1,
      0,
      1,
      2,
      3,
      4,
      5,
      6,
      7,
      8,
      9,
      10,
      11,
      12,
      13,
      14,
      15,
      16
    ],
    "counts": [
      1,
      57,
      243,
      6,
      26,
      45,
      44,
      23,
      46,
      72,
      118,
      138,
      49,
      19,
      20,
      32,
      54,
      7
    ]
  },
  "0.07533333333333332": {
    "val": [
      -1,
      0,
      1,
      2,
      3,
      4,
      5,
      6,
      7,
      8,
      9,
      10,
      11,
      12,
      13,
      14,
      15,
      16,
      17,
      18,
      19,
      20,
      21,
      22,
      23,
      24,
      25
    ],
    "counts": [
      1,
      57,
      238,
      7,
      4,
      13,
      22,
      34,
      30,
      16,
      14,
      15,
      33,
      35,
      49,
      76,
      95,
      78,
      42,
      19,
      10,
      10,
      16,
      21,
      38,
      26,
      1
    ]
  },
  "0.10799999999999998": {
    "val": [
      -1,
      0,
      1,
      2,
      3,
      4,
      5,
      6,
      7,
      8,
      9,
      10,
      11,
      12,
      13,
      14,
      15,
      16,
      17,
      18,
      19,
      20,
      21,
      22,
      23,
      24,
      25,
      26,
      27,
      28,
      29,
      30,
      31,
      32,
      33,
      34
    ],
    "counts": [
      1,
      57,
      224,
      15,
      4,
      5,
      5,
      8,
      12,
      26,
      24,
      22,
      14,
      6,
      12,
      8,
      14,
      25,
      20,
      29,
      32,
      44,
      68,
      81,
      59,
      38,
      16,
      16,
      7,
      7,
      8,
      11,
      21,
      32,
      24,
      5
    ]
  },
  "0.14066666666666666": {
    "val": [
      -1,
      0,
      1,
      2,
      3,
      4,
      5,
      6,
      7,
      8,
      9,
      10,
      11,
      12,
      13,
      14,
      15,
      16,
      17,
      18,
      19,
      20,
      21,
      22,
      23,
      24,
      25,
      26,
      27,
      28,
      29,
      30,
      31,
      32,
      33,
      34,
      35,
      36,
      37,
      38,
      39,
      40,
      41,
      42,
      43,
      44,
      45
    ],
    "counts": [
      1,
      57,
      206,
      22,
      9,
      4,
      2,
      4,
      4,
      6,
      5,
      11,
      16,
      22,
      16,
      18,
      10,
      5,
      3,
      4,
      7,
      8,
      15,
      14,
      13,
      22,
      25,
      14,
      16,
      29,
      49,
      53,
      52,
      53,
      37,
      33,
      11,
      13,
      7,
      5,
      6,
      6,
      15,
      22,
      24,
      22,
      4
    ]
  },
  "0.17333333333333334": {
    "val": [
      -1,
      0,
      1,
      2,
      3,
      4,
      5,
      7,
      8,
      9,
      10,
      11,
      12,
      13,
      14,
      15,
      16,
      17,
      18,
      19,
      20,
      21,
      22,
      23,
      24,
      25,
      27,
      28,
      29,
      30,
      31,
      32,
      33,
      34,
      35,
      36,
      37,
      38,
      39,
      40,
      41,
      42,
      43,
      44,
      45,
      46,
      47,
      48,
      49,
      50,
      51,
      52,
      53,
      54,
      55,
      56,
      57,
      58,
      59,
      60
    ],
    "counts": [
      1,
      57,
      187,
      28,
      11,
      5,
      2,
      4,
      3,
      3,
      4,
      3,
      5,
      5,
      2,
      5,
      10,
      16,
      16,
      13,
      14,
      10,
      3,
      2,
      4,
      4,
      4,
      4,
      8,
      6,
      7,
      3,
      9,
      10,
      8,
      7,
      15,
      9,
      17,
      20,
      16,
      15,
      13,
      9,
      18,
      20,
      32,
      30,
      35,
      44,
      32,
      35,
      37,
      22,
      12,
      20,
      21,
      22,
      19,
      4
    ]
  },
  "0.206": {
    "val": [
      -1,
      0,
      1,
      2,
      3,
      4,
      5,
      7,
      10,
      11,
      13,
      14,
      16,
      17,
      18,
      19,
      21,
      22,
      23,
      24,
      25,
      26,
      27,
      28,
      29,
      30,
      31,
      32,
      33,
      34,
      35,
      36,
      37,
      38,
      39,
      40,
      42,
      43,
      44,
      45,
      46,
      47,
      48,
      49,
      50,
      51,
      52,
      53,
      54,
      55,
      56,
      57,
      58,
      59,
      60,
      61,
      62,
      63,
      64,
      65,
      66,
      67,
      68,
      69,
      70,
      71,
      72,
      73,
      74,
      75,
      76,
      77,
      78,
      79,
      80,
      81,
      82,
      83,
      84,
      85,
      86,
      87,
      88,
      89,
      90,
      91,
      92,
      93
    ],
    "counts": [
      1,
      57,
      160,
      24,
      19,
      12,
      8,
      2,
      1,
      1,
      2,
      3,
      1,
      1,
      4,
      1,
      2,
      2,
      4,
      3,
      4,
      2,
      2,
      3,
      6,
      2,
      4,
      15,
      15,
      8,
      13,
      12,
      8,
      4,
      1,
      2,
      2,
      3,
      3,
      1,
      4,
      6,
      7,
      2,
      3,
      3,
      4,
      6,
      10,
      6,
      5,
      5,
      6,
      11,
      11,
      15,
      11,
      7,
      7,
      6,
      4,
      5,
      5,
      5,
      3,
      8,
      5,
      8,
      4,
      14,
      3,
      8,
      8,
      16,
      12,
      19,
      26,
      32,
      43,
      30,
      25,
      33,
      27,
      20,
      35,
      27,
      18,
      4
    ]
  },
  "0.23866666666666664": {
    "val": [
      -1,
      0,
      1,
      2,
      3,
      4,
      5,
      6,
      7,
      8,
      9,
      16,
      17,
      19,
      24,
      36,
      43,
      47,
      48,
      57,
      59,
      64,
      68,
      69,
      72,
      73,
      79,
      81,
      82,
      86,
      88,
      93,
      95,
      96,
      98,
      99,
      101,
      104,
      106,
      109,
      110,
      114,
      115,
      117,
      120,
      121,
      124,
      125,
      126,
      127,
      128,
      129,
      130,
      131,
      132,
      133,
      134,
      135,
      136,
      137,
      138,
      139,
      140,
      141,
      142,
      143,
      144,
      145,
      146,
      147,
      148,
      149,
      150,
      151,
      152,
      153,
      154,
      155,
      156,
      157,
      158,
      166,
      167,
      168,
      169,
      170,
      172,
      175,
      179,
      181,
      182,
      183,
      184,
      185,
      186,
      188,
      189,
      192,
      193,
      194,
      196,
      197,
      198,
      199,
      200,
      201,
      202,
      203,
      204,
      205,
      206,
      207,
      208,
      209,
      210,
      211,
      212,
      213,
      214,
      215,
      218,
      219,
      221,
      222,
      223,
      224,
      225,
      226,
      227,
      228,
      229,
      230,
      231,
      232,
      233,
      234,
      235,
      236,
      237,
      238,
      239,
      240,
      241,
      243,
      245,
      246,
      247,
      248,
      249,
      250,
      251,
      253,
      254,
      255,
      256,
      257,
      258,
      259,
      260,
      261,
      262,
      263,
      264,
      265,
      266,
      267,
      268
    ],