{
  "0.01": {
    "val": [
      -1,
      0,
      1,
      2,
      3,
      4,
      5,
      6
    ],
    "counts": [
      1,
      9,
      31,
      97,
      231,
      404,
      219,
      8
    ]
  },
  "0.042666666666666665": {
    "val": [
      -1,
      0,
      1,
      2,
      3,
      4,
      5,
      6
    ],
    "counts": [
      1,
      9,
      31,
      97,
      231,
      404,
      219,
      8
    ]
  },
  "0.07533333333333332": {
    "val": [
      -1,
      0,
      1,
      2,
      3,
      4,
      5,
      6
    ],
    "counts": [
      1,
      9,
      31,
      97,
      231,
      404,
      219,
      8
    ]
  },
  "0.10799999999999998": {
    "val": [
      -1,
      0,
      1,
      2,
      3,
      4,
      5,
      6
    ],
    "counts": [
      1,
      9,
      29,
      85,
      190,
      356,
      293,
      37
    ]
  },
  "0.14066666666666666": {
    "val": [
      -1,
      0,
      1,
      2,
      3,
      4,
      5,
      6,
      7,
      8,
      9,
      10,
      11,
      12,
      13,
      14,
      15
    ],
    "counts": [
      1,
      9,
      12,
      16,
      27,
      39,
      53,
      83,
      110,
      127,
      126,
      133,
      130,
      83,
      34,
      16,
      1
    ]
  },
  "0.17333333333333334": {
    "val": [
      -1,
      0,
      1,
      2,
      3,
      4,
      5,
      6,
      7,
      8,
      9,
      10,
      11,
      12,
      13,
      14,
      15,
      16,
      17,
      18,
      19,
      20,
      21,
      22,
      23,
      24,
      25,
      26,
      27,
      28,
      29,
      30
    ],
    "counts": [
      1,
      9,
      7,
      6,
      7,
      9,
      11,
      11,
      11,
      10,
      13,
      13,
      14,
      16,
      20,
      21,
      22,
      26,
      36,
      45,
      51,
      68,
      66,
      71,
      84,
      88,
      92,
      90,
      50,
      22,
      7,
      3
    ]
  },
  "0.206": {
    "val": [
      -1,
      0,
      1,
      2,
      3,
      4,
      5,
      6,
      7,
      8,
      9,
      10,
      11,
      12,
      13,
      14,
      15,
      16,
      17,
      18,
      19,
      20,
      21,
      22,
      23,
      24,
      25,
      26,
      27,
      28,
      29,
      30,
      31,
      32
    ],
    "counts": [
      1,
      9,
      7,
      6,
      7,
      9,
      11,
      10,
      12,
      10,
      12,
      11,
      11,
      17,
      18,
      16,
      18,
      17,
      20,
      23,
      30,
      45,
      45,
      38,
      54,
      61,
      73,
      59,
      71,
      82,
      77,
      61,
      46,
      13
    ]
  },
  "0.23866666666666664": {
    "val": [
      -1,
      0,
      1,
      2,
      3,
      4,
      5,
      6,
      7,
      8,
      9,
      10,
      11,
      12,
      13,
      14,
      15,
      16,
      17,
      18,
      19,
      20,
      21,
      22,
      23,
      24,
      25,
      26,
      27,
      28,
      29,
      30,
      31,
      32,
      33,
      34,
      35,
      36,
      37,
      38,
      39,
      40,
      41,
      42,
      43,
      44
    ],
    "counts": [
      1,
      9,
      7,
      6,
      6,
      9,
      9,
      10,
      10,
      9,
      11,
      10,
      10,
      14,
      14,
      16,
      15,
      16,
      14,
      18,
      15,
      18,
      20,
      26,
      19,
      14,
      14,
      18,
      21,
      21,
      27,
      30,
      31,
      33,
      37,
      42,
      36,
      38,
      56,
      56,
      64,
      56,
      43,
      26,
      17,
      8
    ]
  },
  "0.2713333333333333": {
    "val": [
      -1,
      0,
      1,
      2,
      3,
      4,
      5,
      6,
      7,
      8,
      9,
      10,
      11,
      12,
      13,
      14,
      15,
      16,
      17,
      18,
      19,
      20,
      21,
      22,
      23,
      24,
      25,
      26,
      27,
      28,
      29,
      30,
      31,
      32,
      33,
      34,
      35,
      36,
      37,
      38,
      39,
      40,
      41,
      42,
      43,
      44,
      45,
      46,
      47,
      48,
      49,
      50,
      51,
      52,
      53,
      54,
      55,
      56,
      57,
      58,
      59,
      60,
      61,
      62,
      63,
      64,
      65,
      66,
      67,
      68,
      69,
      70,
      71,
      72,
      73,
      74,
      75,
      76,
      77,
      78,
      79,
      80,
      81,
      82,
      83,
      84,
      85,
      86,
      87,
      88,
      89,
      90,
      91,
      92,
      93,
      94,
      95,
      96,
      97,
      98,
      99,
      100,
      101,
      102
    ],
    "counts": [
      1,
      9,
      5,
      4,
      4,
      4,
      3,
      4,
      4,
      4,
      4,
      4,
      3,
      3,
      4,
      4,
      5,
      5,
      5,
      6,
      7,
      5,
      8,
      5,
      7,
      7,
      6,
      6,
      4,
      6,
      7,
      6,
      6,
      6,
      7,
      7,
      7,
      6,
      6,
      7,
      7,
      6,
      6,
      7,
      6,
      6,
      5,
      6,
      5,
      5,
      6,
      9,
      5,
      4,
      5,
      6,
      6,
      5,
      7,
      9,
      9,
      8,
      8,
      11,
      8,
      9,
      11,
      9,
      8,
      9,
      10,
      11,
      11,
      9,
      9,
      9,
      9,
      9,
      10,
      11,
      16,
      18,
      19,
      22,
      24,
      26,
      26,
      33,
      36,
      38,
      30,
      27,
      24,
      19,
      19,
      18,
      19,
      16,
      15,
      15,
      6,
      6,
      5,
      3
    ]
  },