{
  "0.01": {
    "val": [
      -1,
      0,
      1,
      2,
      3
    ],
    "counts": [
      1,
      19,
      109,
      616,
      255
    ]
  },
  "0.042666666666666665": {
    "val": [
      -1,
      0,
      1,
      2,
      3,
      4
    ],
    "counts": [
      1,
      19,
      109,
      299,
      513,
      59
    ]
  },
  "0.07533333333333332": {
    "val": [
      -1,
      0,
      1,
      2,
      3,
      4,
      5,
      6,
      7
    ],
    "counts": [
      1,
      19,
      17,
      28,
      47,
      91,
      240,
      424,
      133
    ]
  },
  "0.10799999999999998": {
    "val": [
      -1,
      0,
      1,
      2,
      3,
      4,
      5,
      6,
      7,
      8,
      9,
      10,
      11
    ],
    "counts": [
      1,
      19,
      14,
      8,
      19,
      24,
      30,
      36,
      77,
      163,
      300,
      277,
      32
    ]
  },
  "0.14066666666666666": {
    "val": [
      -1,
      0,
      1,
      2,
      3,
      4,
      5,
      6,
      7,
      8,
      9,
      10,
      11,
      12,
      13,
      14,
      15,
      16,
      17,
      18,
      19
    ],
    "counts": [
      1,
      19,
      10,
      6,
      9,
      9,
      10,
      8,
      9,
      11,
      13,
      23,
      20,
      32,
      38,
      60,
      108,
      157,
      226,
      201,
      30
    ]
  },
  "0.17333333333333334": {
    "val": [
      -1,
      0,
      1,
      2,
      3,
      4,
      5,
      6,
      7,
      8,
      9,
      10,
      11,
      12,
      13,
      14,
      15,
      16,
      17,
      18,
      19,
      20,
      21,
      22,
      23,
      24,
      25,
      26,
      27,
      28,
      29,
      30
    ],
    "counts": [
      1,
      19,
      10,
      5,
      7,
      6,
      8,
      7,
      7,
      8,
      7,
      6,
      3,
      8,
      7,
      6,
      11,
      7,
      9,
      12,
      9,
      19,
      20,
      33,
      43,
      55,
      73,
      101,
      142,
      189,
      148,
      14
    ]
  },
  "0.206": {
    "val": [
      -1,
      0,
      1,
      2,
      3,
      4,
      5,
      6,
      7,
      8,
      9,
      10,
      11,
      12,
      13,
      14,
      15,
      16,
      17,
      18,
      19,
      20,
      21,
      22,
      23,
      24,
      25,
      26,
      27,
      28,
      29,
      30,
      31,
      32,
      33,
      34,
      35,
      36,
      37,
      38,
      39,
      40,
      41,
      42,
      43,
      44,
      45,
      46,
      47,
      48
    ],
    "counts": [
      1,
      19,
      8,
      4,
      6,
      6,
      5,
      6,
      7,
      4,
      5,
      6,
      7,
      6,
      3,
      5,
      7,
      6,
      5,
      7,
      6,
      6,
      7,
      6,
      5,
      7,
      4,
      6,
      6,
      6,
      9,
      8,
      10,
      8,
      10,
      16,
      20,
      25,
      18,
      16,
      29,
      25,
      36,
      40,
      69,
      85,
      134,
      123,
      104,
      33
    ]
  },
  "0.23866666666666664": {
    "val": [
      -1,
      0,
      1,
      2,
      3,
      4,
      5,
      6,
      7,
      8,
      9,
      10,
      11,
      12,
      13,
      14,
      15,
      16,
      17,
      18,
      19,
      20,
      21,
      22,
      23,
      24,
      25,
      26,
      27,
      28,
      29,
      30,
      31,
      32,
      33,
      34,
      35,
      36,
      37,
      38,
      39,
      40,
      41,
      42,
      43,
      44,
      45,
      46,
      47,
      48,
      49,
      50,
      51,
      52,
      53,
      54,
      55,
      56,
      57,
      58,
      59,
      60,
      61,
      62,
      63,
      64,
      65,
      66
    ],
    "counts": [
      1,
      19,
      7,
      3,
      5,
      5,
      4,
      4,
      6,
      6,
      3,
      4,
      4,
      5,
      5,
      4,
      4,
      4,
      2,
      6,
      5,
      5,
      4,
      7,
      3,
      7,
      3,
      6,
      7,
      4,
      4,
      5,
      4,
      3,
      5,
      5,
      4,
      8,
      4,
      8,
      6,
      5,
      7,
      7,
      6,
      10,
      13,
      16,
      13,
      13,
      14,
      17,
      13,
      19,
      19,
      22,
      19,
      25,
      30,
      36,
      49,
      60,
      74,
      91,
      103,
      69,
      38,
      4
    ]
  },
  "0.2713333333333333": {
    "val": [
      -1,
      0,
      1,
      2,
      3,
      4,
      5,
      6,
      7,
      8,
      9,
      10,
      11,
      12,
      13,
      14,
      15,
      16,
      17,
      18,
      19,
      20,
      21,
      22,
      23,
      24,
      25,
      26,
      27,
      28,
      29,
      30,
      31,
      32,
      33,
      34,
      35,
      36,
      37,
      38,
      39,
      40,
      41,
      42,
      43,
      44,
      45,
      46,
      47,
      48,
      49,
      50,
      51,
      52,
      53,
      54,
      55,
      56,
      57,
      58,
      59,
      60,
      61,
      62,
      63,
      64,
      65,
      66,
      67,
      68,
      69,
      70,
      71,
      72,
      73,
      74,
      75,
      76,
      77,
      78,
      79,
      80,
      81,
      82,
      83,
      84,
      85,
      86,
      87,
      88,
      89,
      90,
      91,
      92,
      93,
      94,
      95,
      96,
      97
    ],
    "counts": [
      1,
      19,
      6,
      2,
      4,
      4,
      4,
      4,
      3,
      2,
      5,
      6,
      3,
      4,
      4,
      3,
      3,
      5,
      5,
      2,
      3,
      3,
      4,
      4,
      4,
      4,
      2,
      5,
      5,
      5,
      3,
      5,
      5,
      5,
      5,
      2,
      5,
      4,
      3,
      2,
      4,
      4,
      3,
      4,
      7,
      3,
      4,
      4,
      5,
      4,
      6,
      6,
      4,
      3,
      5,
      6,
      6,
      3,
      7,
      6,
      6,
      3,
      5,
      5,
      3,
      7,
      6,
      7,
      8,
      9,
      11,
      14,
      12,
      8,
      14,
      9,
      15,
      11,
      12,
      14,
      16,
      9,
      9,
      12,
      12,
      15,
      21,
      18,
      22,
      32,
      39,
      40,
      33,
      43,
      59,
      50,
      63,
      48,
      19
    ]
  },
  "0.304": {
    "val": [
      -2147483648,
      -1,
      0,
      1,
      2,
      3,
      4,
      5,
      6,
      7,
      8,
      9,
      10,
      12
    ],
    "counts": [
      947,
      1,
      19,
      5,
      2,
      2,
      2,
      2,
      5,
      4,
      3,
      2,
      2,
      4
    ]
  },
  "0.33666666666666667": {
    "val": [
      -2147483648,
      -1,
      0,
      1,
      2,
      3,
      4,
      5,
      6,
      7,
      8,
      9,
      10,
      11,
      13
    ],
    "counts": [
      954,
      1,
      19,
      3,
      2,
      1,
      2,
      2,
      2,
      2,
      3,
      1,
      4,
      2,
      2
    ]
  },
  "0.3693333333333333": {
    "val": [
      -2147483648,
      -1,
      0,
      1,
      3
    ],
    "counts": [
      978,
      1,
      19,
      1,
      1
    ]
  },
  "0.40199999999999997": {
    "val": [
      -2147483648,
      -1,
      0
    ],
    "counts": [
      980,
      1,
      19
    ]
  },
  "0.43466666666666665": {
    "val": [
      -2147483648,
      -1,
      0
    ],
    "counts": [
      980,
      1,
      19
    ]
  },
  "0.46733333333333327": {
    "val": [
      -2147483648,
      -1,
      0
    ],
    "counts": [
      980,
      1,
      19
    ]
  },
  "0.5": {
    "val": [
      -2147483648,
      -1,
      0
    ],
    "counts": [
      980,
      1,
      19
    ]
  }
}