ID	p	network	CC	T	SP	l2	lmax_l2	Rg
Network_p=0.0	0.0	ws	0.5	0.5	125.37537537537537	0.00019738988009239508	31663.189275417324	16756052.719088076
