{
  "0.01": {
    "val": [
      -1,
      0,
      1,
      2,
      3,
      4,
      5
    ],
    "counts": [
      1,
      34,
      190,
      377,
      213,
      171,
      14
    ]
  },
  "0.042666666666666665": {
    "val": [
      -1,
      0,
      1,
      2,
      3,
      4,
      5,
      6
    ],
    "counts": [
      1,
      34,
      171,
      297,
      205,
      158,
      109,
      25
    ]
  },
  "0.07533333333333332": {
    "val": [
      -1,
      0,
      1,
      2,
      3,
      4,
      5,
      6,
      7
    ],
    "counts": [
      1,
      34,
      141,
      172,
      205,
      146,
      100,
      158,
      43
    ]
  },
  "0.10799999999999998": {
    "val": [
      -1,
      0,
      1,
      2,
      3,
      4,
      5,
      6,
      7,
      8,
      9
    ],
    "counts": [
      1,
      34,
      114,
      87,
      149,
      180,
      120,
      104,
      98,
      80,
      33
    ]
  },
  "0.14066666666666666": {
    "val": [
      -1,
      0,
      1,
      2,
      3,
      4,
      5,
      6,
      7,
      8,
      9,
      10,
      11,
      12,
      13
    ],
    "counts": [
      1,
      34,
      90,
      42,
      86,
      103,
      108,
      131,
      91,
      64,
      73,
      75,
      48,
      38,
      16
    ]
  },
  "0.17333333333333334": {
    "val": [
      -1,
      0,
      1,
      2,
      3,
      4,
      5,
      6,
      7,
      8,
      9,
      10,
      11,
      12,
      13,
      14,
      15,
      16,
      17
    ],
    "counts": [
      1,
      34,
      67,
      36,
      47,
      63,
      74,
      65,
      100,
      80,
      69,
      52,
      35,
      58,
      72,
      70,
      40,
      31,
      6
    ]
  },
  "0.206": {
    "val": [
      -1,
      0,
      1,
      2,
      3,
      4,
      5,
      6,
      7,
      8,
      9,
      10,
      11,
      12,
      13,
      14,
      15,
      16,
      17,
      18,
      19,
      20,
      21
    ],
    "counts": [
      1,
      34,
      53,
      30,
      26,
      33,
      59,
      57,
      41,
      57,
      83,
      74,
      65,
      49,
      27,
      22,
      37,
      37,
      64,
      64,
      42,
      31,
      14
    ]
  },
  "0.23866666666666664": {
    "val": [
      -1,
      0,
      1,
      2,
      3,
      4,
      5,
      6,
      7,
      8,
      9,
      10,
      11,
      12,
      13,
      14,
      15,
      16,
      17,
      18,
      19,
      20,
      21,
      22,
      23,
      24,
      25,
      26,
      27,
      28,
      29
    ],
    "counts": [
      1,
      34,
      49,
      23,
      14,
      19,
      24,
      34,
      42,
      29,
      36,
      26,
      45,
      43,
      43,
      61,
      56,
      55,
      34,
      20,
      15,
      27,
      21,
      35,
      40,
      47,
      49,
      27,
      15,
      28,
      8
    ]
  },
  "0.2713333333333333": {
    "val": [
      -1,
      0,
      1,
      2,
      3,
      4,
      5,
      6,
      7,
      8,
      9,
      10,
      11,
      12,
      13,
      14,
      15,
      16,
      17,
      18,
      19,
      20,
      21,
      22,
      23,
      24,
      25,
      26,
      27,
      28,
      29,
      30,
      31,
      32,
      33,
      34,
      35,
      36,
      37,
      38
    ],
    "counts": [
      1,
      34,
      43,
      24,
      12,
      9,
      15,
      12,
      27,
      28,
      25,
      26,
      29,
      20,
      21,
      28,
      32,
      34,
      32,
      41,
      44,
      45,
      40,
      31,
      19,
      13,
      11,
      11,
      19,
      21,
      18,
      34,
      36,
      41,
      43,
      26,
      14,
      23,
      16,
      2
    ]
  },
  "0.304": {
    "val": [
      -2147483648,
      -1,
      0,
      1,
      2,
      3,
      4,
      5,
      6,
      7,
      8,
      9,
      10,
      11,
      12,
      13,
      14,
      15,
      16,
      17,
      18,
      19,
      20,
      21,
      22,
      23,
      24,
      25,
      26,
      27,
      28,
      29,
      30,
      31,
      32,
      33,
      34,
      35,
      36,
      37,
      38,
      39,
      40,
      42
    ],
    "counts": [
      372,
      1,
      34,
      34,
      19,
      9,
      6,
      7,
      3,
      6,
      6,
      8,
      15,
      16,
      14,
      3,
      7,
      8,
      8,
      6,
      8,
      17,
      21,
      17,
      16,
      17,
      10,
      14,
      19,
      24,
      26,
      22,
      19,
      26,
      28,
      38,
      25,
      14,
      21,
      21,
      10,
      2,
      2,
      1
    ]
  },
  "0.33666666666666667": {
    "val": [
      -2147483648,
      -1,
      0,
      1,
      2,
      3,
      4,
      5,
      6,
      7,
      8,
      9,
      10,
      11,
      12,
      13,
      14,
      15,
      16,
      17,
      18,
      19,
      20,
      21,
      22,
      23,
      24,
      25,
      26,
      27,
      28,
      29,
      30
    ],
    "counts": [
      826,
      1,
      34,
      26,
      14,
      12,
      3,
      4,
      6,
      4,
      1,
      1,
      2,
      3,
      2,
      1,
      1,
      1,
      1,
      1,
      2,
      3,
      2,
      8,
      8,
      7,
      9,
      8,
      2,
      1,
      3,
      2,
      1
    ]
  },
  "0.3693333333333333": {
    "val": [
      -2147483648,
      -1,
      0,
      1,
      2,
      3,
      4,
      5,
      6,
      7,
      8,
      9,
      10,
      11
    ],
    "counts": [
      892,
      1,
      34,
      26,
      11,
      13,
      3,
      3,
      4,
      5,
      4,
      2,
      1,
      1
    ]
  },
  "0.40199999999999997": {
    "val": [
      -2147483648,
      -1,
      0,
      1,
      2,
      3,
      4
    ],
    "counts": [
      917,
      1,
      34,
      22,
      11,
      8,
      7
    ]
  },
  "0.43466666666666665": {
    "val": [
      -2147483648,
      -1,
      0,
      1,
      2,
      3,
      4,
      5
    ],
    "counts": [
      918,
      1,
      34,
      21,
      8,
      9,
      6,
      3
    ]
  },
  "0.46733333333333327": {
    "val": [
      -2147483648,
      -1,
      0,
      1,
      2,
      3,
      4,
      5,
      6,
      8
    ],
    "counts": [
      925,
      1,
      34,
      15,
      5,
      5,
      6,
      4,
      3,
      2
    ]
  },
  "0.5": {
    "val": [
      -2147483648,
      -1,
      0,
      1,
      2,
      3,
      4,
      5,
      6,
      7,
      8,
      10
    ],
    "counts": [
      925,
      1,
      34,
      15,
      5,
      4,
      5,
      3,
      2,
      2,
      2,
      2
    ]
  }
}