{
  "0.01": {
    "val": [
      -1,
      0,
      1,
      2,
      3,
      4,
      5,
      6
    ],
    "counts": [
      1,
      10,
      38,
      150,
      403,
      369,
      28,
      1
    ]
  },
  "0.042666666666666665": {
    "val": [
      -1,
      0,
      1,
      2,
      3,
      4,
      5,
      6,
      7
    ],
    "counts": [
      1,
      10,
      38,
      59,
      164,
      301,
      325,
      96,
      6
    ]
  },
  "0.07533333333333332": {
    "val": [
      -1,
      0,
      1,
      2,
      3,
      4,
      5,
      6,
      7,
      8,
      9
    ],
    "counts": [
      1,
      10,
      38,
      18,
      56,
      128,
      181,
      262,
      232,
      68,
      6
    ]
  },
  "0.10799999999999998": {
    "val": [
      -1,
      0,
      1,
      2,
      3,
      4,
      5,
      6,
      7,
      8,
      9,
      10,
      11,
      12
    ],
    "counts": [
      1,
      10,
      33,
      13,
      17,
      47,
      68,
      84,
      146,
      221,
      219,
      111,
      29,
      1
    ]
  },
  "0.14066666666666666": {
    "val": [
      -1,
      0,
      1,
      2,
      3,
      4,
      5,
      6,
      7,
      8,
      9,
      10,
      11,
      12,
      13,
      14,
      15,
      16,
      17,
      18
    ],
    "counts": [
      1,
      10,
      22,
      7,
      16,
      8,
      21,
      22,
      21,
      35,
      50,
      62,
      91,
      151,
      183,
      145,
      98,
      46,
      10,
      1
    ]
  },
  "0.17333333333333334": {
    "val": [
      -1,
      0,
      1,
      2,
      3,
      4,
      5,
      6,
      7,
      8,
      9,
      10,
      11,
      12,
      13,
      14,
      15,
      16,
      17,
      18,
      19,
      20,
      21,
      22,
      23,
      24,
      25,
      26,
      27,
      28,
      29,
      30,
      31,
      32,
      33,
      34,
      35,
      36,
      37,
      38
    ],
    "counts": [
      1,
      10,
      7,
      3,
      2,
      3,
      3,
      3,
      4,
      4,
      5,
      5,
      6,
      5,
      6,
      7,
      5,
      8,
      10,
      8,
      9,
      10,
      7,
      14,
      21,
      21,
      23,
      39,
      51,
      57,
      79,
      84,
      100,
      115,
      114,
      82,
      42,
      17,
      9,
      1
    ]
  },
  "0.206": {
    "val": [
      -1,
      0,
      1,
      2,
      3,
      4,
      5,
      6,
      7,
      8,
      9,
      10,
      11,
      12,
      13,
      14,
      15,
      16,
      17,
      18,
      19,
      20,
      21,
      22,
      23,
      24,
      25,
      26,
      27,
      28,
      29,
      30,
      31,
      32,
      33,
      34,
      35,
      36,
      37,
      38,
      39,
      40,
      41,
      42,
      43,
      44,
      45,
      46,
      47,
      48,
      49
    ],
    "counts": [
      1,
      10,
      7,
      2,
      2,
      2,
      3,
      2,
      3,
      3,
      2,
      5,
      1,
      5,
      4,
      4,
      5,
      5,
      4,
      4,
      6,
      7,
      5,
      7,
      3,
      7,
      7,
      10,
      7,
      8,
      10,
      9,
      13,
      10,
      18,
      19,
      26,
      30,
      33,
      40,
      67,
      72,
      66,
      71,
      89,
      94,
      80,
      55,
      37,
      17,
      3
    ]
  },
  "0.23866666666666664": {
    "val": [
      -1,
      0,
      1,
      2,
      3,
      4,
      5,
      6,
      7,
      8,
      9,
      10,
      11,
      12,
      13,
      14,
      15,
      16,
      17,
      18,
      19,
      20,
      21,
      22,
      23,
      24,
      25,
      26,
      27,
      28,
      29,
      30,
      31,
      32,
      33,
      34,
      35,
      36,
      37,
      38,
      39,
      40,
      41,
      42,
      43,
      44,
      45,
      46,
      47,
      48,
      49,
      50,
      51,
      52,
      53,
      54,
      55,
      56,
      57,
      58,
      59,
      60,
      61,
      62,
      63,
      64,
      65,
      66,
      67
    ],
    "counts": [
      1,
      10,
      5,
      2,
      2,
      2,
      2,
      1,
      2,
      3,
      2,
      1,
      4,
      2,
      2,
      3,
      1,
      3,
      2,
      3,
      4,
      4,
      6,
      2,
      1,
      5,
      6,
      4,
      1,
      8,
      2,
      6,
      1,
      6,
      3,
      7,
      4,
      6,
      4,
      11,
      4,
      11,
      8,
      6,
      9,
      9,
      12,
      13,
      10,
      14,
      18,
      21,
      19,
      20,
      30,
      41,
      37,
      45,
      53,
      57,
      75,
      61,
      67,
      65,
      49,
      42,
      40,
      18,
      2
    ]
  },
  "0.2713333333333333": {
    "val": [
      -2147483648,
      -1,
      0,
      1,
      3,
      5,
      6,
      8,
      10,
      11,
      12,
      13,
      14,
      15,
      18,
      20,
      22,
      25,
      26,
      27,
      28,
      30,
      31,
      32,
      34,
      35,
      36,
      37,
      38,
      39,
      41,
      42,
      43,
      44,
      46,
      47,
      48,
      50,
      51,
      52,
      53,
      55,
      56,
      57,
      59,
      60,
      61,
      62,
      63,
      64,
      65,
      67
    ],
    "counts": [
      911,
      1,
      10,
      2,
      2,
      1,
      1,
      2,
      2,
      1,
      1,
      1,
      2,
      1,
      2,
      1,
      1,
      1,
      1,
      2,
      2,
      1,
      2,
      1,
      2,
      2,
      1,
      1,
      2,
      3,
      1,
      3,
      2,
      2,
      1,
      2,
      2,
      1,
      1,
      2,
      1,
      3,
      1,
      1,
      5,
      1,
      1,
      1,
      3,
      1,
      1,
      1
    ]
  },
  "0.304": {
    "val": [
      -2147483648,
      -1,
      0,
      1,
      3,
      4,
      6,
      8,
      10,
      13,
      14,
      16,
      18,
      19
    ],
    "counts": [
      973,
      1,
      10,
      2,
      1,
      1,
      1,
      1,
      2,
      2,
      1,
      2,
      2,
      1
    ]
  },
  "0.33666666666666667": {
    "val": [
      -2147483648,
      -1,
      0,
      1,
      4,
      5,
      7,
      10,
      13,
      17,
      18,
      20,
      21,
      23,
      24
    ],
    "counts": [
      974,
      1,
      10,
      2,
      1,
      1,
      1,
      1,
      2,
      2,
      1,
      1,
      1,
      1,
      1
    ]
  },
  "0.3693333333333333": {
    "val": [
      -2147483648,
      -1,
      0,
      1,
      4,
      6,
      9
    ],
    "counts": [
      984,
      1,
      10,
      2,
      1,
      1,
      1
    ]
  },
  "0.40199999999999997": {
    "val": [
      -2147483648,
      -1,
      0,
      1,
      5,
      8,
      12
    ],
    "counts": [
      984,
      1,
      10,
      2,
      1,
      1,
      1
    ]
  },
  "0.43466666666666665": {
    "val": [
      -2147483648,
      -1,
      0,
      1
    ],
    "counts": [
      987,
      1,
      10,
      2
    ]
  },
  "0.46733333333333327": {
    "val": [
      -2147483648,
      -1,
      0,
      1
    ],
    "counts": [
      987,
      1,
      10,
      2
    ]
  },
  "0.5": {
    "val": [
      -2147483648,
      -1,
      0,
      1
    ],
    "counts": [
      987,
      1,
      10,
      2
    ]
  }
}