{
  "0.01": {
    "val": [
      -1,
      0,
      1,
      2,
      3,
      4,
      5,
      6,
      7
    ],
    "counts": [
      1,
      19,
      109,
      30,
      103,
      250,
      315,
      151,
      22
    ]
  },
  "0.042666666666666665": {
    "val": [
      -1,
      0,
      1,
      4,
      5,
      6,
      7,
      8,
      9,
      10,
      11,
      12,
      13,
      14,
      15,
      16,
      17,
      18,
      19,
      20,
      21
    ],
    "counts": [
      1,
      19,
      109,
      10,
      16,
      12,
      18,
      23,
      42,
      39,
      73,
      82,
      106,
      123,
      108,
      75,
      66,
      44,
      25,
      7,
      2
    ]
  },
  "0.07533333333333332": {
    "val": [
      -1,
      0,
      1,
      2,
      3,
      4,
      5,
      6,
      7,
      8,
      9,
      10,
      11,
      12,
      13,
      14,
      15,
      16,
      17,
      18,
      19,
      20,
      21,
      22,
      23,
      24,
      25,
      26,
      27,
      28,
      29,
      30,
      31,
      32,
      33,
      34,
      35,
      36,
      37,
      38,
      39,
      40,
      41,
      42,
      43,
      44,
      45,
      46,
      47,
      48,
      49,
      50,
      51,
      52
    ],
    "counts": [
      1,
      19,
      17,
      2,
      2,
      2,
      4,
      6,
      5,
      7,
      5,
      8,
      7,
      9,
      8,
      3,
      6,
      3,
      4,
      5,
      4,
      6,
      5,
      3,
      5,
      11,
      4,
      5,
      11,
      4,
      11,
      11,
      11,
      16,
      16,
      22,
      27,
      31,
      36,
      36,
      47,
      58,
      55,
      73,
      53,
      60,
      58,
      59,
      43,
      47,
      26,
      11,
      8,
      4
    ]
  },
  "0.10799999999999998": {
    "val": [
      -1,
      0,
      1,
      2,
      6,
      7,
      10,
      11,
      12,
      13,
      14,
      15,
      16,
      17,
      18,
      19,
      20,
      21,
      22,
      23,
      24,
      25,
      26,
      27,
      28,
      29,
      30,
      31,
      32,
      33,
      34,
      35,
      36,
      38,
      39,
      40,
      41,
      42,
      43,
      44,
      45,
      46,
      49,
      50,
      51,
      52,
      53,
      54,
      55,
      56,
      57,
      58,
      59,
      60,
      61,
      62,
      63,
      64,
      65,
      66,
      67,
      68,
      69,
      70,
      71,
      72,
      73,
      74,
      75,
      76,
      77,
      78,
      79,
      80,
      81,
      82,
      83,
      84,
      85,
      86,
      87,
      88,
      89,
      90,
      91,
      92,
      93,
      94,
      95,
      96,
      97,
      98,
      99,
      100,
      101
    ],
    "counts": [
      1,
      19,
      14,
      1,
      2,
      1,
      1,
      1,
      2,
      1,
      1,
      1,
      2,
      1,
      3,
      1,
      1,
      2,
      3,
      3,
      2,
      2,
      1,
      1,
      2,
      4,
      1,
      4,
      4,
      1,
      3,
      3,
      2,
      4,
      3,
      8,
      1,
      1,
      2,
      3,
      3,
      3,
      2,
      4,
      5,
      3,
      4,
      4,
      5,
      2,
      3,
      8,
      3,
      4,
      3,
      5,
      5,
      5,
      7,
      6,
      5,
      2,
      9,
      7,
      11,
      10,
      5,
      14,
      20,
      17,
      10,
      15,
      17,
      23,
      29,
      33,
      31,
      43,
      37,
      36,
      30,
      19,
      37,
      33,
      37,
      26,
      33,
      40,
      41,
      37,
      33,
      21,
      22,
      18,
      2
    ]
  },
  "0.14066666666666666": {
    "val": [
      -2147483648,
      -1,
      0,
      1,
      2,
      6,
      9,
      10,
      16
    ],
    "counts": [
      960,
      1,
      19,
      10,
      2,
      1,
      1,
      2,
      4
    ]
  },
  "0.17333333333333334": {
    "val": [
      -2147483648,
      -1,
      0,
      1,
      7
    ],
    "counts": [
      968,
      1,
      19,
      10,
      2
    ]
  },
  "0.206": {
    "val": [
      -2147483648,
      -1,
      0,
      1,
      5,
      6,
      12
    ],
    "counts": [
      968,
      1,
      19,
      8,
      1,
      1,
      2
    ]
  },
  "0.23866666666666664": {
    "val": [
      -2147483648,
      -1,
      0,
      1,
      5,
      11
    ],
    "counts": [
      971,
      1,
      19,
      7,
      1,
      1
    ]
  },
  "0.2713333333333333": {
    "val": [
      -2147483648,
      -1,
      0,
      1,
      4
    ],
    "counts": [
      973,
      1,
      19,
      6,
      1
    ]
  },
  "0.304": {
    "val": [
      -2147483648,
      -1,
      0,
      1,
      6
    ],
    "counts": [
      974,
      1,
      19,
      5,
      1
    ]
  },
  "0.33666666666666667": {
    "val": [
      -2147483648,
      -1,
      0,
      1,
      2,
      3
    ],
    "counts": [
      975,
      1,
      19,
      3,
      1,
      1
    ]
  },
  "0.3693333333333333": {
    "val": [
      -2147483648,
      -1,
      0,
      1
    ],
    "counts": [
      979,
      1,
      19,
      1
    ]
  },
  "0.40199999999999997": {
    "val": [
      -2147483648,
      -1,
      0
    ],
    "counts": [
      980,
      1,
      19
    ]
  },
  "0.43466666666666665": {
    "val": [
      -2147483648,
      -1,
      0
    ],
    "counts": [
      980,
      1,
      19
    ]
  },
  "0.46733333333333327": {
    "val": [
      -2147483648,
      -1,
      0
    ],
    "counts": [
      980,
      1,
      19
    ]
  },
  "0.5": {
    "val": [
      -2147483648,
      -1,
      0
    ],
    "counts": [
      980,
      1,
      19
    ]
  }
}