{
  "0.01": {
    "val": [
      -1,
      0,
      1,
      2,
      3,
      4,
      5,
      6,
      7,
      8,
      9
    ],
    "counts": [
      1,
      18,
      84,
      27,
      50,
      114,
      154,
      165,
      202,
      152,
      33
    ]
  },
  "0.042666666666666665": {
    "val": [
      -1,
      0,
      1,
      3,
      4,
      5,
      6,
      7,
      8,
      9,
      10,
      11,
      12,
      13,
      14,
      15,
      16,
      17,
      18,
      19,
      20,
      21,
      22,
      23,
      24,
      25,
      26,
      27,
      28,
      29,
      30,
      31
    ],
    "counts": [
      1,
      18,
      84,
      2,
      4,
      18,
      13,
      13,
      6,
      25,
      21,
      26,
      41,
      41,
      32,
      44,
      54,
      54,
      58,
      39,
      50,
      46,
      58,
      68,
      57,
      55,
      25,
      18,
      16,
      10,
      2,
      1
    ]
  },
  "0.07533333333333332": {
    "val": [
      -1,
      0,
      1,
      3,
      4,
      6,
      7,
      8,
      9,
      10,
      11,
      12,
      13,
      14,
      15,
      16,
      17,
      18,
      19,
      20,
      21,
      22,
      23,
      24,
      25,
      26,
      27,
      28,
      29,
      30,
      31,
      32,
      33,
      34,
      35,
      36,
      37,
      38,
      39,
      40,
      41,
      42,
      43,
      44,
      45,
      46,
      47,
      48,
      49,
      50,
      51,
      52,
      53,
      54,
      55,
      56,
      57,
      58,
      59,
      60,
      61,
      62,
      63,
      64,
      65,
      66,
      67,
      68,
      69,
      70,
      71,
      72,
      73,
      74,
      75,
      76
    ],
    "counts": [
      1,
      18,
      16,
      2,
      1,
      1,
      1,
      7,
      4,
      4,
      4,
      4,
      2,
      6,
      1,
      3,
      2,
      4,
      8,
      8,
      4,
      7,
      7,
      4,
      8,
      9,
      7,
      7,
      8,
      11,
      2,
      12,
      5,
      1,
      7,
      14,
      6,
      10,
      11,
      7,
      11,
      7,
      8,
      14,
      11,
      12,
      15,
      19,
      24,
      14,
      23,
      21,
      34,
      15,
      34,
      33,
      46,
      32,
      37,
      28,
      30,
      30,
      28,
      31,
      42,
      32,
      34,
      35,
      15,
      10,
      7,
      11,
      5,
      3,
      3,
      2
    ]
  },
  "0.10799999999999998": {
    "val": [
      -1,
      0,
      1,
      6,
      10,
      11,
      12,
      13,
      14,
      15,
      16,
      18,
      20,
      21,
      22,
      23,
      25,
      27,
      28,
      29,
      30,
      32,
      33,
      34,
      36,
      37,
      38,
      40,
      42,
      43,
      44,
      46,
      47,
      48,
      49,
      50,
      51,
      53,
      54,
      55,
      56,
      57,
      58,
      59,
      61,
      62,
      63,
      64,
      65,
      68,
      70,
      71,
      72,
      74,
      75,
      76,
      77,
      80,
      81,
      82,
      83,
      84,
      85,
      86,
      87,
      88,
      89,
      90,
      91,
      92,
      93,
      94,
      95,
      96,
      97,
      98,
      99,
      100,
      101,
      102,
      103,
      104,
      105,
      106,
      107,
      108,
      109,
      110,
      111,
      112,
      113,
      114,
      115,
      116,
      117,
      118,
      119,
      120,
      121,
      122,
      123,
      124,
      125,
      126,
      127,
      128,
      129,
      130,
      131,
      132,
      133,
      134,
      135,
      136,
      137,
      138,
      139,
      140,
      141,
      142,
      143,
      144,
      145,
      146,
      147,
      148,
      149,
      150,
      151,
      152,
      153,
      154,
      155,
      156,
      157,
      158
    ],
    "counts": [
      1,
      18,
      15,
      2,
      1,
      3,
      3,
      1,
      1,
      1,
      1,
      1,
      3,
      1,
      1,
      2,
      1,
      2,
      1,
      1,
      2,
      2,
      1,
      2,
      1,
      1,
      1,
      2,
      1,
      2,
      2,
      1,
      1,
      3,
      1,
      1,
      1,
      4,
      2,
      1,
      1,
      2,
      1,
      4,
      1,
      3,
      1,
      1,
      1,
      4,
      1,
      3,
      1,
      2,
      4,
      1,
      2,
      2,
      3,
      3,
      2,
      1,
      1,
      2,
      1,
      2,
      4,
      3,
      4,
      2,
      3,
      1,
      4,
      9,
      9,
      7,
      5,
      8,
      6,
      7,
      7,
      7,
      4,
      5,
      2,
      4,
      7,
      10,
      3,
      9,
      9,
      8,
      8,
      9,
      6,
      11,
      17,
      10,
      11,
      10,
      11,
      18,
      8,
      12,
      9,
      14,
      16,
      14,
      16,
      11,
      17,
      17,
      30,
      19,
      22,
      26,
      24,
      26,
      22,
      27,
      26,
      20,
      28,
      21,
      32,
      25,
      26,
      20,
      15,
      14,
      15,
      10,
      7,
      5,
      5,
      1
    ]
  },