{
  "0.01": {
    "val": [
      -1,
      0,
      1,
      2,
      3,
      4,
      5,
      6
    ],
    "counts": [
      1,
      10,
      38,
      150,
      401,
      371,
      28,
      1
    ]
  },
  "0.042666666666666665": {
    "val": [
      -1,
      0,
      1,
      2,
      3,
      4,
      5,
      6,
      7,
      8,
      9,
      10,
      11,
      12
    ],
    "counts": [
      1,
      10,
      38,
      7,
      17,
      54,
      91,
      88,
      153,
      202,
      203,
      111,
      23,
      2
    ]
  },
  "0.07533333333333332": {
    "val": [
      -1,
      0,
      1,
      3,
      4,
      5,
      6,
      7,
      8,
      9,
      10,
      11,
      12,
      13,
      14,
      15,
      16,
      17,
      18,
      19
    ],
    "counts": [
      1,
      10,
      38,
      10,
      11,
      11,
      25,
      47,
      62,
      50,
      76,
      98,
      113,
      147,
      121,
      113,
      45,
      17,
      4,
      1
    ]
  },
  "0.10799999999999998": {
    "val": [
      -1,
      0,
      1,
      2,
      3,
      4,
      5,
      6,
      7,
      8,
      9,
      10,
      11,
      12,
      13,
      14,
      15,
      16,
      17,
      18,
      19,
      20,
      21,
      22,
      23,
      24,
      25,
      26,
      27
    ],
    "counts": [
      1,
      10,
      33,
      1,
      3,
      6,
      7,
      8,
      7,
      9,
      21,
      28,
      23,
      28,
      33,
      30,
      43,
      55,
      61,
      77,
      108,
      102,
      103,
      86,
      51,
      37,
      17,
      11,
      1
    ]
  },
  "0.14066666666666666": {
    "val": [
      -1,
      0,
      1,
      2,
      3,
      4,
      5,
      6,
      7,
      8,
      9,
      10,
      11,
      12,
      13,
      14,
      15,
      16,
      17,
      18,
      19,
      20,
      21,
      22,
      23,
      24,
      25,
      26,
      27,
      28,
      29,
      30,
      31,
      32,
      33,
      34,
      35,
      36,
      37,
      38,
      39,
      40,
      41,
      42,
      43
    ],
    "counts": [
      1,
      10,
      22,
      1,
      3,
      2,
      4,
      6,
      8,
      2,
      1,
      5,
      7,
      8,
      11,
      6,
      2,
      5,
      14,
      10,
      17,
      6,
      17,
      20,
      23,
      21,
      21,
      20,
      28,
      32,
      51,
      62,
      70,
      70,
      71,
      70,
      55,
      61,
      51,
      37,
      25,
      26,
      12,
      5,
      1
    ]
  },
  "0.17333333333333334": {
    "val": [
      -1,
      0,
      1,
      2,
      3,
      5,
      6,
      7,
      8,
      9,
      10,
      11,
      12,
      13,
      14,
      15,
      16,
      17,
      18,
      19,
      20,
      21,
      22,
      23,
      24,
      25,
      26,
      27,
      28,
      29,
      30,
      31,
      32,
      33,
      34,
      35,
      36,
      37,
      38,
      39,
      40,
      41,
      42,
      43,
      44,
      45,
      46,
      47,
      48,
      49,
      50,
      51,
      52,
      53,
      54,
      55,
      56,
      57,
      58,
      59,
      60,
      61,
      62,
      63,
      64,
      65,
      66,
      67,
      68,
      69,
      70,
      71,
      72,
      73,
      74,
      75,
      76,
      77,
      78,
      79,
      80,
      81,
      82,
      83,
      84,
      85,
      86,
      87,
      88,
      89,
      90
    ],
    "counts": [
      1,
      10,
      7,
      2,
      1,
      1,
      2,
      1,
      1,
      1,
      1,
      1,
      2,
      2,
      1,
      3,
      1,
      2,
      2,
      1,
      3,
      3,
      1,
      2,
      3,
      1,
      1,
      1,
      3,
      2,
      4,
      3,
      5,
      2,
      1,
      2,
      1,
      1,
      5,
      6,
      1,
      8,
      2,
      4,
      1,
      7,
      2,
      1,
      4,
      5,
      3,
      3,
      5,
      5,
      11,
      6,
      9,
      8,
      8,
      11,
      13,
      10,
      15,
      18,
      21,
      21,
      19,
      26,
      29,
      31,
      34,
      28,
      33,
      36,
      40,
      45,
      36,
      43,
      59,
      45,
      48,
      40,
      39,
      29,
      15,
      10,
      5,
      5,
      5,
      3,
      2
    ]
  },
  "0.206": {
    "val": [
      -1,
      0,
      1,
      3,
      4,
      5,
      8,
      9,
      10,
      11,
      13,
      14,
      15,
      16,
      17,
      19,
      20,
      22,
      23,
      24,
      25,
      27,
      29,
      31,
      32,
      33,
      34,
      35,
      37,
      38,
      39,
      40,
      41,
      43,
      45,
      46,
      47,
      48,
      50,
      51,
      53,
      54,
      55,
      56,
      57,
      58,
      60,
      61,
      62,
      63,
      64,
      65,
      66,
      67,
      68,
      69,
      70,
      71,
      72,
      73,
      74,
      75,
      76,
      77,
      78,
      79,
      80,
      81,
      82,
      83,
      84,
      85,
      86,
      87,
      88,
      89,
      90,
      91,
      92,
      93,
      94,
      95,
      96,
      97,
      98,
      99,
      100,
      101,
      102,
      103,
      104,
      105,
      106,
      107,
      108,
      109,
      110,
      111,
      112,
      113,
      114,
      115,
      116,
      117,
      118,
      119,
      120,
      121,
      122,
      123,
      124,
      125,
      126,
      127
    ],
    "counts": [
      1,
      10,
      7,
      1,
      1,
      1,
      2,
      1,
      1,
      1,
      1,
      1,
      1,
      2,
      1,
      2,
      2,
      1,
      1,
      2,
      2,
      1,
      2,
      3,
      2,
      2,
      1,
      3,
      2,
      2,
      1,
      4,
      2,
      2,
      1,
      2,
      1,
      6,
      2,
      4,
      1,
      4,
      4,
      1,
      3,
      1,
      4,
      1,
      1,
      2,
      3,
      6,
      3,
      1,
      1,
      6,
      4,
      2,
      1,
      4,
      3,
      5,
      1,
      1,
      6,
      5,
      4,
      6,
      5,
      3,
      7,
      2,
      6,
      7,
      7,
      4,
      10,
      9,
      11,
      13,
      12,
      10,
      12,
      7,
      9,
      13,
      23,
      28,
      23,
      25,
      26,
      39,
      26,
      29,
      24,
      25,
      28,
      28,
      40,
      33,
      38,
      32,
      33,
      37,
      38,
      25,
      23,
      16,
      20,
      6,
      7,
      7,
      3,
      2
    ]
  },