{
  "0.01": {
    "val": [
      -1,
      0,
      1,
      2,
      3,
      4,
      5,
      6,
      7,
      8,
      9,
      10,
      11,
      12,
      13,
      14,
      15,
      16,
      17,
      18
    ],
    "counts": [
      1,
      17,
      37,
      15,
      17,
      19,
      19,
      24,
      85,
      50,
      66,
      88,
      103,
      116,
      105,
      72,
      66,
      52,
      39,
      9
    ]
  },
  "0.042666666666666665": {
    "val": [
      -2147483648,
      -1,
      0,
      1,
      3
    ],
    "counts": [
      944,
      1,
      17,
      37,
      1
    ]
  },
  "0.07533333333333332": {
    "val": [
      -2147483648,
      -1,
      0,
      1,
      2,
      3
    ],
    "counts": [
      966,
      1,
      17,
      13,
      2,
      1
    ]
  },
  "0.10799999999999998": {
    "val": [
      -2147483648,
      -1,
      0,
      1
    ],
    "counts": [
      969,
      1,
      17,
      13
    ]
  },
  "0.14066666666666666": {
    "val": [
      -2147483648,
      -1,
      0,
      1,
      3
    ],
    "counts": [
      969,
      1,
      17,
      12,
      1
    ]
  },
  "0.17333333333333334": {
    "val": [
      -2147483648,
      -1,
      0,
      1
    ],
    "counts": [
      970,
      1,
      17,
      12
    ]
  },
  "0.206": {
    "val": [
      -2147483648,
      -1,
      0,
      1,
      3
    ],
    "counts": [
      970,
      1,
      17,
      10,
      2
    ]
  },
  "0.23866666666666664": {
    "val": [
      -2147483648,
      -1,
      0,
      1
    ],
    "counts": [
      972,
      1,
      17,
      10
    ]
  },
  "0.2713333333333333": {
    "val": [
      -2147483648,
      -1,
      0,
      1,
      2,
      4
    ],
    "counts": [
      973,
      1,
      17,
      7,
      1,
      1
    ]
  },
  "0.304": {
    "val": [
      -2147483648,
      -1,
      0,
      1
    ],
    "counts": [
      975,
      1,
      17,
      7
    ]
  },
  "0.33666666666666667": {
    "val": [
      -2147483648,
      -1,
      0,
      1
    ],
    "counts": [
      976,
      1,
      17,
      6
    ]
  },
  "0.3693333333333333": {
    "val": [
      -2147483648,
      -1,
      0,
      1
    ],
    "counts": [
      976,
      1,
      17,
      6
    ]
  },
  "0.40199999999999997": {
    "val": [
      -2147483648,
      -1,
      0,
      1
    ],
    "counts": [
      978,
      1,
      17,
      4
    ]
  },
  "0.43466666666666665": {
    "val": [
      -2147483648,
      -1,
      0,
      1
    ],
    "counts": [
      978,
      1,
      17,
      4
    ]
  },
  "0.46733333333333327": {
    "val": [
      -2147483648,
      -1,
      0,
      1
    ],
    "counts": [
      980,
      1,
      17,
      2
    ]
  },
  "0.5": {
    "val": [
      -2147483648,
      -1,
      0,
      1
    ],
    "counts": [
      980,
      1,
      17,
      2
    ]
  }
}