ID	p	network	CC	T	SP	l2	lmax_l2	Rg
Network_p=0.0	0.0	ws	0.5	0.5	625.375075015003	7.89567998782528e-06	791572.0970110212	2085569118.0150867
