{
  "0.01": {
    "val": [
      -1,
      0,
      1,
      2
    ],
    "counts": [
      1,
      35,
      506,
      458
    ]
  },
  "0.042666666666666665": {
    "val": [
      -1,
      0,
      1,
      2,
      3
    ],
    "counts": [
      1,
      35,
      462,
      493,
      9
    ]
  },
  "0.07533333333333332": {
    "val": [
      -1,
      0,
      1,
      2,
      3,
      4
    ],
    "counts": [
      1,
      35,
      282,
      301,
      374,
      7
    ]
  },
  "0.10799999999999998": {
    "val": [
      -1,
      0,
      1,
      2,
      3,
      4,
      5
    ],
    "counts": [
      1,
      35,
      134,
      86,
      218,
      384,
      142
    ]
  },
  "0.14066666666666666": {
    "val": [
      -1,
      0,
      1,
      2,
      3,
      4,
      5,
      6,
      7,
      8,
      9
    ],
    "counts": [
      1,
      35,
      51,
      11,
      32,
      43,
      92,
      178,
      333,
      216,
      8
    ]
  },
  "0.17333333333333334": {
    "val": [
      -1,
      0,
      1,
      3,
      4,
      5,
      6,
      7,
      8,
      9,
      10,
      11,
      12,
      13,
      14,
      15,
      16,
      17,
      18,
      19
    ],
    "counts": [
      1,
      35,
      19,
      3,
      4,
      5,
      6,
      3,
      10,
      11,
      8,
      15,
      19,
      30,
      41,
      72,
      132,
      251,
      265,
      70
    ]
  },
  "0.206": {
    "val": [
      -2147483648,
      -1,
      0,
      1,
      2,
      6,
      7,
      8,
      13,
      14
    ],
    "counts": [
      945,
      1,
      35,
      11,
      1,
      2,
      2,
      1,
      1,
      1
    ]
  },
  "0.23866666666666664": {
    "val": [
      -2147483648,
      -1,
      0,
      1,
      2,
      4
    ],
    "counts": [
      958,
      1,
      35,
      4,
      1,
      1
    ]
  },
  "0.2713333333333333": {
    "val": [
      -2147483648,
      -1,
      0,
      1,
      6
    ],
    "counts": [
      961,
      1,
      35,
      2,
      1
    ]
  },
  "0.304": {
    "val": [
      -2147483648,
      -1,
      0,
      1
    ],
    "counts": [
      963,
      1,
      35,
      1
    ]
  },
  "0.33666666666666667": {
    "val": [
      -2147483648,
      -1,
      0
    ],
    "counts": [
      964,
      1,
      35
    ]
  },
  "0.3693333333333333": {
    "val": [
      -2147483648,
      -1,
      0
    ],
    "counts": [
      964,
      1,
      35
    ]
  },
  "0.40199999999999997": {
    "val": [
      -2147483648,
      -1,
      0
    ],
    "counts": [
      964,
      1,
      35
    ]
  },
  "0.43466666666666665": {
    "val": [
      -2147483648,
      -1,
      0
    ],
    "counts": [
      964,
      1,
      35
    ]
  },
  "0.46733333333333327": {
    "val": [
      -2147483648,
      -1,
      0
    ],
    "counts": [
      964,
      1,
      35
    ]
  },
  "0.5": {
    "val": [
      -2147483648,
      -1,
      0
    ],
    "counts": [
      964,
      1,
      35
    ]
  }
}