{
  "0.01": {
    "val": [
      -1,
      0,
      1,
      2,
      3
    ],
    "counts": [
      1,
      38,
      442,
      512,
      7
    ]
  },
  "0.042666666666666665": {
    "val": [
      -1,
      0,
      1,
      2,
      3,
      4
    ],
    "counts": [
      1,
      38,
      409,
      429,
      121,
      2
    ]
  },
  "0.07533333333333332": {
    "val": [
      -1,
      0,
      1,
      2,
      3,
      4,
      5
    ],
    "counts": [
      1,
      38,
      330,
      171,
      324,
      125,
      11
    ]
  },
  "0.10799999999999998": {
    "val": [
      -1,
      0,
      1,
      2,
      3,
      4,
      5,
      6,
      7
    ],
    "counts": [
      1,
      38,
      224,
      103,
      159,
      215,
      211,
      45,
      4
    ]
  },
  "0.14066666666666666": {
    "val": [
      -1,
      0,
      1,
      2,
      3,
      4,
      5,
      6,
      7,
      8,
      9
    ],
    "counts": [
      1,
      38,
      151,
      67,
      76,
      125,
      135,
      168,
      168,
      59,
      12
    ]
  },
  "0.17333333333333334": {
    "val": [
      -1,
      0,
      1,
      2,
      3,
      4,
      5,
      6,
      7,
      8,
      9,
      10,
      11,
      12,
      13
    ],
    "counts": [
      1,
      38,
      90,
      39,
      47,
      47,
      63,
      93,
      90,
      130,
      153,
      132,
      61,
      15,
      1
    ]
  },
  "0.206": {
    "val": [
      -1,
      0,
      1,
      2,
      3,
      4,
      5,
      6,
      7,
      8,
      9,
      10,
      11,
      12,
      13,
      14,
      15,
      16,
      17
    ],
    "counts": [
      1,
      38,
      69,
      7,
      28,
      29,
      38,
      40,
      39,
      64,
      60,
      68,
      97,
      111,
      126,
      101,
      59,
      21,
      4
    ]
  },
  "0.23866666666666664": {
    "val": [
      -1,
      0,
      1,
      2,
      3,
      4,
      5,
      6,
      7,
      8,
      9,
      10,
      11,
      12,
      13,
      14,
      15,
      16,
      17,
      18,
      19,
      20,
      21,
      22,
      23
    ],
    "counts": [
      1,
      38,
      48,
      10,
      9,
      15,
      15,
      15,
      22,
      28,
      30,
      25,
      32,
      42,
      33,
      43,
      52,
      59,
      94,
      91,
      102,
      86,
      75,
      28,
      7
    ]
  },
  "0.2713333333333333": {
    "val": [
      -1,
      0,
      1,
      2,
      3,
      4,
      5,
      6,
      7,
      8,
      9,
      10,
      11,
      12,
      13,
      14,
      15,
      16,
      17,
      18,
      19,
      20,
      21,
      22,
      23,
      24,
      25,
      26,
      27,
      28,
      29,
      30,
      31,
      32,
      33,
      34,
      35,
      36
    ],
    "counts": [
      1,
      38,
      33,
      5,
      4,
      7,
      7,
      8,
      4,
      4,
      8,
      9,
      9,
      12,
      13,
      12,
      14,
      18,
      19,
      17,
      23,
      23,
      22,
      25,
      28,
      39,
      38,
      35,
      58,
      49,
      70,
      72,
      96,
      84,
      56,
      29,
      10,
      1
    ]
  },
  "0.304": {
    "val": [
      -1,
      0,
      1,
      3,
      4,
      5,
      6,
      7,
      8,
      9,
      10,
      13,
      14,
      15,
      17,
      18,
      20,
      21,
      22,
      23,
      24,
      25,
      26,
      27,
      28,
      29,
      30,
      31,
      32,
      33,
      34,
      35,
      36,
      37,
      38,
      39,
      40,
      41,
      42,
      43,
      44,
      45,
      46,
      47,
      48,
      49,
      50,
      51,
      52,
      53,
      54,
      55,
      56,
      57,
      58,
      59,
      60,
      61,
      62,
      63,
      64,
      65,
      66,
      67,
      68,
      69,
      70,
      71,
      72
    ],
    "counts": [
      1,
      38,
      26,
      3,
      3,
      2,
      4,
      6,
      6,
      4,
      3,
      2,
      1,
      2,
      1,
      3,
      2,
      3,
      1,
      1,
      2,
      3,
      2,
      4,
      4,
      2,
      3,
      5,
      7,
      3,
      2,
      5,
      4,
      2,
      4,
      10,
      8,
      3,
      9,
      7,
      4,
      10,
      3,
      8,
      12,
      11,
      20,
      16,
      19,
      17,
      11,
      18,
      19,
      30,
      30,
      33,
      21,
      35,
      43,
      55,
      38,
      61,
      68,
      79,
      69,
      36,
      25,
      7,
      1
    ]
  },
  "0.33666666666666667": {
    "val": [
      -2147483648,
      -1,
      0,
      1,
      2,
      3,
      4,
      5,
      6,
      7,
      8,
      9,
      10,
      11,
      12,
      13,
      15,
      16,
      19
    ],
    "counts": [
      910,
      1,
      38,
      18,
      1,
      2,
      3,
      1,
      4,
      2,
      1,
      1,
      4,
      5,
      4,
      2,
      1,
      1,
      1
    ]
  },
  "0.3693333333333333": {
    "val": [
      -2147483648,
      -1,
      0,
      1,
      2,
      4,
      6,
      7,
      9,
      10,
      11,
      14,
      15,
      16,
      17,
      18,
      19
    ],
    "counts": [
      924,
      1,
      38,
      15,
      1,
      1,
      1,
      3,
      2,
      1,
      2,
      2,
      2,
      3,
      1,
      2,
      1
    ]
  },
  "0.40199999999999997": {
    "val": [
      -2147483648,
      -1,
      0,
      1,
      3,
      5,
      6,
      10,
      11,
      13
    ],
    "counts": [
      942,
      1,
      38,
      12,
      2,
      1,
      1,
      1,
      1,
      1
    ]
  },
  "0.43466666666666665": {
    "val": [
      -2147483648,
      -1,
      0,
      1,
      2,
      10,
      14,
      21
    ],
    "counts": [
      949,
      1,
      38,
      7,
      1,
      1,
      2,
      1
    ]
  },
  "0.46733333333333327": {
    "val": [
      -2147483648,
      -1,
      0,
      1,
      3
    ],
    "counts": [
      956,
      1,
      38,
      4,
      1
    ]
  },
  "0.5": {
    "val": [
      -2147483648,
      -1,
      0,
      1,
      4
    ],
    "counts": [
      956,
      1,
      38,
      4,
      1
    ]
  }
}