{
  "0.01": {
    "val": [
      -1,
      0,
      1,
      2
    ],
    "counts": [
      1,
      36,
      494,
      469
    ]
  },
  "0.042666666666666665": {
    "val": [
      -1,
      0,
      1,
      2,
      3
    ],
    "counts": [
      1,
      36,
      451,
      502,
      10
    ]
  },
  "0.07533333333333332": {
    "val": [
      -1,
      0,
      1,
      2,
      3,
      4
    ],
    "counts": [
      1,
      36,
      270,
      280,
      397,
      16
    ]
  },
  "0.10799999999999998": {
    "val": [
      -1,
      0,
      1,
      2,
      3,
      4,
      5,
      6
    ],
    "counts": [
      1,
      36,
      110,
      94,
      198,
      394,
      166,
      1
    ]
  },
  "0.14066666666666666": {
    "val": [
      -1,
      0,
      1,
      2,
      3,
      4,
      5,
      6,
      7,
      8,
      9
    ],
    "counts": [
      1,
      36,
      56,
      11,
      23,
      53,
      114,
      233,
      313,
      159,
      1
    ]
  },
  "0.17333333333333334": {
    "val": [
      -1,
      0,
      1,
      2,
      3,
      4,
      5,
      6,
      7,
      8,
      9,
      10,
      11,
      12,
      13
    ],
    "counts": [
      1,
      36,
      36,
      4,
      3,
      5,
      15,
      20,
      18,
      42,
      70,
      125,
      220,
      281,
      124
    ]
  },
  "0.206": {
    "val": [
      -1,
      0,
      1,
      6,
      7,
      8,
      9,
      10,
      11,
      12,
      13,
      14,
      17,
      18,
      19,
      20,
      21,
      22,
      23,
      24,
      25,
      26,
      27,
      28,
      29,
      30,
      31,
      32,
      33,
      34,
      35,
      36,
      37,
      38,
      39
    ],
    "counts": [
      1,
      36,
      18,
      1,
      3,
      2,
      1,
      1,
      1,
      3,
      1,
      2,
      1,
      1,
      2,
      3,
      2,
      3,
      3,
      7,
      2,
      5,
      5,
      7,
      6,
      13,
      20,
      27,
      54,
      73,
      117,
      204,
      240,
      129,
      6
    ]
  },
  "0.23866666666666664": {
    "val": [
      -2147483648,
      -1,
      0,
      1
    ],
    "counts": [
      957,
      1,
      36,
      6
    ]
  },
  "0.2713333333333333": {
    "val": [
      -2147483648,
      -1,
      0,
      1
    ],
    "counts": [
      960,
      1,
      36,
      3
    ]
  },
  "0.304": {
    "val": [
      -2147483648,
      -1,
      0,
      1
    ],
    "counts": [
      962,
      1,
      36,
      1
    ]
  },
  "0.33666666666666667": {
    "val": [
      -2147483648,
      -1,
      0
    ],
    "counts": [
      963,
      1,
      36
    ]
  },
  "0.3693333333333333": {
    "val": [
      -2147483648,
      -1,
      0
    ],
    "counts": [
      963,
      1,
      36
    ]
  },
  "0.40199999999999997": {
    "val": [
      -2147483648,
      -1,
      0
    ],
    "counts": [
      963,
      1,
      36
    ]
  },
  "0.43466666666666665": {
    "val": [
      -2147483648,
      -1,
      0
    ],
    "counts": [
      963,
      1,
      36
    ]
  },
  "0.46733333333333327": {
    "val": [
      -2147483648,
      -1,
      0
    ],
    "counts": [
      963,
      1,
      36
    ]
  },
  "0.5": {
    "val": [
      -2147483648,
      -1,
      0
    ],
    "counts": [
      963,
      1,
      36
    ]
  }
}