{
  "0.01": {
    "val": [
      -1,
      0,
      1,
      2
    ],
    "counts": [
      1,
      36,
      503,
      460
    ]
  },
  "0.042666666666666665": {
    "val": [
      -1,
      0,
      1,
      2,
      3
    ],
    "counts": [
      1,
      36,
      457,
      496,
      10
    ]
  },
  "0.07533333333333332": {
    "val": [
      -1,
      0,
      1,
      2,
      3,
      4
    ],
    "counts": [
      1,
      36,
      279,
      302,
      376,
      6
    ]
  },
  "0.10799999999999998": {
    "val": [
      -1,
      0,
      1,
      2,
      3,
      4,
      5
    ],
    "counts": [
      1,
      36,
      120,
      83,
      205,
      388,
      167
    ]
  },
  "0.14066666666666666": {
    "val": [
      -1,
      0,
      1,
      2,
      3,
      4,
      5,
      6,
      7,
      8,
      9
    ],
    "counts": [
      1,
      36,
      50,
      14,
      23,
      42,
      89,
      169,
      305,
      254,
      17
    ]
  },
  "0.17333333333333334": {
    "val": [
      -1,
      0,
      1,
      2,
      3,
      4,
      5,
      6,
      7,
      8,
      9,
      10,
      11,
      12,
      13,
      14,
      15,
      16,
      17,
      18
    ],
    "counts": [
      1,
      36,
      22,
      2,
      3,
      2,
      9,
      7,
      6,
      10,
      15,
      18,
      16,
      39,
      50,
      92,
      191,
      291,
      175,
      15
    ]
  },
  "0.206": {
    "val": [
      -2147483648,
      -1,
      0,
      1,
      3,
      6,
      8,
      12,
      14,
      15,
      21,
      22,
      23,
      24,
      25,
      27,
      29,
      30,
      31,
      32,
      35,
      37,
      42,
      47
    ],
    "counts": [
      930,
      1,
      36,
      8,
      1,
      1,
      2,
      1,
      2,
      2,
      1,
      1,
      1,
      1,
      1,
      1,
      1,
      1,
      2,
      2,
      1,
      1,
      1,
      1
    ]
  },
  "0.23866666666666664": {
    "val": [
      -2147483648,
      -1,
      0,
      1,
      5
    ],
    "counts": [
      961,
      1,
      36,
      1,
      1
    ]
  },
  "0.2713333333333333": {
    "val": [
      -2147483648,
      -1,
      0
    ],
    "counts": [
      963,
      1,
      36
    ]
  },
  "0.304": {
    "val": [
      -2147483648,
      -1,
      0
    ],
    "counts": [
      963,
      1,
      36
    ]
  },
  "0.33666666666666667": {
    "val": [
      -2147483648,
      -1,
      0
    ],
    "counts": [
      963,
      1,
      36
    ]
  },
  "0.3693333333333333": {
    "val": [
      -2147483648,
      -1,
      0
    ],
    "counts": [
      963,
      1,
      36
    ]
  },
  "0.40199999999999997": {
    "val": [
      -2147483648,
      -1,
      0
    ],
    "counts": [
      963,
      1,
      36
    ]
  },
  "0.43466666666666665": {
    "val": [
      -2147483648,
      -1,
      0
    ],
    "counts": [
      963,
      1,
      36
    ]
  },
  "0.46733333333333327": {
    "val": [
      -2147483648,
      -1,
      0
    ],
    "counts": [
      963,
      1,
      36
    ]
  },
  "0.5": {
    "val": [
      -2147483648,
      -1,
      0
    ],
    "counts": [
      963,
      1,
      36
    ]
  }
}