{
  "0.01": {
    "val": [
      -1,
      0,
      1,
      2,
      3
    ],
    "counts": [
      1,
      37,
      468,
      487,
      7
    ]
  },
  "0.042666666666666665": {
    "val": [
      -1,
      0,
      1,
      2,
      3,
      4,
      5
    ],
    "counts": [
      1,
      37,
      428,
      57,
      351,
      125,
      1
    ]
  },
  "0.07533333333333332": {
    "val": [
      -1,
      0,
      1,
      2,
      3,
      4,
      5,
      6,
      7
    ],
    "counts": [
      1,
      37,
      295,
      69,
      80,
      146,
      236,
      122,
      14
    ]
  },
  "0.10799999999999998": {
    "val": [
      -1,
      0,
      1,
      2,
      3,
      4,
      5,
      6,
      7,
      8,
      9,
      10,
      11,
      12
    ],
    "counts": [
      1,
      37,
      136,
      23,
      40,
      53,
      61,
      71,
      100,
      132,
      160,
      124,
      56,
      6
    ]
  },
  "0.14066666666666666": {
    "val": [
      -1,
      0,
      1,
      2,
      3,
      4,
      5,
      6,
      7,
      8,
      9,
      10,
      11,
      12,
      13,
      14,
      15,
      16,
      17,
      18,
      19,
      20,
      21,
      22
    ],
    "counts": [
      1,
      37,
      60,
      4,
      3,
      9,
      9,
      17,
      10,
      15,
      20,
      20,
      24,
      39,
      44,
      53,
      65,
      101,
      119,
      109,
      104,
      99,
      28,
      10
    ]
  },
  "0.17333333333333334": {
    "val": [
      -1,
      0,
      1,
      2,
      3,
      5,
      6,
      8,
      9,
      10,
      11,
      12,
      13,
      14,
      15,
      16,
      17,
      18,
      19,
      20,
      21,
      22,
      23,
      24,
      25,
      26,
      27,
      28,
      29,
      30,
      31,
      32,
      33,
      34,
      35,
      36,
      37,
      38,
      39,
      40,
      41,
      42,
      43,
      44
    ],
    "counts": [
      1,
      37,
      27,
      2,
      2,
      2,
      2,
      3,
      3,
      3,
      3,
      4,
      8,
      2,
      2,
      4,
      8,
      4,
      5,
      4,
      4,
      9,
      6,
      6,
      15,
      10,
      16,
      11,
      18,
      21,
      23,
      31,
      32,
      48,
      53,
      63,
      90,
      106,
      97,
      82,
      71,
      42,
      17,
      3
    ]
  },
  "0.206": {
    "val": [
      -1,
      0,
      1,
      3,
      5,
      6,
      7,
      11,
      15,
      16,
      18,
      20,
      21,
      22,
      23,
      24,
      25,
      26,
      28,
      30,
      31,
      33,
      34,
      35,
      36,
      37,
      41,
      43,
      44,
      45,
      46,
      48,
      49,
      50,
      51,
      52,
      53,
      54,
      55,
      56,
      57,
      58,
      59,
      60,
      61,
      62,
      63,
      64,
      65,
      66,
      67,
      68,
      69,
      70,
      71,
      72,
      73,
      74,
      75,
      76,
      77,
      78,
      79,
      80,
      81,
      82,
      83,
      84,
      85,
      86,
      87,
      88,
      89,
      90,
      91
    ],
    "counts": [
      1,
      37,
      14,
      3,
      1,
      3,
      1,
      1,
      2,
      2,
      2,
      1,
      1,
      4,
      2,
      1,
      3,
      2,
      2,
      3,
      3,
      2,
      1,
      3,
      1,
      2,
      3,
      1,
      1,
      2,
      2,
      1,
      3,
      2,
      4,
      4,
      1,
      2,
      3,
      2,
      1,
      4,
      3,
      5,
      5,
      5,
      4,
      6,
      1,
      6,
      6,
      9,
      4,
      6,
      10,
      13,
      10,
      16,
      18,
      21,
      21,
      32,
      20,
      40,
      46,
      61,
      62,
      79,
      92,
      75,
      73,
      63,
      34,
      16,
      4
    ]
  },
  "0.23866666666666664": {
    "val": [
      -2147483648,
      -1,
      0,
      1,
      6,
      9,
      10,
      14
    ],
    "counts": [
      947,
      1,
      37,
      9,
      1,
      3,
      1,
      1
    ]
  },
  "0.2713333333333333": {
    "val": [
      -2147483648,
      -1,
      0,
      1
    ],
    "counts": [
      956,
      1,
      37,
      6
    ]
  },
  "0.304": {
    "val": [
      -2147483648,
      -1,
      0,
      1
    ],
    "counts": [
      961,
      1,
      37,
      1
    ]
  },
  "0.33666666666666667": {
    "val": [
      -2147483648,
      -1,
      0
    ],
    "counts": [
      962,
      1,
      37
    ]
  },
  "0.3693333333333333": {
    "val": [
      -2147483648,
      -1,
      0
    ],
    "counts": [
      962,
      1,
      37
    ]
  },
  "0.40199999999999997": {
    "val": [
      -2147483648,
      -1,
      0
    ],
    "counts": [
      962,
      1,
      37
    ]
  },
  "0.43466666666666665": {
    "val": [
      -2147483648,
      -1,
      0
    ],
    "counts": [
      962,
      1,
      37
    ]
  },
  "0.46733333333333327": {
    "val": [
      -2147483648,
      -1,
      0
    ],
    "counts": [
      962,
      1,
      37
    ]
  },
  "0.5": {
    "val": [
      -2147483648,
      -1,
      0
    ],
    "counts": [
      962,
      1,
      37
    ]
  }
}