{
  "0.01": {
    "val": [
      -1,
      0,
      1,
      2,
      3,
      4,
      5
    ],
    "counts": [
      1,
      10,
      45,
      149,
      437,
      330,
      28
    ]
  },
  "0.042666666666666665": {
    "val": [
      -1,
      0,
      1,
      2,
      3,
      4,
      5,
      6,
      7,
      8,
      9,
      10,
      11
    ],
    "counts": [
      1,
      10,
      45,
      8,
      29,
      41,
      94,
      88,
      181,
      215,
      191,
      78,
      19
    ]
  },
  "0.07533333333333332": {
    "val": [
      -1,
      0,
      1,
      2,
      3,
      4,
      5,
      6,
      7,
      8,
      9,
      10,
      11,
      12,
      13,
      14,
      15,
      16,
      17,
      18
    ],
    "counts": [
      1,
      10,
      45,
      1,
      10,
      20,
      11,
      17,
      44,
      51,
      56,
      75,
      95,
      126,
      139,
      139,
      96,
      44,
      18,
      2
    ]
  },
  "0.10799999999999998": {
    "val": [
      -1,
      0,
      1,
      2,
      3,
      4,
      5,
      6,
      7,
      8,
      9,
      10,
      11,
      12,
      13,
      14,
      15,
      16,
      17,
      18,
      19,
      20,
      21,
      22,
      23,
      24,
      25,
      26
    ],
    "counts": [
      1,
      10,
      41,
      4,
      3,
      9,
      16,
      8,
      8,
      6,
      23,
      35,
      28,
      22,
      36,
      44,
      48,
      79,
      86,
      81,
      102,
      100,
      88,
      61,
      36,
      19,
      4,
      2
    ]
  },
  "0.14066666666666666": {
    "val": [
      -1,
      0,
      1,
      2,
      3,
      4,
      5,
      6,
      7,
      8,
      9,
      10,
      11,
      12,
      13,
      14,
      15,
      16,
      17,
      18,
      19,
      20,
      21,
      22,
      23,
      24,
      25,
      26,
      27,
      28,
      29,
      30,
      31,
      32,
      33,
      34,
      35,
      36,
      37,
      38,
      39,
      40
    ],
    "counts": [
      1,
      10,
      20,
      4,
      9,
      4,
      5,
      9,
      9,
      7,
      7,
      3,
      5,
      7,
      10,
      10,
      11,
      11,
      17,
      11,
      15,
      15,
      21,
      29,
      27,
      31,
      37,
      36,
      58,
      62,
      55,
      54,
      76,
      56,
      77,
      64,
      54,
      21,
      25,
      12,
      4,
      1
    ]
  },
  "0.17333333333333334": {
    "val": [
      -1,
      0,
      1,
      3,
      4,
      5,
      6,
      7,
      8,
      9,
      10,
      11,
      12,
      13,
      14,
      15,
      16,
      18,
      19,
      21,
      22,
      23,
      24,
      25,
      26,
      27,
      28,
      29,
      30,
      31,
      32,
      33,
      34,
      35,
      36,
      37,
      38,
      39,
      40,
      41,
      42,
      43,
      44,
      45,
      46,
      47,
      48,
      49,
      50,
      51,
      52,
      53,
      54,
      55,
      56,
      57,
      58,
      59,
      60,
      61,
      62,
      63,
      64,
      65,
      66,
      67,
      68,
      69,
      70,
      71,
      72,
      73,
      74,
      75,
      76,
      77,
      78
    ],
    "counts": [
      1,
      10,
      7,
      2,
      1,
      2,
      1,
      1,
      2,
      4,
      2,
      2,
      3,
      2,
      1,
      2,
      1,
      1,
      3,
      5,
      3,
      2,
      1,
      5,
      6,
      3,
      4,
      1,
      2,
      5,
      3,
      5,
      5,
      3,
      4,
      4,
      4,
      5,
      2,
      4,
      3,
      7,
      5,
      5,
      10,
      4,
      8,
      9,
      8,
      10,
      8,
      17,
      17,
      16,
      14,
      12,
      27,
      30,
      26,
      28,
      40,
      35,
      40,
      30,
      46,
      39,
      55,
      57,
      56,
      54,
      44,
      42,
      42,
      18,
      6,
      6,
      2
    ]
  },
  "0.206": {
    "val": [
      -1,
      0,
      1,
      5,
      6,
      7,
      9,
      10,
      11,
      12,
      13,
      14,
      15,
      16,
      17,
      18,
      19,
      20,
      22,
      24,
      25,
      26,
      27,
      28,
      29,
      30,
      31,
      33,
      34,
      35,
      37,
      38,
      39,
      40,
      41,
      42,
      43,
      44,
      45,
      46,
      47,
      48,
      50,
      51,
      52,
      53,
      54,
      55,
      56,
      57,
      59,
      60,
      61,
      62,
      63,
      64,
      65,
      66,
      67,
      68,
      69,
      70,
      71,
      72,
      73,
      74,
      75,
      76,
      77,
      78,
      79,
      80,
      81,
      82,
      83,
      84,
      85,
      86,
      87,
      88,
      89,
      90,
      91,
      92,
      93,
      94,
      95,
      96,
      97,
      98,
      99,
      100,
      101,
      102,
      103,
      104,
      105,
      106,
      107,
      108,
      109,
      110,
      111
    ],
    "counts": [
      1,
      10,
      7,
      1,
      1,
      1,
      3,
      1,
      1,
      3,
      2,
      1,
      2,
      1,
      3,
      2,
      2,
      1,
      1,
      1,
      1,
      2,
      2,
      1,
      3,
      2,
      3,
      3,
      1,
      2,
      3,
      1,
      3,
      3,
      2,
      3,
      2,
      3,
      1,
      3,
      4,
      2,
      4,
      4,
      5,
      5,
      3,
      2,
      5,
      2,
      4,
      4,
      3,
      2,
      6,
      4,
      3,
      2,
      6,
      6,
      7,
      6,
      4,
      3,
      7,
      11,
      6,
      7,
      7,
      10,
      12,
      9,
      14,
      15,
      11,
      19,
      20,
      25,
      19,
      16,
      20,
      19,
      25,
      33,
      31,
      27,
      30,
      26,
      31,
      50,
      44,
      36,
      44,
      39,
      43,
      32,
      33,
      18,
      9,
      9,
      5,
      2,
      1
    ]
  },
  "0.23866666666666664": {
    "val": [
      -1,
      0,
      1,
      3,
      7,
      9,
      11,
      14,
      15,
      16,
      17,
      18,
      19,
      22,
      23,
      24,
      25,
      27,
      30,
      32,
      33,
      34,
      35,
      37,
      38,
      39,
      40,
      41,
      42,
      43,
      45,
      46,
      48,
      50,
      51,
      53,
      54,
      55,
      56,
      57,
      58,
      59,
      61,
      62,
      63,
      64,
      65,
      67,
      68,
      69,
      70,
      71,
      72,
      73,
      74,
      75,
      76,
      78,
      79,
      80,
      81,
      82,
      83,
      84,
      85,
      86,
      87,
      88,
      89,
      90,
      91,
      92,
      93,
      94,
      95,
      96,
      97,
      98,
      99,
      100,
      101,
      102,
      103,
      104,
      105,
      106,
      107,
      108,
      109,
      110,
      111,
      112,
      113,
      114,
      115,
      116,
      117,
      118,
      119,
      120,
      121,
      122,
      123,
      124,
      125,
      126,
      127,
      128,
      129,
      130,
      131,
      132,
      133,
      134,
      135,
      136,
      137,
      138,
      139,
      140,
      141,
      142,
      143,
      144,
      145,
      146,
      147,
      148,
      149,
      150,
      151
    ],