{
  "0.01": {
    "val": [
      -1,
      0,
      1,
      2,
      3,
      4
    ],
    "counts": [
      1,
      35,
      421,
      445,
      97,
      1
    ]
  },
  "0.042666666666666665": {
    "val": [
      -1,
      0,
      1,
      2,
      3,
      4,
      5,
      6,
      7,
      8
    ],
    "counts": [
      1,
      35,
      398,
      42,
      169,
      189,
      101,
      45,
      18,
      2
    ]
  },
  "0.07533333333333332": {
    "val": [
      -1,
      0,
      1,
      2,
      3,
      4,
      5,
      6,
      7,
      8,
      9,
      10,
      11,
      12,
      13
    ],
    "counts": [
      1,
      35,
      343,
      35,
      40,
      60,
      110,
      107,
      92,
      67,
      56,
      18,
      23,
      9,
      4
    ]
  },
  "0.10799999999999998": {
    "val": [
      -1,
      0,
      1,
      2,
      3,
      4,
      5,
      6,
      7,
      8,
      9,
      10,
      11,
      12,
      13,
      14,
      15,
      16,
      17,
      18,
      19,
      20
    ],
    "counts": [
      1,
      35,
      251,
      33,
      45,
      34,
      33,
      37,
      55,
      77,
      64,
      67,
      69,
      59,
      41,
      34,
      21,
      22,
      11,
      7,
      3,
      1
    ]
  },
  "0.14066666666666666": {
    "val": [
      -1,
      0,
      1,
      2,
      3,
      4,
      5,
      6,
      7,
      8,
      9,
      10,
      11,
      12,
      13,
      14,
      15,
      16,
      17,
      18,
      19,
      20,
      21,
      22,
      23,
      24,
      25,
      26,
      27,
      28,
      29
    ],
    "counts": [
      1,
      35,
      166,
      10,
      31,
      35,
      31,
      19,
      28,
      26,
      33,
      36,
      31,
      43,
      41,
      49,
      43,
      59,
      48,
      52,
      39,
      34,
      22,
      23,
      18,
      17,
      10,
      11,
      4,
      3,
      2
    ]
  },
  "0.17333333333333334": {
    "val": [
      -1,
      0,
      1,
      2,
      3,
      4,
      5,
      6,
      7,
      8,
      9,
      10,
      11,
      12,
      13,
      14,
      15,
      16,
      17,
      18,
      19,
      20,
      21,
      22,
      23,
      24,
      25,
      26,
      27,
      28,
      29,
      30,
      31,
      32,
      33,
      34,
      35,
      36,
      37,
      38,
      39,
      40,
      41,
      42,
      43
    ],
    "counts": [
      1,
      35,
      108,
      11,
      9,
      12,
      17,
      14,
      18,
      13,
      15,
      18,
      15,
      25,
      24,
      19,
      11,
      23,
      32,
      35,
      20,
      27,
      34,
      37,
      35,
      24,
      39,
      27,
      38,
      41,
      37,
      37,
      29,
      25,
      24,
      16,
      15,
      8,
      13,
      7,
      5,
      3,
      2,
      1,
      1
    ]
  },
  "0.206": {
    "val": [
      -1,
      0,
      1,
      2,
      3,
      4,
      5,
      6,
      7,
      8,
      9,
      10,
      11,
      12,
      13,
      14,
      15,
      16,
      17,
      18,
      19,
      20,
      21,
      22,
      23,
      24,
      25,
      26,
      27,
      28,
      29,
      30,
      31,
      32,
      33,
      34,
      35,
      36,
      37,
      38,
      39,
      40,
      41,
      42,
      43,
      44,
      45,
      46,
      47,
      48,
      49,
      50,
      51,
      52,
      53,
      54,
      55,
      56,
      57,
      59
    ],
    "counts": [
      1,
      35,
      80,
      7,
      5,
      14,
      6,
      10,
      12,
      9,
      10,
      6,
      6,
      8,
      3,
      15,
      8,
      17,
      8,
      14,
      15,
      17,
      14,
      15,
      17,
      15,
      25,
      20,
      15,
      18,
      14,
      24,
      22,
      28,
      31,
      24,
      23,
      20,
      27,
      32,
      26,
      23,
      29,
      30,
      28,
      30,
      25,
      21,
      17,
      19,
      12,
      8,
      11,
      10,
      5,
      6,
      5,
      1,
      3,
      1
    ]
  },
  "0.23866666666666664": {
    "val": [
      -1,
      0,
      1,
      2,
      3,
      4,
      5,
      6,
      7,
      8,
      9,
      10,
      11,
      12,
      13,
      14,
      15,
      16,
      17,
      18,
      19,
      20,
      21,
      22,
      23,
      24,
      25,
      26,
      27,
      28,
      29,
      30,
      31,
      32,
      33,
      34,
      35,
      36,
      37,
      38,
      39,
      40,
      41,
      42,
      43,
      44,
      45,
      46,
      47,
      48,
      49,
      50,
      51,
      52,
      53,
      54,
      55,
      56,
      57,
      58,
      59,
      60,
      61,
      62,
      63,
      64,
      65,
      66,
      67,
      68,
      69,
      70,
      71,
      72,
      73,
      74,
      75,
      76,
      77,
      79
    ],
    "counts": [
      1,
      35,
      64,
      5,
      5,
      5,
      7,
      6,
      4,
      6,
      8,
      6,
      13,
      5,
      8,
      8,
      5,
      6,
      2,
      2,
      7,
      6,
      4,
      6,
      8,
      8,
      13,
      10,
      12,
      12,
      7,
      12,
      10,
      17,
      12,
      12,
      10,
      13,
      15,
      12,
      11,
      13,
      11,
      11,
      17,
      12,
      17,
      18,
      15,
      23,
      21,
      17,
      21,
      22,
      11,
      26,
      27,
      21,
      20,
      15,
      20,
      30,
      20,
      21,
      23,
      20,
      20,
      12,
      10,
      18,
      10,
      6,
      10,
      4,
      4,
      7,
      5,
      1,
      2,
      1
    ]
  },
  "0.2713333333333333": {
    "val": [
      -2147483648,
      -1,
      0,
      1,
      2,
      3,
      4,
      5,
      6,
      7,
      8,
      9,
      10,
      11,
      12,
      13,
      14,
      15,
      16,
      17,
      18,
      19,
      20,
      21,
      22,
      23,
      24,
      25,
      26,
      27,
      28,
      29,
      31
    ],
    "counts": [
      793,
      1,
      35,
      42,
      1,
      5,
      2,
      7,
      4,
      4,
      2,
      3,
      9,
      1,
      4,
      4,
      7,
      2,
      2,
      7,
      5,
      8,
      5,
      7,
      6,
      8,
      4,
      5,
      2,
      2,
      6,
      5,
      2
    ]
  },
  "0.304": {
    "val": [
      -2147483648,
      -1,
      0,
      1,
      2,
      3,
      4,
      5,
      6,
      7,
      8,
      10
    ],
    "counts": [
      916,
      1,
      35,
      27,
      3,
      2,
      2,
      3,
      1,
      3,
      4,
      3
    ]
  },
  "0.33666666666666667": {
    "val": [
      -2147483648,
      -1,
      0,
      1,
      2
    ],
    "counts": [
      945,
      1,
      35,
      18,
      1
    ]
  },
  "0.3693333333333333": {
    "val": [
      -2147483648,
      -1,
      0,
      1
    ],
    "counts": [
      948,
      1,
      35,
      16
    ]
  },
  "0.40199999999999997": {
    "val": [
      -2147483648,
      -1,
      0,
      1
    ],
    "counts": [
      956,
      1,
      35,
      8
    ]
  },
  "0.43466666666666665": {
    "val": [
      -2147483648,
      -1,
      0,
      1,
      2
    ],
    "counts": [
      957,
      1,
      35,
      6,
      1
    ]
  },
  "0.46733333333333327": {
    "val": [
      -2147483648,
      -1,
      0,
      1
    ],
    "counts": [
      960,
      1,
      35,
      4
    ]
  },
  "0.5": {
    "val": [
      -2147483648,
      -1,
      0,
      1
    ],
    "counts": [
      960,
      1,
      35,
      4
    ]
  }
}