{
  "0.01": {
    "val": [
      -1,
      0,
      1,
      2,
      3,
      4,
      5,
      6,
      7,
      8
    ],
    "counts": [
      1,
      34,
      190,
      263,
      124,
      82,
      101,
      116,
      77,
      12
    ]
  },
  "0.042666666666666665": {
    "val": [
      -1,
      0,
      1,
      2,
      3,
      4,
      5,
      6,
      7,
      8,
      9,
      10,
      11,
      12,
      13,
      14,
      15,
      16,
      17,
      18,
      19,
      20,
      21
    ],
    "counts": [
      1,
      34,
      171,
      15,
      74,
      93,
      70,
      53,
      54,
      51,
      40,
      22,
      20,
      29,
      37,
      37,
      35,
      28,
      55,
      35,
      24,
      15,
      7
    ]
  },
  "0.07533333333333332": {
    "val": [
      -1,
      0,
      1,
      2,
      3,
      4,
      5,
      6,
      7,
      8,
      9,
      10,
      11,
      12,
      13,
      14,
      15,
      16,
      17,
      18,
      19,
      20,
      21,
      22,
      23,
      24,
      25,
      26,
      27,
      28,
      29,
      30,
      31,
      32,
      33,
      34,
      35,
      36
    ],
    "counts": [
      1,
      34,
      141,
      11,
      13,
      20,
      42,
      42,
      55,
      24,
      42,
      35,
      38,
      33,
      33,
      26,
      28,
      19,
      25,
      18,
      9,
      9,
      19,
      24,
      21,
      24,
      22,
      24,
      15,
      26,
      37,
      27,
      16,
      12,
      13,
      9,
      9,
      4
    ]
  },
  "0.10799999999999998": {
    "val": [
      -1,
      0,
      1,
      2,
      3,
      4,
      5,
      6,
      7,
      8,
      9,
      10,
      11,
      12,
      13,
      14,
      15,
      16,
      17,
      18,
      19,
      20,
      21,
      22,
      23,
      24,
      25,
      26,
      27,
      28,
      29,
      30,
      31,
      32,
      33,
      34,
      35,
      36,
      37,
      38,
      39,
      40,
      41,
      42,
      43,
      44,
      45,
      46,
      47,
      48,
      49,
      50,
      51,
      52,
      53,
      54,
      55,
      56,
      57
    ],
    "counts": [
      1,
      34,
      114,
      7,
      11,
      3,
      13,
      15,
      18,
      24,
      22,
      26,
      35,
      19,
      20,
      14,
      13,
      15,
      34,
      28,
      33,
      21,
      20,
      22,
      22,
      21,
      11,
      11,
      22,
      22,
      10,
      7,
      6,
      7,
      18,
      12,
      12,
      14,
      16,
      17,
      12,
      16,
      14,
      10,
      16,
      23,
      19,
      23,
      11,
      9,
      10,
      6,
      10,
      7,
      7,
      6,
      7,
      3,
      1
    ]
  },
  "0.14066666666666666": {
    "val": [
      -2147483648,
      -1,
      0,
      1,
      2,
      3,
      4,
      5,
      6,
      7,
      8,
      9,
      10,
      11,
      12,
      13,
      14,
      15,
      16,
      17,
      18,
      19,
      20,
      21,
      22,
      23,
      24,
      25,
      26,
      27,
      28,
      29,
      30,
      31,
      32,
      33,
      34,
      35,
      36,
      37,
      38,
      39,
      40,
      41,
      42,
      43,
      44,
      45,
      46,
      47,
      48,
      49,
      50,
      51,
      52,
      53,
      54,
      55,
      56,
      57,
      58,
      59,
      60,
      61,
      62,
      63,
      64,
      65,
      66,
      67,
      68,
      69,
      70,
      72
    ],
    "counts": [
      60,
      1,
      34,
      90,
      3,
      8,
      4,
      5,
      11,
      4,
      11,
      2,
      8,
      11,
      11,
      12,
      11,
      23,
      17,
      20,
      13,
      19,
      11,
      11,
      11,
      12,
      8,
      7,
      13,
      12,
      19,
      19,
      24,
      22,
      16,
      21,
      18,
      19,
      24,
      15,
      11,
      16,
      16,
      14,
      13,
      6,
      9,
      2,
      2,
      10,
      14,
      7,
      8,
      5,
      7,
      11,
      15,
      13,
      12,
      14,
      13,
      5,
      7,
      8,
      12,
      17,
      7,
      15,
      12,
      12,
      10,
      5,
      5,
      7
    ]
  },
  "0.17333333333333334": {
    "val": [
      -1,
      0,
      1,
      2,
      3,
      4,
      5,
      6,
      7,
      8,
      9,
      10,
      11,
      12,
      13,
      14,
      15,
      16,
      17,
      18,
      19,
      20,
      21,
      22,
      23,
      24,
      25,
      26,
      27,
      28,
      29,
      30,
      31,
      32,
      33,
      34,
      35,
      36,
      37,
      38,
      39,
      40,
      41,
      42,
      43,
      44,
      45,
      46,
      47,
      48,
      49,
      50,
      51,
      52,
      53,
      54,
      55,
      56,
      57,
      58,
      59,
      60,
      61,
      62,
      63,
      64,
      65,
      66,
      67,
      68,
      69,
      70,
      71,
      72,
      73,
      74,
      75,
      76,
      77,
      78,
      79,
      80,
      81,
      82,
      83,
      84,
      85,
      86,
      87,
      88,
      89,
      90,
      91,
      92,
      93,
      94,
      95,
      96,
      97,
      98,
      99,
      100,
      101,
      102,
      103,
      104,
      105,
      106,
      107,
      108,
      109,
      110,
      111,
      112,
      113,
      114,
      115,
      116,
      117
    ],
    "counts": [
      1,
      34,
      67,
      6,
      6,
      5,
      5,
      5,
      2,
      2,
      6,
      8,
      4,
      5,
      3,
      7,
      5,
      10,
      6,
      7,
      3,
      7,
      11,
      17,
      8,
      12,
      11,
      15,
      7,
      6,
      7,
      6,
      6,
      8,
      5,
      8,
      9,
      14,
      10,
      5,
      9,
      8,
      12,
      9,
      14,
      18,
      8,
      13,
      17,
      15,
      11,
      16,
      10,
      16,
      14,
      14,
      12,
      10,
      12,
      9,
      12,
      10,
      12,
      11,
      7,
      4,
      3,
      4,
      3,
      6,
      4,
      1,
      2,
      3,
      5,
      3,
      12,
      8,
      8,
      6,
      3,
      10,
      8,
      10,
      10,
      10,
      7,
      11,
      6,
      9,
      5,
      5,
      6,
      9,
      18,
      14,
      10,
      18,
      11,
      4,
      6,
      6,
      2,
      3,
      1,
      3,
      4,
      4,
      5,
      5,
      3,
      6,
      4,
      4,
      6,
      6,
      5,
      2,
      1
    ]
  },
  "0.206": {
    "val": [
      -2147483648,
      -1,
      0,
      1,
      2,
      3,
      4,
      5,
      6,
      7,
      8,
      10
    ],
    "counts": [
      884,
      1,
      34,
      53,
      6,
      5,
      2,
      3,
      5,
      3,
      1,
      3
    ]
  },
  "0.23866666666666664": {
    "val": [
      -2147483648,
      -1,
      0,
      1,
      2,
      3,
      4,
      5,
      6,
      7,
      8,
      9,
      10,
      12
    ],
    "counts": [
      891,
      1,
      34,
      49,
      2,
      4,
      3,
      4,
      1,
      1,
      3,
      3,
      2,
      2
    ]
  },
  "0.2713333333333333": {
    "val": [
      -2147483648,
      -1,
      0,
      1,
      2,
      3,
      4,
      5,
      6,
      7,
      8,
      9,
      10,
      11,
      13
    ],
    "counts": [
      897,
      1,
      34,
      43,
      4,
      1,
      3,
      4,
      3,
      1,
      2,
      2,
      1,
      3,
      1
    ]
  },
  "0.304": {
    "val": [
      -2147483648,
      -1,
      0,
      1,
      2,
      3,
      4,
      5,
      6,
      8
    ],
    "counts": [
      914,
      1,
      34,
      34,
      2,
      5,
      1,
      1,
      3,
      5
    ]
  },