{
  "0.01": {
    "val": [
      -1,
      0,
      1,
      2
    ],
    "counts": [
      1,
      60,
      775,
      164
    ]
  },
  "0.042666666666666665": {
    "val": [
      -1,
      0,
      1,
      2,
      3,
      4
    ],
    "counts": [
      1,
      60,
      689,
      83,
      97,
      70
    ]
  },
  "0.07533333333333332": {
    "val": [
      -1,
      0,
      1,
      2,
      3,
      4,
      5,
      6,
      7
    ],
    "counts": [
      1,
      60,
      451,
      99,
      116,
      86,
      79,
      93,
      15
    ]
  },
  "0.10799999999999998": {
    "val": [
      -1,
      0,
      1,
      2,
      3,
      4,
      5,
      6,
      7,
      8,
      9,
      10,
      11,
      12
    ],
    "counts": [
      1,
      60,
      309,
      29,
      47,
      51,
      82,
      98,
      84,
      82,
      74,
      60,
      20,
      3
    ]
  },
  "0.14066666666666666": {
    "val": [
      -1,
      0,
      1,
      2,
      3,
      4,
      5,
      6,
      7,
      8,
      9,
      10,
      11,
      12,
      13,
      14,
      15,
      16,
      17,
      18,
      19,
      20
    ],
    "counts": [
      1,
      60,
      180,
      14,
      23,
      21,
      24,
      23,
      31,
      36,
      39,
      43,
      74,
      67,
      81,
      73,
      68,
      52,
      55,
      24,
      8,
      3
    ]
  },
  "0.17333333333333334": {
    "val": [
      -1,
      0,
      1,
      2,
      3,
      4,
      5,
      6,
      7,
      8,
      9,
      10,
      11,
      12,
      13,
      14,
      15,
      16,
      17,
      18,
      19,
      20,
      21,
      22,
      23,
      24,
      25,
      26,
      27,
      28,
      29,
      30,
      31,
      32,
      33
    ],
    "counts": [
      1,
      60,
      100,
      6,
      7,
      2,
      5,
      16,
      10,
      11,
      11,
      12,
      15,
      19,
      15,
      16,
      15,
      21,
      28,
      29,
      44,
      39,
      43,
      48,
      49,
      62,
      69,
      56,
      51,
      45,
      39,
      33,
      17,
      3,
      3
    ]
  },
  "0.206": {
    "val": [
      -1,
      0,
      1,
      2,
      3,
      5,
      6,
      7,
      8,
      9,
      10,
      11,
      12,
      13,
      14,
      15,
      16,
      17,
      18,
      19,
      20,
      21,
      22,
      23,
      24,
      25,
      26,
      27,
      28,
      29,
      30,
      31,
      32,
      33,
      34,
      35,
      36,
      37,
      38,
      39,
      40,
      41,
      42,
      43,
      44,
      45,
      46,
      47,
      48,
      49,
      50,
      51,
      52,
      53,
      54,
      55,
      56,
      57,
      58,
      59
    ],
    "counts": [
      1,
      60,
      46,
      2,
      5,
      2,
      2,
      3,
      1,
      2,
      1,
      2,
      3,
      5,
      8,
      1,
      1,
      2,
      4,
      4,
      2,
      6,
      9,
      7,
      13,
      3,
      8,
      6,
      12,
      13,
      6,
      8,
      14,
      13,
      10,
      11,
      20,
      11,
      16,
      15,
      30,
      22,
      27,
      24,
      42,
      44,
      38,
      35,
      48,
      50,
      52,
      49,
      43,
      35,
      38,
      25,
      24,
      10,
      4,
      2
    ]
  },
  "0.23866666666666664": {
    "val": [
      -2147483648,
      -1,
      0,
      1,
      2,
      7,
      8,
      10,
      12
    ],
    "counts": [
      910,
      1,
      60,
      23,
      1,
      2,
      1,
      1,
      1
    ]
  },
  "0.2713333333333333": {
    "val": [
      -2147483648,
      -1,
      0,
      1
    ],
    "counts": [
      929,
      1,
      60,
      10
    ]
  },
  "0.304": {
    "val": [
      -2147483648,
      -1,
      0,
      1
    ],
    "counts": [
      933,
      1,
      60,
      6
    ]
  },
  "0.33666666666666667": {
    "val": [
      -2147483648,
      -1,
      0,
      1
    ],
    "counts": [
      935,
      1,
      60,
      4
    ]
  },
  "0.3693333333333333": {
    "val": [
      -2147483648,
      -1,
      0,
      1
    ],
    "counts": [
      936,
      1,
      60,
      3
    ]
  },
  "0.40199999999999997": {
    "val": [
      -2147483648,
      -1,
      0,
      1
    ],
    "counts": [
      937,
      1,
      60,
      2
    ]
  },
  "0.43466666666666665": {
    "val": [
      -2147483648,
      -1,
      0,
      1
    ],
    "counts": [
      938,
      1,
      60,
      1
    ]
  },
  "0.46733333333333327": {
    "val": [
      -2147483648,
      -1,
      0,
      1
    ],
    "counts": [
      938,
      1,
      60,
      1
    ]
  },
  "0.5": {
    "val": [
      -2147483648,
      -1,
      0,
      1
    ],
    "counts": [
      938,
      1,
      60,
      1
    ]
  }
}