{
  "0.01": {
    "val": [
      -1,
      0,
      1,
      2,
      3,
      4,
      5,
      6,
      7,
      8,
      9,
      10,
      11,
      12,
      13,
      14
    ],
    "counts": [
      1,
      57,
      244,
      9,
      42,
      57,
      30,
      54,
      87,
      136,
      120,
      41,
      16,
      32,
      54,
      20
    ]
  },
  "0.042666666666666665": {
    "val": [
      -1,
      0,
      1,
      3,
      4,
      5,
      6,
      7,
      8,
      9,
      10,
      11,
      12,
      13,
      14,
      15,
      16,
      17,
      18,
      19,
      20,
      21,
      22,
      23,
      24,
      25,
      26,
      27,
      28,
      29,
      30,
      31,
      32,
      33,
      34,
      35,
      36,
      37,
      38,
      39,
      40,
      41,
      42,
      43
    ],
    "counts": [
      1,
      57,
      243,
      3,
      2,
      2,
      6,
      13,
      8,
      20,
      15,
      20,
      14,
      10,
      8,
      4,
      10,
      8,
      7,
      25,
      20,
      16,
      22,
      29,
      31,
      51,
      55,
      57,
      43,
      38,
      19,
      9,
      14,
      5,
      6,
      5,
      6,
      9,
      10,
      15,
      22,
      20,
      18,
      4
    ]
  },
  "0.07533333333333332": {
    "val": [
      -1,
      0,
      1,
      2,
      3,
      4,
      6,
      7,
      8,
      9,
      10,
      11,
      12,
      13,
      14,
      15,
      16,
      17,
      18,
      19,
      20,
      21,
      22,
      23,
      24,
      25,
      26,
      27,
      28,
      29,
      30,
      31,
      32,
      33,
      34,
      35,
      36,
      37,
      38,
      39,
      40,
      41,
      42,
      43,
      44,
      45,
      46,
      47,
      48,
      49,
      50,
      51,
      52,
      53,
      54,
      55,
      56,
      57,
      58,
      59,
      60,
      61,
      62,
      63,
      64,
      65,
      66,
      67,
      68,
      69,
      70,
      71,
      72,
      73,
      74
    ],
    "counts": [
      1,
      57,
      238,
      3,
      1,
      3,
      1,
      1,
      2,
      4,
      2,
      4,
      5,
      7,
      7,
      16,
      8,
      9,
      10,
      12,
      9,
      6,
      6,
      3,
      4,
      4,
      1,
      3,
      8,
      3,
      5,
      1,
      12,
      13,
      10,
      9,
      11,
      10,
      15,
      14,
      10,
      16,
      21,
      16,
      31,
      34,
      35,
      36,
      34,
      26,
      22,
      22,
      13,
      8,
      5,
      7,
      9,
      2,
      4,
      3,
      3,
      3,
      2,
      6,
      4,
      6,
      6,
      10,
      7,
      18,
      16,
      12,
      12,
      2,
      1
    ]
  },
  "0.10799999999999998": {
    "val": [
      -1,
      0,
      1,
      2,
      3,
      4,
      5,
      6,
      9,
      10,
      11,
      13,
      14,
      15,
      16,
      17,
      18,
      19,
      20,
      21,
      22,
      23,
      24,
      25,
      26,
      27,
      28,
      29,
      30,
      31,
      32,
      33,
      34,
      35,
      36,
      37,
      38,
      40,
      42,
      43,
      44,
      45,
      46,
      47,
      48,
      49,
      50,
      51,
      52,
      53,
      54,
      55,
      56,
      57,
      58,
      59,
      60,
      61,
      62,
      63,
      64,
      65,
      66,
      67,
      68,
      69,
      70,
      71,
      72,
      73,
      74,
      75,
      76,
      77,
      78,
      79,
      80,
      81,
      82,
      83,
      84,
      85,
      86,
      87,
      88,
      89,
      90,
      91,
      92,
      93,
      94,
      95,
      96,
      97,
      98,
      99,
      100,
      101,
      102,
      103,
      104,
      105,
      106,
      107
    ],
    "counts": [
      1,
      57,
      224,
      7,
      4,
      3,
      4,
      1,
      1,
      2,
      2,
      1,
      2,
      3,
      2,
      3,
      2,
      2,
      6,
      2,
      12,
      9,
      7,
      8,
      5,
      7,
      9,
      7,
      6,
      5,
      4,
      2,
      1,
      4,
      2,
      3,
      1,
      5,
      4,
      4,
      3,
      3,
      4,
      6,
      6,
      5,
      5,
      7,
      4,
      7,
      9,
      9,
      8,
      13,
      7,
      4,
      9,
      8,
      5,
      12,
      12,
      18,
      16,
      21,
      26,
      25,
      24,
      26,
      20,
      20,
      14,
      17,
      16,
      17,
      11,
      9,
      7,
      6,
      1,
      5,
      7,
      3,
      3,
      1,
      3,
      1,
      2,
      4,
      3,
      1,
      1,
      3,
      5,
      5,
      8,
      8,
      6,
      15,
      13,
      4,
      14,
      8,
      1,
      2
    ]
  },
  "0.14066666666666666": {
    "val": [
      -1,
      0,
      1,
      2,
      3,
      4,
      5,
      6,
      7,
      8,
      9,
      10,
      11,
      12,
      14,
      17,
      18,
      19,
      21,
      23,
      24,
      25,
      26,
      27,
      28,
      29,
      30,
      31,
      32,
      33,
      34,
      35,
      36,
      37,
      38,
      39,
      40,
      41,
      42,
      43,
      44,
      45,
      46,
      47,
      48,
      50,
      51,
      52,
      54,
      55,
      57,
      59,
      60,
      61,
      62,
      63,
      64,
      65,
      66,
      67,
      68,
      69,
      70,
      71,
      72,
      73,
      74,
      75,
      76,
      77,
      78,
      79,
      80,
      81,
      82,
      83,
      84,
      85,
      86,
      87,
      88,
      89,
      90,
      91,
      92,
      93,
      94,
      95,
      96,
      97,
      98,
      99,
      100,
      101,
      102,
      103,
      104,
      105,
      106,
      107,
      108,
      109,
      110,
      111,
      112,
      113,
      114,
      115,
      116,
      117,
      118,
      119,
      120,
      121,
      122,
      123,
      124,
      125,
      126,
      127,
      128,
      129,
      130,
      131,
      132,
      133,
      134,
      135,
      136,
      137,
      138,
      139,
      140,
      141,
      142,
      143,
      144,
      145,
      146,
      147,
      148
    ],
    "counts": [
      1,
      57,
      206,
      9,
      10,
      3,
      2,
      2,
      3,
      2,
      1,
      1,
      1,
      2,
      1,
      2,
      2,
      1,
      3,
      1,
      2,
      3,
      2,
      1,
      1,
      3,
      1,
      5,
      2,
      4,
      7,
      9,
      5,
      4,
      5,
      5,
      7,
      6,
      7,
      6,
      4,
      2,
      6,
      1,
      2,
      2,
      2,
      3,
      2,
      1,
      2,
      2,
      1,
      3,
      1,
      1,
      2,
      2,
      1,
      8,
      6,
      5,
      4,
      1,
      3,
      2,
      3,
      3,
      2,
      4,
      4,
      10,
      10,
      6,
      10,
      6,
      5,
      3,
      5,
      3,
      6,
      6,
      6,
      4,
      7,
      11,
      13,
      9,
      13,
      11,
      14,
      13,
      19,
      13,
      13,
      20,
      11,
      22,
      11,
      12,
      22,
      10,
      9,
      13,
      13,
      14,
      7,
      7,
      6,
      6,
      1,
      2,
      3,
      5,
      5,
      2,
      1,
      1,
      2,
      4,
      1,
      1,
      1,
      1,
      1,
      3,
      4,
      3,
      8,
      2,
      5,
      8,
      13,
      11,
      6,
      4,
      14,
      5,
      2,
      1,
      1
    ]
  },
  "0.17333333333333334": {
    "val": [
      -2147483648,
      -1,
      0,
      1,
      2,
      3,
      4,
      5,
      6,
      7,
      8,
      9,
      10,
      11,
      12,
      14
    ],