{
  "0.01": {
    "val": [
      -1,
      0,
      1,
      2,
      3,
      4,
      5
    ],
    "counts": [
      1,
      10,
      45,
      149,
      439,
      329,
      27
    ]
  },
  "0.042666666666666665": {
    "val": [
      -1,
      0,
      1,
      2,
      3,
      4,
      5,
      6,
      7
    ],
    "counts": [
      1,
      10,
      45,
      65,
      150,
      309,
      324,
      91,
      5
    ]
  },
  "0.07533333333333332": {
    "val": [
      -1,
      0,
      1,
      2,
      3,
      4,
      5,
      6,
      7,
      8,
      9
    ],
    "counts": [
      1,
      10,
      45,
      27,
      50,
      111,
      178,
      293,
      217,
      66,
      2
    ]
  },
  "0.10799999999999998": {
    "val": [
      -1,
      0,
      1,
      2,
      3,
      4,
      5,
      6,
      7,
      8,
      9,
      10,
      11
    ],
    "counts": [
      1,
      10,
      41,
      17,
      24,
      46,
      72,
      103,
      176,
      220,
      198,
      80,
      12
    ]
  },
  "0.14066666666666666": {
    "val": [
      -1,
      0,
      1,
      2,
      3,
      4,
      5,
      6,
      7,
      8,
      9,
      10,
      11,
      12,
      13,
      14,
      15,
      16,
      17
    ],
    "counts": [
      1,
      10,
      20,
      15,
      17,
      20,
      12,
      29,
      33,
      39,
      63,
      80,
      129,
      146,
      165,
      145,
      59,
      15,
      2
    ]
  },
  "0.17333333333333334": {
    "val": [
      -1,
      0,
      1,
      2,
      3,
      4,
      5,
      6,
      7,
      8,
      9,
      10,
      11,
      12,
      13,
      14,
      15,
      16,
      17,
      18,
      19,
      20,
      21,
      22,
      23,
      24,
      25,
      26,
      27,
      28,
      29,
      30,
      31,
      32,
      33
    ],
    "counts": [
      1,
      10,
      7,
      2,
      5,
      5,
      5,
      7,
      3,
      3,
      7,
      4,
      7,
      9,
      9,
      8,
      10,
      12,
      8,
      14,
      14,
      16,
      26,
      32,
      38,
      44,
      72,
      76,
      93,
      116,
      135,
      111,
      73,
      15,
      3
    ]
  },
  "0.206": {
    "val": [
      -1,
      0,
      1,
      2,
      3,
      4,
      5,
      6,
      7,
      8,
      9,
      10,
      11,
      12,
      13,
      14,
      15,
      16,
      17,
      18,
      19,
      20,
      21,
      22,
      23,
      24,
      25,
      26,
      27,
      28,
      29,
      30,
      31,
      32,
      33,
      34,
      35,
      36,
      37,
      38,
      39,
      40,
      41,
      42
    ],
    "counts": [
      1,
      10,
      7,
      1,
      1,
      4,
      6,
      5,
      4,
      4,
      2,
      4,
      6,
      5,
      3,
      5,
      6,
      6,
      8,
      7,
      8,
      11,
      7,
      8,
      8,
      11,
      11,
      15,
      14,
      17,
      21,
      29,
      38,
      33,
      57,
      56,
      77,
      74,
      92,
      111,
      106,
      64,
      29,
      8
    ]
  },
  "0.23866666666666664": {
    "val": [
      -1,
      0,
      1,
      2,
      3,
      4,
      5,
      6,
      7,
      8,
      9,
      10,
      11,
      12,
      13,
      14,
      15,
      16,
      17,
      18,
      19,
      20,
      21,
      22,
      23,
      24,
      25,
      26,
      27,
      28,
      29,
      30,
      31,
      32,
      33,
      34,
      35,
      36,
      37,
      38,
      39,
      40,
      41,
      42,
      43,
      44,
      45,
      46,
      47,
      48,
      49,
      50,
      51,
      52,
      53,
      54,
      55,
      56,
      57
    ],
    "counts": [
      1,
      10,
      6,
      1,
      1,
      1,
      4,
      4,
      4,
      2,
      7,
      2,
      2,
      2,
      3,
      5,
      5,
      3,
      3,
      1,
      7,
      2,
      8,
      3,
      7,
      6,
      6,
      9,
      7,
      4,
      7,
      6,
      11,
      7,
      10,
      12,
      13,
      11,
      9,
      19,
      13,
      20,
      21,
      31,
      27,
      33,
      42,
      35,
      50,
      56,
      63,
      67,
      77,
      86,
      63,
      41,
      25,
      17,
      2
    ]
  },
  "0.2713333333333333": {
    "val": [
      -1,
      0,
      1,
      2,
      3,
      5,
      6,
      7,
      8,
      9,
      10,
      11,
      12,
      13,
      15,
      16,
      17,
      18,
      19,
      20,
      21,
      22,
      24,
      27,
      28,
      29,
      30,
      31,
      32,
      33,
      34,
      35,
      36,
      37,
      38,
      39,
      40,
      41,
      43,
      44,
      45,
      46,
      48,
      49,
      50,
      51,
      53,
      54,
      55,
      57,
      58,
      61,
      62,
      63,
      64,
      65,
      66,
      67,
      68,
      69,
      70,
      71,
      72,
      73,
      74,
      75,
      76,
      77,
      78,
      79,
      80,
      81,
      82,
      83,
      84,
      85,
      86,
      87,
      88,
      89,
      90,
      91,
      92,
      93,
      94,
      95,
      96,
      97,
      98,
      99,
      100,
      101,
      102,
      103,
      104,
      105,
      106,
      107,
      108,
      109,
      110,
      111,
      112,
      113,
      114,
      115,
      116,
      117,
      118,
      119,
      120,
      121
    ],
    "counts": [
      1,
      10,
      4,
      1,
      1,
      2,
      1,
      1,
      1,
      3,
      1,
      1,
      2,
      1,
      1,
      1,
      2,
      1,
      3,
      3,
      2,
      1,
      2,
      1,
      1,
      1,
      2,
      2,
      1,
      2,
      2,
      1,
      2,
      2,
      1,
      1,
      2,
      3,
      1,
      1,
      2,
      1,
      1,
      2,
      1,
      2,
      2,
      1,
      4,
      3,
      3,
      3,
      2,
      4,
      3,
      2,
      2,
      1,
      6,
      5,
      5,
      4,
      4,
      3,
      3,
      4,
      4,
      2,
      5,
      2,
      7,
      3,
      6,
      7,
      3,
      3,
      7,
      7,
      6,
      5,
      8,
      13,
      11,
      10,
      6,
      7,
      15,
      10,
      6,
      16,
      12,
      10,
      18,
      10,
      13,
      14,
      17,
      19,
      23,
      24,
      35,
      33,
      44,
      40,
      47,
      64,
      68,
      62,
      54,
      44,
      24,
      11
    ]
  },
  "0.304": {
    "val": [
      -2147483648,
      -1,
      0,
      1,
      2,
      4,
      6,
      8,
      11,
      12,
      13,
      16
    ],
    "counts": [
      977,
      1,
      10,
      4,
      1,
      1,
      1,
      1,
      1,
      1,
      1,
      1
    ]
  },
  "0.33666666666666667": {
    "val": [
      -2147483648,
      -1,
      0,
      1,
      4,
      5
    ],
    "counts": [
      984,
      1,
      10,
      3,
      1,
      1
    ]
  },
  "0.3693333333333333": {
    "val": [
      -2147483648,
      -1,
      0,
      1,
      6,
      7
    ],
    "counts": [
      984,
      1,
      10,
      3,
      1,
      1
    ]
  },
  "0.40199999999999997": {
    "val": [
      -2147483648,
      -1,
      0,
      1,
      2
    ],
    "counts": [
      986,
      1,
      10,
      2,
      1
    ]
  },
  "0.43466666666666665": {
    "val": [
      -2147483648,
      -1,
      0,
      1,
      3
    ],
    "counts": [
      986,
      1,
      10,
      2,
      1
    ]
  },
  "0.46733333333333327": {
    "val": [
      -2147483648,
      -1,
      0,
      1,
      4
    ],
    "counts": [
      986,
      1,
      10,
      2,
      1
    ]
  },
  "0.5": {
    "val": [
      -2147483648,
      -1,
      0,
      1,
      6
    ],
    "counts": [
      986,
      1,
      10,
      2,
      1
    ]
  }
}