{
  "0.01": {
    "val": [
      -1,
      0,
      1,
      2,
      3,
      4,
      5,
      6,
      7,
      8
    ],
    "counts": [
      1,
      57,
      244,
      114,
      228,
      144,
      74,
      52,
      81,
      5
    ]
  },
  "0.042666666666666665": {
    "val": [
      -1,
      0,
      1,
      2,
      3,
      4,
      5,
      6,
      7,
      8
    ],
    "counts": [
      1,
      57,
      243,
      59,
      85,
      128,
      233,
      77,
      51,
      66
    ]
  },
  "0.07533333333333332": {
    "val": [
      -1,
      0,
      1,
      2,
      3,
      4,
      5,
      6,
      7,
      8,
      9,
      10,
      11,
      12
    ],
    "counts": [
      1,
      57,
      238,
      21,
      58,
      53,
      50,
      113,
      168,
      101,
      32,
      37,
      59,
      12
    ]
  },
  "0.10799999999999998": {
    "val": [
      -1,
      0,
      1,
      2,
      3,
      4,
      5,
      6,
      7,
      8,
      9,
      10,
      11,
      12,
      13,
      14,
      15
    ],
    "counts": [
      1,
      57,
      224,
      20,
      21,
      43,
      52,
      23,
      51,
      70,
      121,
      142,
      50,
      18,
      29,
      49,
      29
    ]
  },
  "0.14066666666666666": {
    "val": [
      -1,
      0,
      1,
      2,
      3,
      4,
      5,
      6,
      7,
      8,
      9,
      10,
      11,
      12,
      13,
      14,
      15,
      16,
      17,
      18,
      19,
      20
    ],
    "counts": [
      1,
      57,
      206,
      33,
      10,
      16,
      32,
      47,
      24,
      15,
      38,
      40,
      64,
      104,
      124,
      53,
      24,
      15,
      23,
      49,
      24,
      1
    ]
  },
  "0.17333333333333334": {
    "val": [
      -1,
      0,
      1,
      2,
      3,
      4,
      5,
      6,
      7,
      8,
      9,
      10,
      11,
      12,
      13,
      14,
      15,
      16,
      17,
      18,
      19,
      20,
      21,
      22,
      23,
      24
    ],
    "counts": [
      1,
      57,
      187,
      42,
      9,
      9,
      11,
      14,
      35,
      36,
      10,
      6,
      14,
      16,
      20,
      22,
      33,
      45,
      38,
      57,
      81,
      90,
      70,
      38,
      50,
      9
    ]
  },
  "0.206": {
    "val": [
      -1,
      0,
      1,
      2,
      3,
      4,
      5,
      6,
      7,
      8,
      9,
      10,
      11,
      12,
      13,
      14,
      15,
      16,
      17,
      18,
      19,
      20,
      21,
      22,
      23,
      24,
      25,
      26,
      27,
      28,
      29,
      30,
      31,
      32,
      33,
      34,
      35,
      36
    ],
    "counts": [
      1,
      57,
      160,
      48,
      17,
      2,
      4,
      3,
      5,
      6,
      8,
      6,
      9,
      19,
      31,
      29,
      4,
      5,
      9,
      14,
      6,
      16,
      15,
      16,
      30,
      25,
      13,
      15,
      15,
      18,
      23,
      29,
      53,
      90,
      83,
      68,
      42,
      6
    ]
  },
  "0.23866666666666664": {
    "val": [
      -1,
      0,
      1,
      2,
      3,
      4,
      7,
      8,
      10,
      14,
      16,
      18,
      21,
      22,
      24,
      25,
      26,
      27,
      29,
      30,
      32,
      34,
      35,
      36,
      37,
      38,
      39,
      40,
      41,
      42,
      43,
      44,
      45,
      46,
      47,
      48,
      49,
      50,
      51,
      52,
      53,
      54,
      55,
      56,
      57,
      58,
      59,
      62,
      63,
      64,
      65,
      66,
      67,
      68,
      69,
      70,
      71,
      72,
      73,
      74,
      75,
      76,
      77,
      78,
      79,
      80,
      81,
      82,
      83,
      84,
      85,
      86,
      87,
      88,
      89,
      90,
      91,
      92,
      93,
      94,
      95,
      96,
      97,
      98,
      99,
      100,
      101
    ],
    "counts": [
      1,
      57,
      134,
      51,
      26,
      12,
      2,
      1,
      1,
      1,
      1,
      2,
      1,
      1,
      1,
      3,
      2,
      2,
      2,
      2,
      2,
      2,
      2,
      4,
      1,
      1,
      2,
      2,
      1,
      3,
      2,
      2,
      2,
      6,
      4,
      6,
      8,
      9,
      13,
      23,
      35,
      48,
      51,
      54,
      30,
      14,
      6,
      4,
      4,
      1,
      1,
      1,
      1,
      4,
      6,
      2,
      2,
      3,
      7,
      4,
      11,
      16,
      23,
      26,
      18,
      4,
      2,
      5,
      8,
      15,
      18,
      20,
      11,
      17,
      18,
      4,
      3,
      4,
      2,
      6,
      4,
      7,
      19,
      25,
      21,
      16,
      1
    ]
  },
  "0.2713333333333333": {
    "val": [
      -2147483648,
      -1,
      0,
      1,
      2,
      3,
      4,
      5,
      9,
      10,
      13
    ],
    "counts": [
      716,
      1,
      57,
      119,
      41,
      30,
      16,
      17,
      1,
      1,
      1
    ]
  },
  "0.304": {
    "val": [
      -2147483648,
      -1,
      0,
      1,
      2,
      3,
      4,
      5,
      6,
      7,
      12,
      14
    ],
    "counts": [
      717,
      1,
      57,
      99,
      38,
      33,
      21,
      15,
      14,
      3,
      1,
      1
    ]
  },
  "0.33666666666666667": {
    "val": [
      -2147483648,
      -1,
      0,
      1,
      2,
      3,
      4,
      5,
      6,
      7,
      8
    ],
    "counts": [
      724,
      1,
      57,
      73,
      31,
      32,
      30,
      16,
      15,
      16,
      5
    ]
  },
  "0.3693333333333333": {
    "val": [
      -2147483648,
      -1,
      0,
      1,
      2,
      3,
      4,
      5,
      6,
      7,
      8,
      9,
      10
    ],
    "counts": [
      724,
      1,
      57,
      58,
      20,
      26,
      28,
      29,
      19,
      12,
      6,
      15,
      5
    ]
  },
  "0.40199999999999997": {
    "val": [
      -2147483648,
      -1,
      0,
      1,
      2,
      3,
      4,
      5,
      6,
      7,
      8,
      9,
      10,
      11,
      12,
      13,
      14
    ],
    "counts": [
      724,
      1,
      57,
      43,
      15,
      11,
      11,
      21,
      20,
      21,
      19,
      22,
      6,
      5,
      6,
      10,
      8
    ]
  },
  "0.43466666666666665": {
    "val": [
      -2147483648,
      -1,
      0,
      1,
      2,
      3,
      4,
      5,
      6,
      7,
      8,
      9,
      10,
      11,
      12,
      13,
      14,
      15,
      16,
      17,
      18,
      19,
      20
    ],
    "counts": [
      725,
      1,
      57,
      33,
      14,
      8,
      7,
      5,
      8,
      11,
      15,
      11,
      12,
      12,
      10,
      21,
      9,
      11,
      6,
      3,
      10,
      9,
      2
    ]
  },
  "0.46733333333333327": {
    "val": [
      -2147483648,
      -1,
      0,
      1,
      2,
      3,
      4,
      5,
      6,
      7,
      8,
      9,
      10,
      11,
      12,
      13,
      14,
      15,
      16,
      17,
      18,
      19,
      20,
      21,
      22,
      23,
      24,
      25,
      26,
      27,
      28,
      29,
      30,
      31,
      32
    ],
    "counts": [
      725,
      1,
      57,
      20,
      8,
      8,
      7,
      5,
      3,
      4,
      3,
      4,
      1,
      4,
      3,
      8,
      7,
      7,
      6,
      3,
      9,
      10,
      10,
      9,
      7,
      8,
      9,
      10,
      14,
      5,
      2,
      7,
      8,
      7,
      1
    ]
  },