{
  "0.01": {
    "val": [
      -1,
      0,
      1,
      2,
      3
    ],
    "counts": [
      1,
      35,
      421,
      505,
      38
    ]
  },
  "0.042666666666666665": {
    "val": [
      -1,
      0,
      1,
      2,
      3,
      4,
      5
    ],
    "counts": [
      1,
      35,
      398,
      174,
      252,
      114,
      26
    ]
  },
  "0.07533333333333332": {
    "val": [
      -1,
      0,
      1,
      2,
      3,
      4,
      5,
      6,
      7,
      8
    ],
    "counts": [
      1,
      35,
      343,
      63,
      128,
      175,
      133,
      76,
      32,
      14
    ]
  },
  "0.10799999999999998": {
    "val": [
      -1,
      0,
      1,
      2,
      3,
      4,
      5,
      6,
      7,
      8,
      9,
      10,
      11,
      12
    ],
    "counts": [
      1,
      35,
      251,
      71,
      59,
      66,
      116,
      123,
      103,
      82,
      48,
      29,
      12,
      4
    ]
  },
  "0.14066666666666666": {
    "val": [
      -1,
      0,
      1,
      2,
      3,
      4,
      5,
      6,
      7,
      8,
      9,
      10,
      11,
      12,
      13,
      14,
      15,
      16,
      17
    ],
    "counts": [
      1,
      35,
      166,
      35,
      59,
      39,
      48,
      62,
      67,
      70,
      87,
      85,
      85,
      60,
      41,
      30,
      20,
      8,
      2
    ]
  },
  "0.17333333333333334": {
    "val": [
      -1,
      0,
      1,
      2,
      3,
      4,
      5,
      6,
      7,
      8,
      9,
      10,
      11,
      12,
      13,
      14,
      15,
      16,
      17,
      18,
      19,
      20,
      21,
      22,
      23,
      24
    ],
    "counts": [
      1,
      35,
      108,
      18,
      28,
      24,
      29,
      29,
      32,
      42,
      29,
      53,
      48,
      57,
      61,
      61,
      54,
      77,
      63,
      47,
      43,
      24,
      14,
      15,
      5,
      3
    ]
  },
  "0.206": {
    "val": [
      -1,
      0,
      1,
      2,
      3,
      4,
      5,
      6,
      7,
      8,
      9,
      10,
      11,
      12,
      13,
      14,
      15,
      16,
      17,
      18,
      19,
      20,
      21,
      22,
      23,
      24,
      25,
      26,
      27,
      28,
      29,
      30,
      31,
      32,
      33
    ],
    "counts": [
      1,
      35,
      80,
      12,
      18,
      15,
      19,
      16,
      11,
      16,
      26,
      19,
      26,
      27,
      29,
      41,
      32,
      26,
      41,
      45,
      48,
      36,
      53,
      54,
      43,
      52,
      50,
      37,
      31,
      19,
      19,
      11,
      8,
      3,
      1
    ]
  },
  "0.23866666666666664": {
    "val": [
      -1,
      0,
      1,
      2,
      3,
      4,
      5,
      6,
      7,
      8,
      9,
      10,
      11,
      12,
      13,
      14,
      15,
      16,
      17,
      18,
      19,
      20,
      21,
      22,
      23,
      24,
      25,
      26,
      27,
      28,
      29,
      30,
      31,
      32,
      33,
      34,
      35,
      36,
      37,
      38,
      39,
      40,
      41,
      42,
      43,
      44
    ],
    "counts": [
      1,
      35,
      64,
      8,
      10,
      12,
      8,
      20,
      10,
      14,
      13,
      6,
      8,
      7,
      15,
      18,
      23,
      16,
      20,
      23,
      20,
      23,
      24,
      24,
      21,
      22,
      22,
      36,
      34,
      34,
      36,
      35,
      45,
      32,
      38,
      46,
      38,
      34,
      30,
      23,
      18,
      13,
      9,
      8,
      3,
      1
    ]
  },
  "0.2713333333333333": {
    "val": [
      -1,
      0,
      1,
      2,
      3,
      4,
      5,
      6,
      7,
      8,
      9,
      10,
      11,
      12,
      13,
      14,
      15,
      16,
      17,
      18,
      19,
      20,
      21,
      22,
      23,
      24,
      25,
      26,
      27,
      28,
      29,
      30,
      31,
      32,
      33,
      34,
      35,
      36,
      37,
      38,
      39,
      40,
      41,
      42,
      43,
      44,
      45,
      46,
      47,
      48,
      49,
      50,
      51,
      52,
      53,
      54,
      55,
      56,
      57,
      58,
      59,
      60,
      61,
      62
    ],
    "counts": [
      1,
      35,
      42,
      6,
      6,
      8,
      7,
      10,
      5,
      8,
      6,
      8,
      13,
      14,
      12,
      8,
      6,
      7,
      3,
      6,
      7,
      17,
      11,
      12,
      15,
      11,
      16,
      15,
      12,
      20,
      15,
      12,
      22,
      9,
      12,
      13,
      21,
      15,
      19,
      18,
      17,
      31,
      22,
      22,
      26,
      26,
      26,
      29,
      35,
      36,
      33,
      30,
      25,
      26,
      29,
      23,
      19,
      10,
      10,
      6,
      10,
      2,
      3,
      1
    ]
  },
  "0.304": {
    "val": [
      -1,
      0,
      1,
      2,
      3,
      4,
      5,
      6,
      7,
      8,
      9,
      10,
      11,
      12,
      13,
      14,
      15,
      16,
      17,
      18,
      19,
      20,
      21,
      22,
      23,
      24,
      25,
      26,
      27,
      28,
      29,
      30,
      31,
      32,
      33,
      34,
      35,
      36,
      37,
      38,
      39,
      40,
      41,
      42,
      43,
      44,
      45,
      46,
      47,
      48,
      49,
      50,
      51,
      52,
      53,
      54,
      55,
      56,
      57,
      58,
      59,
      60,
      61,
      62,
      63,
      64,
      65,
      66,
      67,
      68,
      69,
      70,
      71,
      72,
      73,
      74,
      75,
      76,
      77,
      78,
      79,
      80,
      81,
      82,
      83,
      84,
      85,
      86,
      87,
      88,
      89,
      90,
      91
    ],
    "counts": [
      1,
      35,
      27,
      3,
      4,
      4,
      6,
      3,
      5,
      6,
      6,
      9,
      2,
      5,
      7,
      3,
      7,
      6,
      7,
      11,
      7,
      5,
      5,
      8,
      5,
      4,
      2,
      2,
      5,
      4,
      6,
      7,
      4,
      4,
      8,
      7,
      5,
      8,
      3,
      11,
      11,
      10,
      11,
      6,
      9,
      7,
      12,
      14,
      9,
      8,
      8,
      14,
      11,
      6,
      8,
      12,
      12,
      14,
      13,
      13,
      14,
      12,
      17,
      15,
      14,
      11,
      12,
      14,
      17,
      11,
      19,
      19,
      23,
      28,
      26,
      23,
      33,
      31,
      27,
      20,
      14,
      25,
      16,
      23,
      14,
      12,
      9,
      7,
      10,
      4,
      2,
      2,
      1
    ]
  },
  "0.33666666666666667": {
    "val": [
      -2147483648,
      -1,
      0,
      1,
      2
    ],
    "counts": [
      945,
      1,
      35,
      18,
      1
    ]
  },
  "0.3693333333333333": {
    "val": [
      -2147483648,
      -1,
      0,
      1
    ],
    "counts": [
      948,
      1,
      35,
      16
    ]
  },
  "0.40199999999999997": {
    "val": [
      -2147483648,
      -1,
      0,
      1
    ],
    "counts": [
      956,
      1,
      35,
      8
    ]
  },
  "0.43466666666666665": {
    "val": [
      -2147483648,
      -1,
      0,
      1,
      2
    ],
    "counts": [
      957,
      1,
      35,
      6,
      1
    ]
  },
  "0.46733333333333327": {
    "val": [
      -2147483648,
      -1,
      0,
      1
    ],
    "counts": [
      960,
      1,
      35,
      4
    ]
  },
  "0.5": {
    "val": [
      -2147483648,
      -1,
      0,
      1
    ],
    "counts": [
      960,
      1,
      35,
      4
    ]
  }
}