{
  "0.01": {
    "val": [
      -1,
      0,
      1,
      2,
      3,
      4,
      5,
      6,
      7,
      8
    ],
    "counts": [
      1,
      57,
      244,
      105,
      213,
      168,
      74,
      51,
      82,
      5
    ]
  },
  "0.042666666666666665": {
    "val": [
      -1,
      0,
      1,
      2,
      3,
      4,
      5,
      6,
      7,
      8,
      9,
      10,
      11
    ],
    "counts": [
      1,
      57,
      243,
      25,
      69,
      50,
      79,
      152,
      163,
      42,
      31,
      57,
      31
    ]
  },
  "0.07533333333333332": {
    "val": [
      -1,
      0,
      1,
      2,
      3,
      4,
      5,
      6,
      7,
      8,
      9,
      10,
      11,
      12,
      13,
      14,
      15,
      16
    ],
    "counts": [
      1,
      57,
      238,
      10,
      21,
      48,
      44,
      21,
      46,
      66,
      110,
      142,
      61,
      22,
      16,
      31,
      58,
      8
    ]
  },
  "0.10799999999999998": {
    "val": [
      -1,
      0,
      1,
      2,
      3,
      4,
      5,
      6,
      7,
      8,
      9,
      10,
      11,
      12,
      13,
      14,
      15,
      16,
      17,
      18,
      19,
      20,
      21,
      22
    ],
    "counts": [
      1,
      57,
      224,
      19,
      6,
      14,
      29,
      37,
      31,
      15,
      14,
      38,
      39,
      54,
      88,
      112,
      73,
      28,
      12,
      15,
      21,
      40,
      32,
      1
    ]
  },
  "0.14066666666666666": {
    "val": [
      -1,
      0,
      1,
      2,
      3,
      4,
      5,
      6,
      7,
      8,
      9,
      10,
      11,
      12,
      13,
      14,
      15,
      16,
      17,
      18,
      19,
      20,
      21,
      22,
      23,
      24,
      25,
      26,
      27,
      28
    ],
    "counts": [
      1,
      57,
      206,
      28,
      8,
      5,
      10,
      11,
      30,
      29,
      26,
      9,
      8,
      13,
      23,
      22,
      34,
      37,
      45,
      81,
      89,
      67,
      35,
      16,
      9,
      9,
      20,
      38,
      31,
      3
    ]
  },
  "0.17333333333333334": {
    "val": [
      -1,
      0,
      1,
      2,
      3,
      5,
      6,
      7,
      8,
      9,
      10,
      11,
      12,
      13,
      14,
      15,
      16,
      17,
      18,
      19,
      20,
      21,
      22,
      23,
      24,
      25,
      26,
      27,
      28,
      29,
      30,
      31,
      32,
      33,
      34,
      35,
      36
    ],
    "counts": [
      1,
      57,
      187,
      36,
      10,
      7,
      5,
      5,
      9,
      7,
      15,
      28,
      24,
      15,
      5,
      6,
      5,
      5,
      15,
      9,
      9,
      18,
      19,
      19,
      34,
      27,
      24,
      34,
      54,
      57,
      53,
      62,
      38,
      18,
      29,
      34,
      20
    ]
  },
  "0.206": {
    "val": [
      -1,
      0,
      1,
      2,
      3,
      4,
      5,
      6,
      7,
      8,
      9,
      10,
      11,
      12,
      13,
      14,
      15,
      16,
      17,
      18,
      19,
      20,
      21,
      22,
      23,
      24,
      25,
      26,
      27,
      28,
      29,
      30,
      31,
      32,
      33,
      34,
      35,
      36,
      37,
      38,
      39,
      40,
      41,
      42,
      43,
      44,
      45,
      46,
      47,
      48,
      49,
      50,
      51,
      52,
      53,
      54,
      55
    ],
    "counts": [
      1,
      57,
      160,
      37,
      21,
      5,
      2,
      1,
      1,
      3,
      2,
      1,
      3,
      3,
      1,
      5,
      6,
      4,
      7,
      5,
      5,
      23,
      19,
      21,
      13,
      2,
      3,
      4,
      5,
      5,
      12,
      4,
      5,
      11,
      13,
      9,
      13,
      15,
      22,
      15,
      12,
      8,
      11,
      10,
      12,
      9,
      18,
      12,
      22,
      25,
      62,
      59,
      62,
      47,
      50,
      30,
      7
    ]
  },
  "0.23866666666666664": {
    "val": [
      -1,
      0,
      1,
      2,
      3,
      4,
      5,
      6,
      10,
      11,
      14,
      20,
      24,
      26,
      27,
      32,
      33,
      36,
      38,
      39,
      40,
      41,
      44,
      45,
      46,
      48,
      49,
      52,
      53,
      54,
      55,
      56,
      57,
      58,
      59,
      60,
      61,
      62,
      64,
      65,
      66,
      67,
      68,
      69,
      70,
      71,
      72,
      73,
      74,
      75,
      76,
      77,
      78,
      79,
      80,
      81,
      82,
      83,
      84,
      85,
      86,
      87,
      88,
      89,
      90,
      91,
      96,
      97,
      98,
      99,
      101,
      102,
      103,
      104,
      105,
      106,
      107,
      108,
      110,
      111,
      112,
      113,
      114,
      115,
      116,
      117,
      118,
      119,
      120,
      121,
      122,
      123,
      124,
      125,
      126,
      127,
      128,
      129,
      130,
      131,
      132,
      133,
      134,
      135,
      136,
      137,
      138,
      139,
      140,
      141,
      142,
      143,
      144,
      145,
      146,
      147,
      148,
      149,
      150,
      151,
      152,
      153,
      154,
      155
    ],
    "counts": [
      1,
      57,
      134,
      34,
      24,
      17,
      10,
      4,
      2,
      1,
      1,
      1,
      1,
      1,
      1,
      1,
      1,
      1,
      2,
      1,
      2,
      2,
      1,
      2,
      1,
      1,
      1,
      2,
      1,
      1,
      3,
      1,
      1,
      1,
      1,
      1,
      2,
      1,
      1,
      2,
      1,
      1,
      1,
      2,
      1,
      4,
      5,
      1,
      3,
      6,
      4,
      6,
      6,
      11,
      9,
      21,
      23,
      28,
      34,
      36,
      31,
      40,
      18,
      12,
      7,
      2,
      4,
      3,
      1,
      1,
      1,
      1,
      1,
      1,
      2,
      5,
      1,
      3,
      2,
      2,
      3,
      3,
      4,
      3,
      8,
      13,
      6,
      18,
      17,
      16,
      13,
      5,
      1,
      1,
      1,
      3,
      5,
      7,
      10,
      12,
      10,
      13,
      11,
      6,
      16,
      10,
      9,
      3,
      2,
      1,
      3,
      2,
      2,
      2,
      5,
      1,
      4,
      7,
      12,
      15,
      19,
      17,
      14,
      3
    ]
  },
  "0.2713333333333333": {
    "val": [
      -2147483648,
      -1,
      0,
      1,
      2,
      3,
      4,
      5,
      6,
      7,
      8,
      14,
      16,
      21
    ],
    "counts": [
      716,
      1,
      57,
      119,
      29,
      25,
      22,
      12,
      10,
      5,
      1,
      1,
      1,
      1
    ]
  },
  "0.304": {
    "val": [
      -2147483648,
      -1,
      0,
      1,
      2,
      3,
      4,
      5,
      6,
      7,
      8,
      9,
      10,
      11,
      19,
      22
    ],
    "counts": [
      717,
      1,
      57,
      99,
      28,
      27,
      16,
      15,
      9,
      10,
      12,
      4,
      2,
      1,
      1,
      1
    ]
  },
  "0.33666666666666667": {
    "val": [
      -2147483648,
      -1,
      0,
      1,
      2,
      3,
      4,
      5,
      6,
      7,
      8,
      9,
      10,
      11
    ],
    "counts": [
      724,
      1,
      57,
      73,
      27,
      21,
      18,
      20,
      13,
      10,
      11,
      6,
      11,
      8
    ]
  },
  "0.3693333333333333": {
    "val": [
      -2147483648,
      -1,
      0,
      1,
      2,
      3,
      4,
      5,
      6,
      7,
      8,
      9,
      10,
      11,
      12,
      13,
      14,
      15
    ],