{
  "0.01": {
    "val": [
      -1,
      0,
      1,
      2
    ],
    "counts": [
      1,
      68,
      812,
      119
    ]
  },
  "0.042666666666666665": {
    "val": [
      -1,
      0,
      1,
      2
    ],
    "counts": [
      1,
      68,
      726,
      205
    ]
  },
  "0.07533333333333332": {
    "val": [
      -1,
      0,
      1,
      2
    ],
    "counts": [
      1,
      68,
      479,
      452
    ]
  },
  "0.10799999999999998": {
    "val": [
      -1,
      0,
      1,
      2,
      3
    ],
    "counts": [
      1,
      68,
      278,
      622,
      31
    ]
  },
  "0.14066666666666666": {
    "val": [
      -1,
      0,
      1,
      2,
      3,
      4
    ],
    "counts": [
      1,
      68,
      124,
      369,
      437,
      1
    ]
  },
  "0.17333333333333334": {
    "val": [
      -1,
      0,
      1,
      2,
      3,
      4,
      5
    ],
    "counts": [
      1,
      68,
      46,
      70,
      212,
      538,
      65
    ]
  },
  "0.206": {
    "val": [
      -1,
      0,
      1,
      2,
      3,
      4,
      5,
      6,
      7,
      8
    ],
    "counts": [
      1,
      68,
      25,
      15,
      16,
      34,
      50,
      129,
      394,
      268
    ]
  },
  "0.23866666666666664": {
    "val": [
      -2147483648,
      -1,
      0,
      1,
      2,
      3,
      4
    ],
    "counts": [
      905,
      1,
      68,
      13,
      4,
      7,
      2
    ]
  },
  "0.2713333333333333": {
    "val": [
      -2147483648,
      -1,
      0,
      1,
      2,
      3,
      4
    ],
    "counts": [
      920,
      1,
      68,
      6,
      2,
      2,
      1
    ]
  },
  "0.304": {
    "val": [
      -2147483648,
      -1,
      0,
      1
    ],
    "counts": [
      927,
      1,
      68,
      4
    ]
  },
  "0.33666666666666667": {
    "val": [
      -2147483648,
      -1,
      0,
      1
    ],
    "counts": [
      929,
      1,
      68,
      2
    ]
  },
  "0.3693333333333333": {
    "val": [
      -2147483648,
      -1,
      0,
      1
    ],
    "counts": [
      930,
      1,
      68,
      1
    ]
  },
  "0.40199999999999997": {
    "val": [
      -2147483648,
      -1,
      0
    ],
    "counts": [
      931,
      1,
      68
    ]
  },
  "0.43466666666666665": {
    "val": [
      -2147483648,
      -1,
      0
    ],
    "counts": [
      931,
      1,
      68
    ]
  },
  "0.46733333333333327": {
    "val": [
      -2147483648,
      -1,
      0
    ],
    "counts": [
      931,
      1,
      68
    ]
  },
  "0.5": {
    "val": [
      -2147483648,
      -1,
      0
    ],
    "counts": [
      931,
      1,
      68
    ]
  }
}