{
  "0.01": {
    "val": [
      -1,
      0,
      1,
      2,
      3,
      4,
      5
    ],
    "counts": [
      1,
      34,
      190,
      377,
      210,
      170,
      18
    ]
  },
  "0.042666666666666665": {
    "val": [
      -1,
      0,
      1,
      2,
      3,
      4,
      5,
      6,
      7
    ],
    "counts": [
      1,
      34,
      171,
      223,
      170,
      127,
      132,
      109,
      33
    ]
  },
  "0.07533333333333332": {
    "val": [
      -1,
      0,
      1,
      2,
      3,
      4,
      5,
      6,
      7,
      8,
      9,
      10,
      11
    ],
    "counts": [
      1,
      34,
      141,
      94,
      144,
      138,
      104,
      82,
      76,
      83,
      67,
      30,
      6
    ]
  },
  "0.10799999999999998": {
    "val": [
      -1,
      0,
      1,
      2,
      3,
      4,
      5,
      6,
      7,
      8,
      9,
      10,
      11,
      12,
      13,
      14,
      15
    ],
    "counts": [
      1,
      34,
      114,
      41,
      77,
      95,
      97,
      108,
      70,
      58,
      54,
      65,
      62,
      68,
      40,
      15,
      1
    ]
  },
  "0.14066666666666666": {
    "val": [
      -1,
      0,
      1,
      2,
      3,
      4,
      5,
      6,
      7,
      8,
      9,
      10,
      11,
      12,
      13,
      14,
      15,
      16,
      17,
      18,
      19,
      20
    ],
    "counts": [
      1,
      34,
      90,
      28,
      28,
      54,
      75,
      55,
      58,
      85,
      87,
      67,
      27,
      38,
      44,
      49,
      37,
      57,
      27,
      18,
      25,
      16
    ]
  },
  "0.17333333333333334": {
    "val": [
      -1,
      0,
      1,
      2,
      3,
      4,
      5,
      6,
      7,
      8,
      9,
      10,
      11,
      12,
      13,
      14,
      15,
      16,
      17,
      18,
      19,
      20,
      21,
      22,
      23,
      24,
      25,
      26,
      27
    ],
    "counts": [
      1,
      34,
      67,
      25,
      20,
      25,
      31,
      46,
      49,
      33,
      32,
      59,
      51,
      63,
      53,
      51,
      32,
      18,
      15,
      37,
      28,
      42,
      34,
      52,
      37,
      20,
      16,
      25,
      4
    ]
  },
  "0.206": {
    "val": [
      -1,
      0,
      1,
      2,
      3,
      4,
      5,
      6,
      7,
      8,
      9,
      10,
      11,
      12,
      13,
      14,
      15,
      16,
      17,
      18,
      19,
      20,
      21,
      22,
      23,
      24,
      25,
      26,
      27,
      28,
      29,
      30,
      31,
      32,
      33,
      34,
      35,
      36
    ],
    "counts": [
      1,
      34,
      53,
      19,
      13,
      18,
      20,
      16,
      31,
      35,
      32,
      26,
      25,
      30,
      31,
      35,
      40,
      43,
      47,
      46,
      38,
      32,
      19,
      9,
      16,
      24,
      18,
      30,
      34,
      20,
      40,
      36,
      27,
      13,
      11,
      18,
      15,
      5
    ]
  },
  "0.23866666666666664": {
    "val": [
      -1,
      0,
      1,
      2,
      3,
      4,
      5,
      6,
      7,
      8,
      9,
      10,
      11,
      12,
      13,
      14,
      15,
      16,
      17,
      18,
      19,
      20,
      21,
      22,
      23,
      24,
      25,
      26,
      27,
      28,
      29,
      30,
      31,
      32,
      33,
      34,
      35,
      36,
      37,
      38,
      39,
      40,
      41,
      42,
      43,
      44,
      45,
      46,
      47,
      48
    ],
    "counts": [
      1,
      34,
      49,
      12,
      11,
      7,
      10,
      16,
      13,
      13,
      18,
      26,
      26,
      19,
      29,
      17,
      17,
      16,
      29,
      23,
      27,
      29,
      31,
      34,
      38,
      29,
      36,
      30,
      21,
      19,
      9,
      6,
      11,
      19,
      14,
      11,
      16,
      27,
      24,
      18,
      35,
      37,
      26,
      6,
      11,
      7,
      12,
      16,
      13,
      2
    ]
  },
  "0.2713333333333333": {
    "val": [
      -1,
      0,
      1,
      2,
      3,
      4,
      5,
      6,
      7,
      8,
      9,
      10,
      11,
      12,
      13,
      14,
      15,
      16,
      17,
      18,
      19,
      20,
      21,
      22,
      23,
      24,
      25,
      26,
      27,
      28,
      29,
      30,
      31,
      32,
      33,
      34,
      35,
      36,
      37,
      38,
      39,
      40,
      41,
      42,
      43,
      44,
      45,
      46,
      47,
      48,
      49,
      50,
      51,
      52,
      53,
      54,
      55,
      56,
      57,
      58,
      59,
      60,
      61,
      62,
      63
    ],
    "counts": [
      1,
      34,
      43,
      15,
      9,
      6,
      4,
      8,
      5,
      11,
      7,
      12,
      14,
      20,
      18,
      9,
      9,
      15,
      16,
      22,
      12,
      14,
      10,
      12,
      16,
      18,
      22,
      15,
      20,
      21,
      17,
      22,
      32,
      32,
      27,
      28,
      25,
      22,
      11,
      13,
      12,
      5,
      4,
      5,
      7,
      8,
      15,
      12,
      10,
      8,
      10,
      25,
      18,
      17,
      22,
      34,
      29,
      18,
      14,
      8,
      6,
      8,
      14,
      16,
      8
    ]
  },
  "0.304": {
    "val": [
      -2147483648,
      -1,
      0,
      1,
      2,
      3,
      4,
      5,
      6,
      7,
      8,
      10
    ],
    "counts": [
      887,
      1,
      34,
      34,
      11,
      9,
      6,
      4,
      4,
      2,
      5,
      3
    ]
  },
  "0.33666666666666667": {
    "val": [
      -2147483648,
      -1,
      0,
      1,
      2,
      3,
      4,
      5,
      6,
      7,
      8,
      9,
      10,
      11,
      12,
      14
    ],
    "counts": [
      894,
      1,
      34,
      26,
      8,
      10,
      6,
      3,
      2,
      3,
      6,
      2,
      1,
      2,
      1,
      1
    ]
  },
  "0.3693333333333333": {
    "val": [
      -2147483648,
      -1,
      0,
      1,
      2,
      3,
      4,
      5,
      6,
      7,
      9
    ],
    "counts": [
      911,
      1,
      34,
      26,
      4,
      8,
      5,
      6,
      3,
      1,
      1
    ]
  },
  "0.40199999999999997": {
    "val": [
      -2147483648,
      -1,
      0,
      1,
      2,
      3,
      4,
      5,
      6,
      7
    ],
    "counts": [
      917,
      1,
      34,
      22,
      5,
      7,
      6,
      6,
      1,
      1
    ]
  },
  "0.43466666666666665": {
    "val": [
      -2147483648,
      -1,
      0,
      1,
      2,
      3,
      4,
      5,
      6,
      7,
      8
    ],
    "counts": [
      918,
      1,
      34,
      21,
      3,
      3,
      8,
      6,
      2,
      3,
      1
    ]
  },
  "0.46733333333333327": {
    "val": [
      -2147483648,
      -1,
      0,
      1,
      2,
      3,
      5
    ],
    "counts": [
      939,
      1,
      34,
      15,
      4,
      2,
      5
    ]
  },
  "0.5": {
    "val": [
      -2147483648,
      -1,
      0,
      1,
      2,
      3,
      4,
      5,
      6,
      7,
      8,
      9,
      11
    ],
    "counts": [
      932,
      1,
      34,
      15,
      2,
      3,
      1,
      1,
      4,
      1,
      4,
      1,
      1
    ]
  }
}