{
  "0.01": {
    "val": [
      -1,
      0,
      1,
      2,
      3
    ],
    "counts": [
      1,
      19,
      109,
      616,
      255
    ]
  },
  "0.042666666666666665": {
    "val": [
      -1,
      0,
      1,
      2,
      3,
      4,
      5
    ],
    "counts": [
      1,
      19,
      109,
      173,
      465,
      230,
      3
    ]
  },
  "0.07533333333333332": {
    "val": [
      -1,
      0,
      1,
      2,
      3,
      4,
      5,
      6,
      7,
      8,
      9
    ],
    "counts": [
      1,
      19,
      17,
      22,
      38,
      40,
      67,
      189,
      342,
      248,
      17
    ]
  },
  "0.10799999999999998": {
    "val": [
      -1,
      0,
      1,
      2,
      3,
      4,
      5,
      6,
      7,
      8,
      9,
      10,
      11,
      12,
      13,
      14
    ],
    "counts": [
      1,
      19,
      14,
      5,
      9,
      17,
      16,
      26,
      20,
      26,
      48,
      95,
      186,
      247,
      221,
      50
    ]
  },
  "0.14066666666666666": {
    "val": [
      -1,
      0,
      1,
      2,
      3,
      4,
      5,
      6,
      7,
      8,
      9,
      10,
      11,
      12,
      13,
      14,
      15,
      16,
      17,
      18,
      19,
      20,
      21,
      22,
      23,
      24,
      25
    ],
    "counts": [
      1,
      19,
      10,
      5,
      5,
      8,
      6,
      7,
      6,
      7,
      7,
      11,
      6,
      14,
      16,
      15,
      24,
      25,
      33,
      43,
      69,
      97,
      136,
      179,
      187,
      60,
      4
    ]
  },
  "0.17333333333333334": {
    "val": [
      -1,
      0,
      1,
      2,
      3,
      4,
      5,
      6,
      7,
      8,
      9,
      10,
      11,
      12,
      13,
      14,
      15,
      16,
      17,
      18,
      19,
      20,
      21,
      22,
      23,
      24,
      25,
      26,
      27,
      28,
      29,
      30,
      31,
      32,
      33,
      34,
      35,
      36,
      37,
      38,
      39,
      40
    ],
    "counts": [
      1,
      19,
      10,
      3,
      7,
      4,
      4,
      7,
      6,
      2,
      6,
      3,
      6,
      7,
      3,
      5,
      2,
      6,
      6,
      5,
      5,
      8,
      4,
      7,
      7,
      8,
      9,
      9,
      11,
      16,
      22,
      20,
      37,
      36,
      44,
      57,
      76,
      110,
      120,
      150,
      114,
      18
    ]
  },
  "0.206": {
    "val": [
      -1,
      0,
      1,
      2,
      3,
      4,
      5,
      6,
      7,
      8,
      9,
      10,
      11,
      12,
      13,
      14,
      15,
      16,
      17,
      18,
      19,
      20,
      21,
      22,
      23,
      24,
      25,
      26,
      27,
      28,
      29,
      30,
      31,
      32,
      33,
      34,
      35,
      36,
      37,
      38,
      39,
      40,
      41,
      42,
      43,
      44,
      45,
      46,
      47,
      48,
      49,
      50,
      51,
      52,
      53,
      54,
      55,
      56,
      57,
      58,
      59,
      60,
      61,
      62,
      63,
      64,
      65,
      66
    ],
    "counts": [
      1,
      19,
      8,
      2,
      5,
      4,
      5,
      4,
      2,
      6,
      5,
      2,
      4,
      4,
      4,
      4,
      6,
      3,
      3,
      2,
      2,
      6,
      4,
      4,
      2,
      5,
      6,
      3,
      6,
      4,
      5,
      7,
      3,
      3,
      4,
      5,
      3,
      4,
      4,
      4,
      6,
      7,
      6,
      5,
      8,
      6,
      7,
      12,
      13,
      14,
      17,
      15,
      15,
      10,
      20,
      23,
      22,
      29,
      31,
      36,
      47,
      81,
      99,
      95,
      94,
      73,
      28,
      4
    ]
  },
  "0.23866666666666664": {
    "val": [
      -1,
      0,
      1,
      2,
      3,
      4,
      5,
      6,
      7,
      8,
      9,
      10,
      11,
      12,
      13,
      14,
      15,
      16,
      17,
      18,
      19,
      20,
      21,
      22,
      23,
      24,
      25,
      26,
      27,
      28,
      29,
      30,
      31,
      32,
      33,
      34,
      35,
      36,
      37,
      38,
      39,
      40,
      41,
      42,
      43,
      44,
      45,
      46,
      47,
      48,
      49,
      50,
      51,
      52,
      53,
      54,
      55,
      56,
      57,
      58,
      59,
      60,
      61,
      62,
      63,
      64,
      65,
      66,
      67,
      68,
      69,
      70,
      71,
      72,
      73,
      74,
      75,
      76,
      77,
      78,
      79,
      80,
      81,
      82,
      83,
      84,
      85,
      86,
      87,
      88,
      89
    ],
    "counts": [
      1,
      19,
      7,
      2,
      2,
      4,
      5,
      2,
      4,
      2,
      3,
      5,
      4,
      2,
      3,
      4,
      2,
      3,
      5,
      4,
      3,
      4,
      2,
      2,
      1,
      4,
      4,
      4,
      2,
      3,
      3,
      4,
      4,
      6,
      1,
      4,
      4,
      4,
      2,
      5,
      4,
      3,
      4,
      3,
      3,
      1,
      4,
      3,
      5,
      3,
      6,
      3,
      4,
      5,
      8,
      4,
      4,
      5,
      5,
      5,
      3,
      5,
      12,
      8,
      14,
      6,
      12,
      9,
      8,
      12,
      16,
      11,
      12,
      17,
      14,
      14,
      20,
      18,
      27,
      18,
      29,
      30,
      37,
      50,
      61,
      59,
      97,
      58,
      46,
      30,
      16
    ]
  },
  "0.2713333333333333": {
    "val": [
      -1,
      0,
      1,
      2,
      3,
      4,
      5,
      6,
      7,
      8,
      9,
      10,
      11,
      12,
      13,
      14,
      15,
      16,
      17,
      18,
      19,
      20,
      21,
      22,
      23,
      24,
      25,
      26,
      27,
      28,
      29,
      30,
      31,
      32,
      33,
      34,
      35,
      36,
      37,
      38,
      39,
      40,
      41,
      42,
      43,
      44,
      45,
      46,
      47,
      48,
      49,
      50,
      51,
      52,
      53,
      54,
      55,
      56,
      57,
      58,
      59,
      60,
      61,
      62,
      63,
      64,
      65,
      66,
      67,
      68,
      69,
      70,
      71,
      72,
      73,
      74,
      75,
      76,
      77,
      78,
      79,
      80,
      81,
      82,
      83,
      84,
      85,
      86,
      87,
      88,
      89,
      90,
      91,
      92,
      93,
      94,
      95,
      96,
      97,
      98,
      99,
      100,
      101,
      102,
      103,
      104,
      105,
      106,
      107,
      108,
      109,
      110,
      111,
      112,
      113,
      114,
      115,
      116,
      117,
      118,
      119,
      120,
      121,
      122,
      123,
      124,
      125,
      126,
      127,
      128,
      129,
      130,
      131,
      132,
      133,
      134,
      135,
      136,
      137
    ],