{
  "0.01": {
    "val": [
      -1,
      0,
      1,
      2,
      3,
      4
    ],
    "counts": [
      1,
      18,
      84,
      410,
      474,
      13
    ]
  },
  "0.042666666666666665": {
    "val": [
      -1,
      0,
      1,
      2,
      3,
      4,
      5,
      6
    ],
    "counts": [
      1,
      18,
      84,
      93,
      229,
      304,
      249,
      22
    ]
  },
  "0.07533333333333332": {
    "val": [
      -1,
      0,
      1,
      2,
      3,
      4,
      5,
      6,
      7,
      8,
      9,
      10,
      11,
      12
    ],
    "counts": [
      1,
      18,
      16,
      16,
      26,
      36,
      52,
      55,
      82,
      183,
      228,
      222,
      51,
      14
    ]
  },
  "0.10799999999999998": {
    "val": [
      -1,
      0,
      1,
      2,
      3,
      4,
      5,
      6,
      7,
      8,
      9,
      10,
      11,
      12,
      13,
      14,
      15,
      16,
      17,
      18,
      19,
      20,
      21
    ],
    "counts": [
      1,
      18,
      15,
      6,
      7,
      8,
      9,
      8,
      8,
      7,
      13,
      10,
      16,
      36,
      36,
      47,
      63,
      98,
      110,
      150,
      176,
      138,
      20
    ]
  },
  "0.14066666666666666": {
    "val": [
      -1,
      0,
      1,
      2,
      3,
      4,
      5,
      6,
      7,
      8,
      9,
      10,
      11,
      12,
      13,
      14,
      15,
      16,
      17,
      18,
      19,
      20,
      21,
      22,
      23,
      24,
      25,
      26,
      27,
      28,
      29,
      30,
      31,
      32,
      33,
      34,
      35,
      36,
      37,
      38,
      39,
      40,
      41,
      42,
      43,
      44,
      45,
      46,
      47
    ],
    "counts": [
      1,
      18,
      13,
      4,
      9,
      5,
      6,
      6,
      6,
      5,
      7,
      7,
      6,
      7,
      7,
      8,
      6,
      6,
      5,
      6,
      6,
      8,
      9,
      7,
      8,
      8,
      10,
      18,
      12,
      15,
      18,
      17,
      14,
      19,
      18,
      26,
      25,
      33,
      38,
      48,
      49,
      62,
      77,
      90,
      73,
      70,
      56,
      27,
      1
    ]
  },
  "0.17333333333333334": {
    "val": [
      -1,
      0,
      1,
      2,
      3,
      4,
      5,
      6,
      7,
      8,
      9,
      10,
      11,
      12,
      13,
      14,
      15,
      16,
      17,
      18,
      19,
      20,
      21,
      22,
      23,
      24,
      25,
      26,
      27,
      28,
      29,
      30,
      31,
      32,
      33,
      34,
      35,
      36,
      37,
      38,
      39,
      40,
      41,
      42,
      43,
      44,
      45,
      46,
      47,
      48,
      49,
      50,
      51,
      52,
      53,
      54,
      55,
      56,
      57,
      58,
      59,
      60,
      61,
      62,
      63,
      64,
      65,
      66,
      67,
      68
    ],
    "counts": [
      1,
      18,
      13,
      3,
      6,
      6,
      6,
      5,
      7,
      3,
      6,
      5,
      6,
      4,
      8,
      5,
      5,
      7,
      4,
      6,
      6,
      4,
      6,
      7,
      5,
      5,
      6,
      7,
      6,
      7,
      6,
      7,
      6,
      6,
      10,
      11,
      14,
      12,
      9,
      11,
      15,
      14,
      13,
      12,
      14,
      6,
      5,
      8,
      6,
      9,
      10,
      13,
      18,
      14,
      23,
      29,
      39,
      37,
      38,
      42,
      61,
      59,
      61,
      47,
      53,
      38,
      11,
      11,
      18,
      1
    ]
  },
  "0.206": {
    "val": [
      -1,
      0,
      1,
      2,
      3,
      4,
      5,
      6,
      7,
      8,
      9,
      10,
      11,
      12,
      13,
      14,
      15,
      16,
      17,
      18,
      19,
      20,
      21,
      22,
      23,
      24,
      25,
      26,
      27,
      28,
      29,
      30,
      31,
      32,
      33,
      34,
      35,
      36,
      37,
      38,
      39,
      40,
      41,
      42,
      43,
      44,
      45,
      46,
      47,
      48,
      49,
      50,
      51,
      52,
      53,
      54,
      55,
      56,
      57,
      58,
      59,
      60,
      61,
      62,
      63,
      64,
      65,
      66,
      67,
      68,
      69,
      70,
      71,
      72,
      73,
      74,
      75,
      76,
      77,
      78,
      79,
      80,
      81,
      82,
      83,
      84,
      85,
      86,
      87,
      88,
      89,
      90,
      91,
      92,
      93,
      94,
      95,
      96,
      97,
      98,
      99,
      100,
      101,
      102,
      103,
      104,
      105,
      106,
      107,
      108,
      109,
      110,
      111,
      112,
      113,
      114,
      115,
      116,
      117,
      118,
      119,
      120,
      121,
      122,
      123,
      124,
      125,
      126,
      127,
      128,
      129,
      130
    ],
    "counts": [
      1,
      18,
      10,
      4,
      3,
      6,
      5,
      4,
      4,
      4,
      6,
      4,
      4,
      4,
      5,
      5,
      3,
      7,
      3,
      6,
      3,
      6,
      6,
      2,
      6,
      3,
      4,
      6,
      3,
      5,
      5,
      5,
      4,
      5,
      4,
      5,
      6,
      5,
      5,
      3,
      5,
      5,
      6,
      7,
      6,
      4,
      5,
      4,
      5,
      6,
      4,
      4,
      4,
      6,
      4,
      7,
      4,
      5,
      5,
      5,
      5,
      5,
      6,
      4,
      5,
      5,
      6,
      6,
      5,
      6,
      4,
      6,
      3,
      7,
      3,
      9,
      4,
      6,
      5,
      6,
      6,
      6,
      5,
      5,
      6,
      6,
      5,
      6,
      5,
      3,
      6,
      9,
      4,
      4,
      6,
      6,
      5,
      6,
      6,
      4,
      9,
      6,
      6,
      6,
      6,
      7,
      8,
      6,
      8,
      14,
      12,
      11,
      10,
      13,
      17,
      14,
      14,
      10,
      21,
      19,
      28,
      33,
      25,
      28,
      32,
      30,
      35,
      25,
      8,
      10,
      9,
      7
    ]
  },