{
  "0.01": {
    "val": [
      -1,
      0,
      1,
      2,
      3
    ],
    "counts": [
      1,
      35,
      421,
      513,
      30
    ]
  },
  "0.042666666666666665": {
    "val": [
      -1,
      0,
      1,
      2,
      3,
      4
    ],
    "counts": [
      1,
      35,
      398,
      424,
      136,
      6
    ]
  },
  "0.07533333333333332": {
    "val": [
      -1,
      0,
      1,
      2,
      3,
      4,
      5
    ],
    "counts": [
      1,
      35,
      343,
      250,
      274,
      92,
      5
    ]
  },
  "0.10799999999999998": {
    "val": [
      -1,
      0,
      1,
      2,
      3,
      4,
      5,
      6
    ],
    "counts": [
      1,
      35,
      251,
      169,
      239,
      204,
      85,
      16
    ]
  },
  "0.14066666666666666": {
    "val": [
      -1,
      0,
      1,
      2,
      3,
      4,
      5,
      6,
      7,
      8
    ],
    "counts": [
      1,
      35,
      166,
      109,
      136,
      169,
      204,
      120,
      50,
      10
    ]
  },
  "0.17333333333333334": {
    "val": [
      -1,
      0,
      1,
      2,
      3,
      4,
      5,
      6,
      7,
      8,
      9,
      10,
      11
    ],
    "counts": [
      1,
      35,
      108,
      56,
      73,
      92,
      117,
      152,
      159,
      119,
      63,
      23,
      2
    ]
  },
  "0.206": {
    "val": [
      -1,
      0,
      1,
      2,
      3,
      4,
      5,
      6,
      7,
      8,
      9,
      10,
      11,
      12,
      13,
      14
    ],
    "counts": [
      1,
      35,
      80,
      43,
      42,
      41,
      68,
      81,
      89,
      103,
      130,
      121,
      95,
      46,
      23,
      2
    ]
  },
  "0.23866666666666664": {
    "val": [
      -1,
      0,
      1,
      2,
      3,
      4,
      5,
      6,
      7,
      8,
      9,
      10,
      11,
      12,
      13,
      14,
      15,
      16,
      17,
      18
    ],
    "counts": [
      1,
      35,
      64,
      24,
      35,
      35,
      25,
      44,
      54,
      57,
      59,
      70,
      84,
      88,
      95,
      98,
      74,
      37,
      19,
      2
    ]
  },
  "0.2713333333333333": {
    "val": [
      -1,
      0,
      1,
      2,
      3,
      4,
      5,
      6,
      7,
      8,
      9,
      10,
      11,
      12,
      13,
      14,
      15,
      16,
      17,
      18,
      19,
      20,
      21,
      22,
      23,
      24
    ],
    "counts": [
      1,
      35,
      42,
      18,
      23,
      15,
      33,
      26,
      15,
      22,
      37,
      35,
      43,
      43,
      37,
      51,
      46,
      60,
      70,
      83,
      83,
      68,
      56,
      35,
      18,
      5
    ]
  },
  "0.304": {
    "val": [
      -1,
      0,
      1,
      2,
      3,
      4,
      5,
      6,
      7,
      8,
      9,
      10,
      11,
      12,
      13,
      14,
      15,
      16,
      17,
      18,
      19,
      20,
      21,
      22,
      23,
      24,
      25,
      26,
      27,
      28,
      29,
      30,
      31,
      32,
      33,
      34,
      35,
      36
    ],
    "counts": [
      1,
      35,
      27,
      11,
      11,
      18,
      13,
      15,
      15,
      18,
      21,
      10,
      8,
      17,
      15,
      17,
      23,
      27,
      19,
      28,
      29,
      28,
      29,
      34,
      35,
      44,
      35,
      40,
      56,
      63,
      77,
      57,
      47,
      38,
      23,
      11,
      4,
      1
    ]
  },
  "0.33666666666666667": {
    "val": [
      -1,
      0,
      1,
      2,
      3,
      4,
      5,
      6,
      7,
      8,
      9,
      10,
      11,
      12,
      13,
      14,
      15,
      16,
      17,
      18,
      19,
      20,
      21,
      22,
      23,
      24,
      25,
      26,
      27,
      28,
      29,
      30,
      31,
      32,
      33,
      34,
      35,
      36,
      37,
      38,
      39,
      40,
      41,
      42,
      43,
      44,
      45,
      46,
      47,
      48,
      49,
      50,
      51,
      52,
      53,
      54,
      55,
      56,
      57,
      58,
      59,
      60,
      61,
      62,
      63,
      64,
      65,
      66,
      67,
      68,
      69,
      70,
      71,
      72,
      73,
      74,
      75,
      76,
      77,
      78,
      79,
      80,
      81,
      82,
      83,
      84,
      85,
      86
    ],
    "counts": [
      1,
      35,
      18,
      1,
      6,
      5,
      6,
      4,
      6,
      5,
      2,
      5,
      6,
      4,
      7,
      13,
      10,
      11,
      8,
      11,
      9,
      3,
      7,
      4,
      5,
      4,
      4,
      6,
      5,
      5,
      3,
      1,
      1,
      4,
      2,
      3,
      1,
      2,
      6,
      8,
      4,
      10,
      9,
      6,
      8,
      4,
      6,
      15,
      8,
      13,
      15,
      18,
      21,
      22,
      20,
      17,
      14,
      27,
      9,
      6,
      9,
      5,
      11,
      13,
      12,
      11,
      6,
      9,
      6,
      8,
      8,
      6,
      6,
      12,
      15,
      21,
      32,
      30,
      32,
      34,
      49,
      48,
      45,
      37,
      21,
      10,
      4,
      1
    ]
  },
  "0.3693333333333333": {
    "val": [
      -2147483648,
      -1,
      0,
      1,
      3,
      4,
      5,
      6,
      7,
      9,
      10,
      11,
      13
    ],
    "counts": [
      932,
      1,
      35,
      16,
      3,
      2,
      3,
      2,
      1,
      2,
      1,
      1,
      1
    ]
  },
  "0.40199999999999997": {
    "val": [
      -2147483648,
      -1,
      0,
      1
    ],
    "counts": [
      956,
      1,
      35,
      8
    ]
  },
  "0.43466666666666665": {
    "val": [
      -2147483648,
      -1,
      0,
      1,
      2
    ],
    "counts": [
      957,
      1,
      35,
      6,
      1
    ]
  },
  "0.46733333333333327": {
    "val": [
      -2147483648,
      -1,
      0,
      1
    ],
    "counts": [
      960,
      1,
      35,
      4
    ]
  },
  "0.5": {
    "val": [
      -2147483648,
      -1,
      0,
      1
    ],
    "counts": [
      960,
      1,
      35,
      4
    ]
  }
}