{
  "0.01": {
    "val": [
      -1,
      0,
      1,
      2,
      3,
      4,
      5,
      6
    ],
    "counts": [
      1,
      9,
      31,
      97,
      231,
      404,
      219,
      8
    ]
  },
  "0.042666666666666665": {
    "val": [
      -1,
      0,
      1,
      2,
      3,
      4,
      5,
      6
    ],
    "counts": [
      1,
      9,
      31,
      97,
      231,
      404,
      219,
      8
    ]
  },
  "0.07533333333333332": {
    "val": [
      -1,
      0,
      1,
      2,
      3,
      4,
      5,
      6,
      7,
      8,
      9
    ],
    "counts": [
      1,
      9,
      31,
      24,
      83,
      105,
      188,
      229,
      243,
      78,
      9
    ]
  },
  "0.10799999999999998": {
    "val": [
      -1,
      0,
      1,
      2,
      3,
      4,
      5,
      6,
      7,
      8,
      9,
      10,
      11
    ],
    "counts": [
      1,
      9,
      29,
      16,
      39,
      67,
      83,
      135,
      193,
      221,
      156,
      45,
      6
    ]
  },
  "0.14066666666666666": {
    "val": [
      -1,
      0,
      1,
      2,
      3,
      4,
      5,
      6,
      7,
      8,
      9,
      10,
      11,
      12,
      13,
      14,
      15,
      16,
      17,
      18,
      19,
      20
    ],
    "counts": [
      1,
      9,
      12,
      11,
      13,
      18,
      24,
      25,
      29,
      47,
      49,
      59,
      88,
      85,
      88,
      88,
      100,
      86,
      78,
      35,
      40,
      15
    ]
  },
  "0.17333333333333334": {
    "val": [
      -1,
      0,
      1,
      2,
      3,
      4,
      5,
      6,
      7,
      8,
      9,
      10,
      11,
      12,
      13,
      14,
      15,
      16,
      17,
      18,
      19,
      20,
      21,
      22,
      23,
      24,
      25,
      26,
      27,
      28,
      29,
      30,
      31,
      32,
      33,
      34,
      35,
      36,
      37,
      38,
      39,
      40,
      41,
      42
    ],
    "counts": [
      1,
      9,
      7,
      5,
      3,
      5,
      7,
      6,
      8,
      8,
      7,
      6,
      8,
      6,
      9,
      10,
      11,
      13,
      9,
      14,
      11,
      13,
      16,
      19,
      23,
      24,
      26,
      23,
      34,
      43,
      40,
      43,
      46,
      56,
      66,
      68,
      65,
      60,
      68,
      52,
      32,
      9,
      5,
      6
    ]
  },
  "0.206": {
    "val": [
      -1,
      0,
      1,
      2,
      3,
      4,
      5,
      6,
      7,
      8,
      9,
      10,
      11,
      12,
      13,
      14,
      15,
      16,
      17,
      18,
      19,
      20,
      21,
      22,
      23,
      24,
      25,
      26,
      27,
      28,
      29,
      30,
      31,
      32,
      33,
      34,
      35,
      36,
      37,
      38,
      39,
      40,
      41,
      42,
      43,
      44,
      45,
      46,
      47,
      48,
      49,
      50,
      51,
      52,
      53,
      54,
      55
    ],
    "counts": [
      1,
      9,
      7,
      2,
      4,
      2,
      5,
      3,
      7,
      7,
      6,
      8,
      7,
      6,
      7,
      6,
      6,
      8,
      7,
      8,
      9,
      8,
      12,
      12,
      11,
      11,
      11,
      10,
      10,
      10,
      10,
      13,
      14,
      15,
      20,
      22,
      30,
      20,
      29,
      27,
      26,
      36,
      39,
      48,
      39,
      40,
      45,
      50,
      45,
      49,
      49,
      31,
      32,
      22,
      10,
      13,
      6
    ]
  },
  "0.23866666666666664": {
    "val": [
      -1,
      0,
      1,
      2,
      3,
      4,
      5,
      6,
      7,
      8,
      9,
      10,
      11,
      12,
      13,
      14,
      15,
      16,
      17,
      18,
      19,
      20,
      21,
      22,
      23,
      24,
      25,
      26,
      27,
      28,
      29,
      30,
      31,
      32,
      33,
      34,
      35,
      36,
      37,
      38,
      39,
      40,
      41,
      42,
      43,
      44,
      45,
      46,
      47,
      48,
      49,
      50,
      51,
      52,
      53,
      54,
      55,
      56,
      57,
      58,
      59,
      60,
      61,
      62,
      63,
      64,
      65,
      66,
      67,
      68,
      69,
      70,
      71,
      72,
      73,
      74,
      75,
      76,
      77,
      78,
      79,
      80,
      81
    ],
    "counts": [
      1,
      9,
      7,
      2,
      3,
      3,
      4,
      2,
      4,
      2,
      4,
      7,
      6,
      3,
      7,
      4,
      6,
      6,
      3,
      7,
      6,
      6,
      7,
      7,
      8,
      7,
      9,
      8,
      10,
      9,
      8,
      9,
      10,
      9,
      9,
      9,
      9,
      9,
      5,
      11,
      7,
      12,
      10,
      16,
      7,
      9,
      6,
      8,
      9,
      6,
      9,
      11,
      12,
      11,
      13,
      12,
      18,
      17,
      17,
      17,
      20,
      23,
      23,
      21,
      21,
      26,
      26,
      21,
      27,
      18,
      25,
      34,
      38,
      34,
      32,
      25,
      27,
      26,
      16,
      14,
      11,
      6,
      4
    ]
  },
  "0.2713333333333333": {
    "val": [
      -1,
      0,
      1,
      2,
      3,
      4,
      5,
      6,
      7,
      8,
      9,
      10,
      11,
      12,
      13,
      14,
      15,
      16,
      17,
      18,
      19,
      20,
      21,
      22,
      23,
      24,
      25,
      26,
      27,
      28,
      29,
      30,
      31,
      32,
      33,
      34,
      35,
      36,
      37,
      38,
      39,
      40,
      41,
      42,
      43,
      44,
      45,
      46,
      47,
      48,
      49,
      50,
      51,
      52,
      53,
      54,
      55,
      56,
      57,
      58,
      59,
      60,
      61,
      62,
      63,
      64,
      65,
      66,
      67,
      68,
      69,
      70,
      71,
      72,
      73,
      74,
      75,
      76,
      77,
      78,
      79,
      80,
      81,
      82,
      83,
      84,
      85,
      86,
      87,
      88,
      89,
      90,
      91,
      92,
      93,
      94,
      95,
      96,
      97,
      98,
      99,
      100,
      101,
      102,
      103,
      104,
      105,
      106,
      107,
      108,
      109,
      110,
      111,
      112,
      113,
      114,
      115,
      116,
      117,
      118,
      119,
      120,
      121,
      122,
      123,
      124,
      125,
      126,
      127,
      128,
      129,
      130,
      131,
      132,
      133,
      134,
      135,
      136,
      137,
      138,
      139,
      140,
      141,
      142,
      143,
      144,
      145,
      146,
      147,
      148,
      149,
      150,
      151,
      152,
      153,
      154,
      155,
      156,
      157,
      158,
      159,
      160,
      161,
      162
    ],