{
  "0.01": {
    "val": [
      -1,
      0,
      1,
      2,
      3
    ],
    "counts": [
      1,
      57,
      519,
      403,
      20
    ]
  },
  "0.042666666666666665": {
    "val": [
      -1,
      0,
      1,
      2,
      3,
      4,
      5,
      6
    ],
    "counts": [
      1,
      57,
      442,
      63,
      189,
      184,
      61,
      3
    ]
  },
  "0.07533333333333332": {
    "val": [
      -1,
      0,
      1,
      2,
      3,
      4,
      5,
      6,
      7,
      8,
      9,
      10
    ],
    "counts": [
      1,
      57,
      295,
      52,
      58,
      63,
      104,
      122,
      121,
      86,
      32,
      9
    ]
  },
  "0.10799999999999998": {
    "val": [
      -1,
      0,
      1,
      2,
      3,
      4,
      5,
      6,
      7,
      8,
      9,
      10,
      11,
      12,
      13,
      14,
      15,
      16
    ],
    "counts": [
      1,
      57,
      200,
      21,
      25,
      33,
      34,
      25,
      47,
      55,
      62,
      83,
      88,
      93,
      82,
      59,
      30,
      5
    ]
  },
  "0.14066666666666666": {
    "val": [
      -1,
      0,
      1,
      2,
      3,
      4,
      5,
      6,
      7,
      8,
      9,
      10,
      11,
      12,
      13,
      14,
      15,
      16,
      17,
      18,
      19,
      20,
      21,
      22,
      23,
      24
    ],
    "counts": [
      1,
      57,
      164,
      11,
      11,
      16,
      18,
      9,
      19,
      18,
      24,
      24,
      19,
      25,
      35,
      39,
      52,
      57,
      54,
      77,
      68,
      72,
      56,
      44,
      24,
      6
    ]
  },
  "0.17333333333333334": {
    "val": [
      -1,
      0,
      1,
      2,
      3,
      4,
      5,
      6,
      7,
      8,
      9,
      10,
      11,
      12,
      13,
      14,
      15,
      16,
      17,
      18,
      19,
      20,
      21,
      22,
      23,
      24,
      25,
      26,
      27,
      28,
      29,
      30,
      31,
      32,
      33,
      34
    ],
    "counts": [
      1,
      57,
      127,
      11,
      9,
      11,
      14,
      10,
      8,
      9,
      15,
      12,
      11,
      16,
      10,
      16,
      14,
      11,
      14,
      16,
      13,
      29,
      28,
      26,
      28,
      36,
      44,
      54,
      61,
      46,
      73,
      70,
      41,
      32,
      21,
      6
    ]
  },
  "0.206": {
    "val": [
      -1,
      0,
      1,
      2,
      3,
      4,
      5,
      6,
      7,
      8,
      9,
      10,
      11,
      12,
      13,
      14,
      15,
      16,
      17,
      18,
      19,
      20,
      21,
      22,
      23,
      24,
      25,
      26,
      27,
      28,
      29,
      30,
      31,
      32,
      33,
      34,
      35,
      36,
      37,
      38,
      39,
      40,
      41,
      42,
      43,
      44,
      45,
      46,
      47
    ],
    "counts": [
      1,
      57,
      101,
      5,
      11,
      15,
      7,
      9,
      11,
      6,
      6,
      9,
      3,
      6,
      7,
      8,
      7,
      11,
      8,
      14,
      8,
      11,
      10,
      10,
      10,
      12,
      9,
      10,
      11,
      18,
      15,
      17,
      17,
      13,
      21,
      28,
      30,
      35,
      31,
      40,
      51,
      35,
      67,
      67,
      53,
      25,
      30,
      10,
      4
    ]
  },
  "0.23866666666666664": {
    "val": [
      -1,
      0,
      1,
      2,
      3,
      4,
      5,
      6,
      7,
      8,
      9,
      10,
      11,
      12,
      13,
      14,
      15,
      16,
      17,
      18,
      19,
      20,
      21,
      22,
      23,
      24,
      25,
      26,
      27,
      28,
      29,
      30,
      31,
      32,
      33,
      34,
      35,
      36,
      37,
      38,
      39,
      40,
      41,
      42,
      43,
      44,
      45,
      46,
      47,
      48,
      49,
      50,
      51,
      52,
      53,
      54,
      55,
      56,
      57,
      58,
      59,
      60,
      61,
      62,
      63,
      64,
      65,
      66,
      67
    ],
    "counts": [
      1,
      57,
      78,
      6,
      9,
      6,
      5,
      10,
      5,
      10,
      8,
      6,
      6,
      4,
      1,
      8,
      4,
      5,
      3,
      3,
      7,
      5,
      2,
      4,
      5,
      8,
      10,
      5,
      5,
      8,
      5,
      4,
      6,
      4,
      6,
      9,
      13,
      10,
      7,
      11,
      10,
      9,
      9,
      6,
      13,
      5,
      11,
      8,
      9,
      13,
      12,
      19,
      26,
      16,
      12,
      29,
      22,
      23,
      26,
      29,
      51,
      56,
      60,
      42,
      45,
      32,
      26,
      7,
      5
    ]
  },
  "0.2713333333333333": {
    "val": [
      -1,
      0,
      1,
      2,
      3,
      4,
      5,
      6,
      7,
      8,
      9,
      10,
      11,
      12,
      13,
      14,
      15,
      16,
      17,
      18,
      19,
      20,
      21,
      22,
      23,
      24,
      25,
      26,
      27,
      28,
      29,
      30,
      31,
      32,
      33,
      34,
      35,
      36,
      37,
      38,
      39,
      40,
      41,
      42,
      43,
      44,
      45,
      46,
      47,
      48,
      49,
      50,
      51,
      52,
      53,
      54,
      55,
      56,
      57,
      58,
      59,
      60,
      61,
      62,
      63,
      64,
      65,
      66,
      67,
      68,
      69,
      70,
      71,
      72,
      73,
      74,
      75,
      76,
      77,
      78,
      79,
      80,
      81,
      82,
      83,
      84,
      85,
      86,
      87,
      88,
      89,
      90,
      91,
      92,
      93,
      94,
      95,
      96,
      97,
      98,
      99,
      100,
      101,
      102
    ],
    "counts": [
      1,
      57,
      59,
      2,
      11,
      5,
      1,
      10,
      3,
      5,
      7,
      3,
      6,
      5,
      4,
      12,
      4,
      6,
      3,
      4,
      2,
      4,
      3,
      4,
      4,
      4,
      2,
      3,
      1,
      4,
      2,
      5,
      3,
      4,
      4,
      2,
      5,
      3,
      3,
      1,
      3,
      1,
      4,
      5,
      2,
      4,
      4,
      6,
      1,
      2,
      4,
      6,
      6,
      7,
      5,
      5,
      6,
      6,
      2,
      8,
      4,
      5,
      3,
      4,
      4,
      9,
      6,
      8,
      5,
      3,
      9,
      6,
      5,
      7,
      5,
      11,
      10,
      7,
      12,
      6,
      6,
      16,
      11,
      13,
      13,
      15,
      8,
      15,
      22,
      16,
      24,
      35,
      41,
      34,
      40,
      37,
      44,
      36,
      37,
      20,
      16,
      7,
      6,
      1
    ]
  },