{
  "0.01": {
    "val": [
      -1,
      0,
      1,
      2,
      3
    ],
    "counts": [
      1,
      19,
      109,
      613,
      258
    ]
  },
  "0.042666666666666665": {
    "val": [
      -1,
      0,
      1,
      2,
      3,
      4,
      5,
      6
    ],
    "counts": [
      1,
      19,
      109,
      65,
      238,
      418,
      141,
      9
    ]
  },
  "0.07533333333333332": {
    "val": [
      -1,
      0,
      1,
      2,
      3,
      4,
      5,
      6,
      7,
      8,
      9,
      10,
      11,
      12
    ],
    "counts": [
      1,
      19,
      17,
      13,
      24,
      33,
      22,
      33,
      61,
      114,
      232,
      254,
      155,
      22
    ]
  },
  "0.10799999999999998": {
    "val": [
      -1,
      0,
      1,
      2,
      3,
      4,
      5,
      6,
      7,
      8,
      9,
      10,
      11,
      12,
      13,
      14,
      15,
      16,
      17,
      18,
      19,
      20
    ],
    "counts": [
      1,
      19,
      14,
      4,
      4,
      8,
      14,
      9,
      17,
      15,
      16,
      15,
      19,
      34,
      35,
      68,
      128,
      170,
      154,
      168,
      85,
      3
    ]
  },
  "0.14066666666666666": {
    "val": [
      -1,
      0,
      1,
      2,
      3,
      4,
      5,
      6,
      7,
      8,
      9,
      10,
      11,
      12,
      13,
      14,
      15,
      16,
      17,
      18,
      19,
      20,
      21,
      22,
      23,
      24,
      25,
      26,
      27,
      28,
      29,
      30,
      31,
      32,
      33,
      34,
      35,
      36,
      37,
      38
    ],
    "counts": [
      1,
      19,
      10,
      3,
      3,
      4,
      4,
      5,
      3,
      5,
      6,
      3,
      7,
      3,
      4,
      3,
      7,
      4,
      5,
      7,
      12,
      11,
      11,
      12,
      12,
      19,
      21,
      15,
      23,
      37,
      39,
      69,
      81,
      89,
      114,
      130,
      126,
      63,
      9,
      1
    ]
  },
  "0.17333333333333334": {
    "val": [
      -1,
      0,
      1,
      2,
      3,
      4,
      5,
      6,
      7,
      8,
      9,
      10,
      11,
      12,
      13,
      14,
      15,
      16,
      17,
      18,
      19,
      20,
      21,
      22,
      23,
      24,
      25,
      26,
      27,
      28,
      29,
      30,
      31,
      32,
      33,
      34,
      35,
      36,
      37,
      38,
      39,
      40,
      41,
      42,
      43,
      44,
      45,
      46,
      47,
      48,
      49,
      50,
      51,
      52,
      53,
      54,
      55,
      56,
      57,
      58,
      59,
      60,
      61
    ],
    "counts": [
      1,
      19,
      10,
      2,
      2,
      2,
      4,
      4,
      3,
      2,
      5,
      4,
      3,
      2,
      2,
      4,
      3,
      4,
      3,
      3,
      4,
      2,
      3,
      2,
      2,
      5,
      3,
      4,
      5,
      1,
      4,
      7,
      3,
      2,
      6,
      5,
      3,
      7,
      7,
      3,
      6,
      5,
      7,
      13,
      12,
      13,
      10,
      19,
      24,
      24,
      22,
      32,
      34,
      36,
      55,
      59,
      85,
      78,
      96,
      96,
      77,
      35,
      2
    ]
  },
  "0.206": {
    "val": [
      -2147483648,
      -1,
      0,
      1,
      2,
      3,
      4,
      5,
      6,
      7,
      9
    ],
    "counts": [
      952,
      1,
      19,
      8,
      2,
      2,
      3,
      3,
      2,
      4,
      4
    ]
  },
  "0.23866666666666664": {
    "val": [
      -2147483648,
      -1,
      0,
      1,
      2,
      3,
      4,
      5,
      6,
      7,
      8,
      9,
      10,
      11,
      12,
      13,
      14,
      15,
      16,
      17,
      18,
      20
    ],
    "counts": [
      934,
      1,
      19,
      7,
      1,
      2,
      2,
      1,
      3,
      4,
      1,
      2,
      2,
      2,
      1,
      2,
      4,
      2,
      3,
      3,
      1,
      3
    ]
  },
  "0.2713333333333333": {
    "val": [
      -2147483648,
      -1,
      0,
      1,
      2,
      3,
      4,
      5,
      6,
      7,
      8,
      9,
      11
    ],
    "counts": [
      958,
      1,
      19,
      6,
      1,
      1,
      2,
      1,
      1,
      3,
      1,
      4,
      2
    ]
  },
  "0.304": {
    "val": [
      -2147483648,
      -1,
      0,
      1,
      2,
      4
    ],
    "counts": [
      973,
      1,
      19,
      5,
      1,
      1
    ]
  },
  "0.33666666666666667": {
    "val": [
      -2147483648,
      -1,
      0,
      1,
      2,
      4
    ],
    "counts": [
      974,
      1,
      19,
      3,
      2,
      1
    ]
  },
  "0.3693333333333333": {
    "val": [
      -2147483648,
      -1,
      0,
      1
    ],
    "counts": [
      979,
      1,
      19,
      1
    ]
  },
  "0.40199999999999997": {
    "val": [
      -2147483648,
      -1,
      0
    ],
    "counts": [
      980,
      1,
      19
    ]
  },
  "0.43466666666666665": {
    "val": [
      -2147483648,
      -1,
      0
    ],
    "counts": [
      980,
      1,
      19
    ]
  },
  "0.46733333333333327": {
    "val": [
      -2147483648,
      -1,
      0
    ],
    "counts": [
      980,
      1,
      19
    ]
  },
  "0.5": {
    "val": [
      -2147483648,
      -1,
      0
    ],
    "counts": [
      980,
      1,
      19
    ]
  }
}