{
  "0.01": {
    "val": [
      -1,
      0,
      1,
      2,
      3,
      4
    ],
    "counts": [
      1,
      18,
      84,
      410,
      474,
      13
    ]
  },
  "0.042666666666666665": {
    "val": [
      -1,
      0,
      1,
      2,
      3,
      4,
      5,
      6,
      7
    ],
    "counts": [
      1,
      18,
      84,
      45,
      132,
      199,
      216,
      217,
      88
    ]
  },
  "0.07533333333333332": {
    "val": [
      -1,
      0,
      1,
      2,
      3,
      4,
      5,
      6,
      7,
      8,
      9,
      10,
      11,
      12,
      13,
      14,
      15,
      16,
      17
    ],
    "counts": [
      1,
      18,
      16,
      5,
      16,
      21,
      23,
      28,
      41,
      43,
      55,
      68,
      107,
      154,
      152,
      138,
      88,
      19,
      7
    ]
  },
  "0.10799999999999998": {
    "val": [
      -1,
      0,
      1,
      2,
      3,
      4,
      5,
      6,
      7,
      8,
      9,
      10,
      11,
      12,
      13,
      14,
      15,
      16,
      17,
      18,
      19,
      20,
      21,
      22,
      23,
      24,
      25,
      26,
      27,
      28,
      29,
      30
    ],
    "counts": [
      1,
      18,
      15,
      2,
      8,
      4,
      7,
      5,
      8,
      4,
      6,
      7,
      7,
      8,
      6,
      9,
      14,
      16,
      27,
      28,
      29,
      34,
      45,
      60,
      71,
      76,
      110,
      125,
      123,
      94,
      26,
      7
    ]
  },
  "0.14066666666666666": {
    "val": [
      -1,
      0,
      1,
      2,
      3,
      4,
      5,
      6,
      7,
      8,
      9,
      10,
      11,
      12,
      13,
      14,
      15,
      16,
      17,
      18,
      19,
      20,
      21,
      22,
      23,
      24,
      25,
      26,
      27,
      28,
      29,
      30,
      31,
      32,
      33,
      34,
      35,
      36,
      37,
      38,
      39,
      40,
      41,
      42,
      43,
      44,
      45,
      46,
      47,
      48,
      49,
      50,
      51,
      52,
      53,
      54,
      55,
      56,
      57,
      58,
      59,
      60,
      61,
      62,
      63,
      64,
      65,
      66,
      67,
      68
    ],
    "counts": [
      1,
      18,
      13,
      2,
      2,
      7,
      4,
      4,
      4,
      4,
      4,
      4,
      3,
      5,
      4,
      4,
      6,
      5,
      5,
      5,
      3,
      6,
      5,
      3,
      5,
      4,
      4,
      4,
      5,
      5,
      6,
      5,
      5,
      4,
      6,
      5,
      6,
      6,
      8,
      14,
      5,
      8,
      10,
      11,
      13,
      14,
      10,
      10,
      11,
      14,
      12,
      16,
      18,
      13,
      28,
      18,
      30,
      35,
      30,
      44,
      43,
      41,
      62,
      52,
      53,
      52,
      51,
      39,
      37,
      7
    ]
  },
  "0.17333333333333334": {
    "val": [
      -1,
      0,
      1,
      2,
      3,
      4,
      5,
      6,
      7,
      8,
      9,
      10,
      11,
      12,
      13,
      14,
      15,
      16,
      17,
      18,
      19,
      20,
      21,
      22,
      23,
      24,
      25,
      26,
      27,
      28,
      29,
      30,
      31,
      32,
      33,
      34,
      35,
      36,
      37,
      38,
      39,
      40,
      41,
      42,
      43,
      44,
      45,
      46,
      47,
      48,
      49,
      50,
      51,
      52,
      53,
      54,
      55,
      56,
      57,
      58,
      59,
      60,
      61,
      62,
      63,
      64,
      65,
      66,
      67,
      68,
      69,
      70,
      71,
      72,
      73,
      74,
      75,
      76,
      77,
      78,
      79,
      80,
      81,
      82,
      83,
      84,
      85,
      86,
      87,
      88,
      89,
      90,
      91,
      92,
      93,
      94,
      95,
      96,
      97,
      98,
      99,
      100
    ],
    "counts": [
      1,
      18,
      13,
      2,
      2,
      4,
      5,
      2,
      4,
      4,
      4,
      3,
      5,
      3,
      3,
      3,
      5,
      2,
      4,
      4,
      4,
      4,
      2,
      5,
      3,
      5,
      4,
      3,
      3,
      4,
      2,
      4,
      3,
      4,
      3,
      4,
      4,
      4,
      4,
      3,
      5,
      4,
      4,
      4,
      4,
      4,
      4,
      7,
      1,
      5,
      4,
      6,
      5,
      7,
      9,
      8,
      7,
      9,
      6,
      9,
      11,
      11,
      10,
      6,
      7,
      11,
      8,
      10,
      3,
      2,
      6,
      5,
      3,
      9,
      4,
      8,
      6,
      9,
      9,
      14,
      15,
      14,
      21,
      25,
      25,
      23,
      30,
      23,
      29,
      35,
      40,
      39,
      37,
      42,
      38,
      39,
      37,
      25,
      4,
      8,
      14,
      10
    ]
  },
  "0.206": {
    "val": [
      -2147483648,
      -1,
      0,
      1,
      2,
      3,
      4,
      5,
      6,
      7,
      8,
      9,
      10,
      11,
      12,
      13,
      14,
      15,
      16,
      17,
      18,
      19,
      20,
      21,
      22,
      23,
      24,
      25,
      26,
      27,
      28,
      29,
      30,
      31,
      32,
      34
    ],
    "counts": [
      875,
      1,
      18,
      10,
      3,
      2,
      2,
      4,
      4,
      3,
      1,
      4,
      3,
      3,
      3,
      3,
      3,
      3,
      2,
      4,
      1,
      5,
      1,
      4,
      2,
      3,
      5,
      2,
      2,
      5,
      1,
      3,
      4,
      2,
      5,
      4
    ]
  },
  "0.23866666666666664": {
    "val": [
      -2147483648,
      -1,
      0,
      1,
      2,
      3,
      4,
      5,
      6,
      7,
      8,
      9,
      10,
      11,
      12,
      13,
      14,
      15,
      16,
      17,
      18,
      19,
      20,
      21,
      22,
      23,
      24,
      25,
      26,
      27,
      28,
      29,
      30,
      31,
      32,
      33,
      34,
      35,
      36,
      37,
      38,
      39,
      40,
      41,
      42,
      43,
      44,
      45,
      46,
      47,
      48,
      49,
      50,
      51,
      52,
      53,
      54,
      55,
      56,
      57,
      58,
      59,
      60,
      61,
      62,
      63,
      64,
      65,
      66,
      67,
      68,
      69,
      70,
      71,
      72,
      73,
      74,
      75,
      76,
      78
    ],
    "counts": [
      777,
      1,
      18,
      9,
      1,
      3,
      2,
      2,
      3,
      4,
      1,
      3,
      1,
      4,
      3,
      1,
      3,
      3,
      3,
      2,
      3,
      1,
      2,
      3,
      2,
      4,
      1,
      4,
      2,
      1,
      2,
      5,
      2,
      1,
      4,
      2,
      3,
      1,
      4,
      2,
      4,
      1,
      1,
      4,
      2,
      2,
      2,
      4,
      1,
      4,
      3,
      1,
      3,
      3,
      3,
      2,
      4,
      2,
      2,
      3,
      2,
      2,
      4,
      2,
      1,
      4,
      3,
      1,
      4,
      3,
      3,
      1,
      2,
      3,
      4,
      3,
      3,
      2,
      6,
      3
    ]
  },
  "0.2713333333333333": {
    "val": [
      -2147483648,
      -1,
      0,
      1,
      2,
      3,
      4,
      5,
      6,
      7,
      8,
      9,
      10,
      11,
      12,
      13,
      14,
      15,
      16,
      17,
      18,
      19,
      20,
      21,
      22,
      23,
      24,
      25,
      26,
      27,
      28,
      29,
      30,
      31,
      32,
      33,
      34,
      35,
      36,
      37,
      38,
      39,
      40,
      41,
      42,
      43,
      44,
      45,
      46,
      48
    ],