{
  "0.01": {
    "val": [
      -1,
      0,
      1,
      2
    ],
    "counts": [
      1,
      37,
      468,
      494
    ]
  },
  "0.042666666666666665": {
    "val": [
      -1,
      0,
      1,
      2,
      3
    ],
    "counts": [
      1,
      37,
      428,
      349,
      185
    ]
  },
  "0.07533333333333332": {
    "val": [
      -1,
      0,
      1,
      2,
      3,
      4,
      5
    ],
    "counts": [
      1,
      37,
      295,
      128,
      277,
      246,
      16
    ]
  },
  "0.10799999999999998": {
    "val": [
      -1,
      0,
      1,
      2,
      3,
      4,
      5,
      6,
      7,
      8
    ],
    "counts": [
      1,
      37,
      136,
      57,
      90,
      117,
      196,
      249,
      114,
      3
    ]
  },
  "0.14066666666666666": {
    "val": [
      -1,
      0,
      1,
      2,
      3,
      4,
      5,
      6,
      7,
      8,
      9,
      10,
      11,
      12,
      13
    ],
    "counts": [
      1,
      37,
      60,
      7,
      16,
      19,
      25,
      39,
      52,
      81,
      119,
      184,
      185,
      146,
      29
    ]
  },
  "0.17333333333333334": {
    "val": [
      -1,
      0,
      1,
      2,
      3,
      4,
      5,
      6,
      7,
      8,
      9,
      10,
      11,
      12,
      13,
      14,
      15,
      16,
      17,
      18,
      19,
      20,
      21,
      22,
      23,
      24,
      25
    ],
    "counts": [
      1,
      37,
      27,
      4,
      2,
      2,
      5,
      6,
      11,
      5,
      8,
      9,
      9,
      11,
      11,
      19,
      26,
      29,
      39,
      47,
      76,
      101,
      163,
      161,
      135,
      50,
      6
    ]
  },
  "0.206": {
    "val": [
      -1,
      0,
      1,
      2,
      4,
      6,
      9,
      10,
      12,
      13,
      14,
      15,
      16,
      17,
      18,
      19,
      20,
      21,
      22,
      23,
      24,
      25,
      26,
      27,
      28,
      29,
      30,
      31,
      32,
      33,
      34,
      35,
      36,
      37,
      38,
      39,
      40,
      41,
      42,
      43,
      44,
      45,
      46,
      47,
      48,
      49,
      50
    ],
    "counts": [
      1,
      37,
      14,
      3,
      5,
      1,
      4,
      2,
      7,
      2,
      5,
      1,
      2,
      3,
      4,
      4,
      2,
      1,
      2,
      2,
      1,
      2,
      4,
      5,
      6,
      3,
      5,
      4,
      5,
      8,
      11,
      7,
      9,
      15,
      9,
      21,
      20,
      33,
      43,
      44,
      73,
      102,
      134,
      143,
      122,
      54,
      15
    ]
  },
  "0.23866666666666664": {
    "val": [
      -2147483648,
      -1,
      0,
      1,
      4,
      5,
      6,
      8,
      13,
      15,
      16,
      18,
      22,
      24,
      26,
      28,
      30,
      34,
      39
    ],
    "counts": [
      935,
      1,
      37,
      9,
      1,
      3,
      1,
      1,
      1,
      1,
      2,
      1,
      1,
      1,
      1,
      1,
      1,
      1,
      1
    ]
  },
  "0.2713333333333333": {
    "val": [
      -2147483648,
      -1,
      0,
      1,
      10,
      16,
      17
    ],
    "counts": [
      952,
      1,
      37,
      6,
      2,
      1,
      1
    ]
  },
  "0.304": {
    "val": [
      -2147483648,
      -1,
      0,
      1
    ],
    "counts": [
      961,
      1,
      37,
      1
    ]
  },
  "0.33666666666666667": {
    "val": [
      -2147483648,
      -1,
      0
    ],
    "counts": [
      962,
      1,
      37
    ]
  },
  "0.3693333333333333": {
    "val": [
      -2147483648,
      -1,
      0
    ],
    "counts": [
      962,
      1,
      37
    ]
  },
  "0.40199999999999997": {
    "val": [
      -2147483648,
      -1,
      0
    ],
    "counts": [
      962,
      1,
      37
    ]
  },
  "0.43466666666666665": {
    "val": [
      -2147483648,
      -1,
      0
    ],
    "counts": [
      962,
      1,
      37
    ]
  },
  "0.46733333333333327": {
    "val": [
      -2147483648,
      -1,
      0
    ],
    "counts": [
      962,
      1,
      37
    ]
  },
  "0.5": {
    "val": [
      -2147483648,
      -1,
      0
    ],
    "counts": [
      962,
      1,
      37
    ]
  }
}