{
  "0.01": {
    "val": [
      -1,
      0,
      1,
      2,
      3
    ],
    "counts": [
      1,
      19,
      109,
      613,
      258
    ]
  },
  "0.042666666666666665": {
    "val": [
      -1,
      0,
      1,
      2,
      3,
      4,
      5,
      6
    ],
    "counts": [
      1,
      19,
      109,
      65,
      238,
      418,
      141,
      9
    ]
  },
  "0.07533333333333332": {
    "val": [
      -1,
      0,
      1,
      2,
      3,
      4,
      5,
      6,
      7,
      8,
      9,
      10,
      11,
      12
    ],
    "counts": [
      1,
      19,
      17,
      13,
      24,
      33,
      22,
      33,
      61,
      114,
      232,
      254,
      155,
      22
    ]
  },
  "0.10799999999999998": {
    "val": [
      -1,
      0,
      1,
      2,
      3,
      4,
      5,
      6,
      7,
      8,
      9,
      10,
      11,
      12,
      13,
      14,
      15,
      16,
      17,
      18,
      19,
      20
    ],
    "counts": [
      1,
      19,
      14,
      4,
      4,
      8,
      14,
      9,
      17,
      15,
      16,
      15,
      19,
      34,
      35,
      68,
      128,
      170,
      154,
      168,
      85,
      3
    ]
  },
  "0.14066666666666666": {
    "val": [
      -1,
      0,
      1,
      2,
      3,
      4,
      5,
      6,
      7,
      8,
      9,
      10,
      11,
      12,
      13,
      14,
      15,
      16,
      17,
      18,
      19,
      20,
      21,
      22,
      23,
      24,
      25,
      26,
      27,
      28,
      29,
      30,
      31,
      32,
      33,
      34,
      35,
      36,
      37,
      38
    ],
    "counts": [
      1,
      19,
      10,
      3,
      3,
      4,
      4,
      5,
      3,
      5,
      6,
      3,
      7,
      3,
      4,
      3,
      7,
      4,
      5,
      7,
      12,
      11,
      11,
      12,
      12,
      19,
      21,
      15,
      23,
      37,
      39,
      69,
      81,
      89,
      114,
      130,
      126,
      63,
      9,
      1
    ]
  },
  "0.17333333333333334": {
    "val": [
      -1,
      0,
      1,
      2,
      3,
      4,
      5,
      6,
      7,
      8,
      9,
      10,
      11,
      12,
      13,
      14,
      15,
      16,
      17,
      18,
      19,
      20,
      21,
      22,
      23,
      24,
      25,
      26,
      27,
      28,
      29,
      30,
      31,
      32,
      33,
      34,
      35,
      36,
      37,
      38,
      39,
      40,
      41,
      42,
      43,
      44,
      45,
      46,
      47,
      48,
      49,
      50,
      51,
      52,
      53,
      54,
      55,
      56,
      57,
      58,
      59,
      60,
      61
    ],
    "counts": [
      1,
      19,
      10,
      2,
      2,
      2,
      4,
      4,
      3,
      2,
      5,
      4,
      3,
      2,
      2,
      4,
      3,
      4,
      3,
      3,
      4,
      2,
      3,
      2,
      2,
      5,
      3,
      4,
      5,
      1,
      4,
      7,
      3,
      2,
      6,
      5,
      3,
      7,
      7,
      3,
      6,
      5,
      7,
      13,
      12,
      13,
      10,
      19,
      24,
      24,
      22,
      32,
      34,
      36,
      55,
      59,
      85,
      78,
      96,
      96,
      77,
      35,
      2
    ]
  },
  "0.206": {
    "val": [
      -1,
      0,
      1,
      2,
      3,
      4,
      5,
      6,
      7,
      9,
      10,
      11,
      12,
      13,
      14,
      16,
      17,
      18,
      19,
      20,
      21,
      22,
      23,
      24,
      25,
      26,
      27,
      28,
      29,
      30,
      31,
      32,
      33,
      34,
      35,
      36,
      37,
      38,
      39,
      40,
      41,
      42,
      43,
      44,
      45,
      46,
      47,
      48,
      49,
      50,
      51,
      52,
      53,
      54,
      55,
      56,
      57,
      58,
      59,
      60,
      61,
      62,
      63,
      64,
      65,
      66,
      67,
      68,
      69,
      70,
      71,
      72,
      73,
      74,
      75,
      76,
      77,
      78,
      79,
      80,
      81,
      82,
      83,
      84,
      85,
      86,
      87,
      88,
      89,
      90,
      91,
      92,
      93,
      94,
      95,
      96,
      97,
      98,
      99
    ],
    "counts": [
      1,
      19,
      8,
      2,
      2,
      3,
      3,
      2,
      4,
      4,
      1,
      5,
      3,
      3,
      3,
      2,
      4,
      3,
      2,
      2,
      4,
      2,
      4,
      2,
      1,
      3,
      1,
      2,
      4,
      3,
      3,
      2,
      3,
      1,
      2,
      4,
      5,
      1,
      2,
      5,
      1,
      4,
      1,
      5,
      2,
      5,
      2,
      2,
      2,
      4,
      2,
      2,
      3,
      1,
      3,
      2,
      4,
      3,
      2,
      6,
      3,
      2,
      6,
      3,
      4,
      6,
      4,
      3,
      6,
      5,
      9,
      8,
      12,
      13,
      7,
      12,
      10,
      7,
      11,
      6,
      14,
      16,
      11,
      16,
      17,
      17,
      17,
      32,
      22,
      29,
      45,
      57,
      77,
      68,
      66,
      63,
      64,
      32,
      14
    ]
  },
  "0.23866666666666664": {
    "val": [
      -1,
      0,
      1,
      2,
      3,
      4,
      5,
      6,
      7,
      8,
      9,
      10,
      11,
      12,
      13,
      14,
      15,
      16,
      17,
      18,
      20,
      21,
      22,
      23,
      24,
      25,
      26,
      27,
      28,
      29,
      30,
      31,
      32,
      33,
      34,
      35,
      36,
      37,
      38,
      39,
      40,
      41,
      43,
      44,
      45,
      46,
      47,
      48,
      49,
      50,
      51,
      52,
      53,
      54,
      55,
      56,
      57,
      59,
      60,
      61,
      62,
      63,
      65,
      66,
      67,
      68,
      69,
      70,
      71,
      72,
      73,
      74,
      75,
      76,
      77,
      78,
      79,
      80,
      81,
      82,
      83,
      84,
      85,
      86,
      87,
      88,
      89,
      90,
      91,
      92,
      93,
      94,
      95,
      96,
      97,
      98,
      99,
      100,
      101,
      102,
      103,
      104,
      105,
      106,
      107,
      108,
      109,
      110,
      111,
      112,
      113,
      114,
      115,
      116,
      117,
      118,
      119,
      120,
      121,
      122,
      123,
      124,
      125,
      126,
      127,
      128,
      129,
      130,
      131,
      132,
      133,
      134,
      135,
      136
    ],
    "counts": [
      1,
      19,
      7,
      1,
      2,
      2,
      1,
      3,
      4,
      1,
      2,
      2,
      2,
      1,
      2,
      4,
      2,
      3,
      3,
      1,
      3,
      1,
      4,
      1,
      3,
      2,
      2,
      3,
      3,
      1,
      2,
      2,
      1,
      2,
      1,
      1,
      2,
      4,
      4,
      1,
      2,
      3,
      2,
      3,
      4,
      2,
      2,
      1,
      5,
      2,
      2,
      1,
      3,
      3,
      4,
      3,
      2,
      3,
      2,
      2,
      2,
      3,
      3,
      1,
      3,
      1,
      3,
      2,
      2,
      2,
      4,
      3,
      2,
      2,
      4,
      1,
      3,
      2,
      5,
      4,
      2,
      3,
      3,
      3,
      4,
      4,
      1,
      4,
      2,
      4,
      8,
      6,
      7,
      11,
      6,
      5,
      8,
      5,
      7,
      6,
      7,
      4,
      14,
      5,
      8,
      9,
      9,
      12,
      4,
      15,
      10,
      11,
      7,
      17,
      15,
      16,
      12,
      20,
      17,
      17,
      24,
      24,
      36,
      33,
      41,
      40,
      55,
      55,
      46,
      38,
      32,
      20,
      15,
      4
    ]
  },