{
  "0.01": {
    "val": [
      -1,
      0,
      1,
      2,
      3
    ],
    "counts": [
      1,
      35,
      421,
      513,
      30
    ]
  },
  "0.042666666666666665": {
    "val": [
      -1,
      0,
      1,
      2,
      3,
      4
    ],
    "counts": [
      1,
      35,
      398,
      479,
      86,
      1
    ]
  },
  "0.07533333333333332": {
    "val": [
      -1,
      0,
      1,
      2,
      3,
      4
    ],
    "counts": [
      1,
      35,
      343,
      341,
      247,
      33
    ]
  },
  "0.10799999999999998": {
    "val": [
      -1,
      0,
      1,
      2,
      3,
      4,
      5
    ],
    "counts": [
      1,
      35,
      251,
      244,
      305,
      146,
      18
    ]
  },
  "0.14066666666666666": {
    "val": [
      -1,
      0,
      1,
      2,
      3,
      4,
      5,
      6,
      7
    ],
    "counts": [
      1,
      35,
      166,
      147,
      200,
      261,
      145,
      42,
      3
    ]
  },
  "0.17333333333333334": {
    "val": [
      -1,
      0,
      1,
      2,
      3,
      4,
      5,
      6,
      7,
      8
    ],
    "counts": [
      1,
      35,
      108,
      81,
      109,
      160,
      194,
      195,
      94,
      23
    ]
  },
  "0.206": {
    "val": [
      -1,
      0,
      1,
      2,
      3,
      4,
      5,
      6,
      7,
      8,
      9,
      10,
      11
    ],
    "counts": [
      1,
      35,
      80,
      56,
      60,
      89,
      108,
      143,
      161,
      164,
      77,
      23,
      3
    ]
  },
  "0.23866666666666664": {
    "val": [
      -1,
      0,
      1,
      2,
      3,
      4,
      5,
      6,
      7,
      8,
      9,
      10,
      11,
      12,
      13,
      14
    ],
    "counts": [
      1,
      35,
      64,
      35,
      46,
      46,
      61,
      70,
      86,
      101,
      129,
      119,
      109,
      65,
      29,
      4
    ]
  },
  "0.2713333333333333": {
    "val": [
      -1,
      0,
      1,
      2,
      3,
      4,
      5,
      6,
      7,
      8,
      9,
      10,
      11,
      12,
      13,
      14,
      15,
      16,
      17,
      18
    ],
    "counts": [
      1,
      35,
      42,
      28,
      27,
      40,
      32,
      37,
      48,
      58,
      62,
      63,
      63,
      102,
      98,
      114,
      75,
      56,
      18,
      1
    ]
  },
  "0.304": {
    "val": [
      -1,
      0,
      1,
      2,
      3,
      4,
      5,
      6,
      7,
      8,
      9,
      10,
      11,
      12,
      13,
      14,
      15,
      16,
      17,
      18,
      19,
      20,
      21,
      22,
      23,
      24,
      25,
      26,
      27
    ],
    "counts": [
      1,
      35,
      27,
      16,
      21,
      18,
      25,
      26,
      24,
      13,
      24,
      20,
      27,
      32,
      32,
      46,
      39,
      41,
      54,
      42,
      46,
      67,
      81,
      93,
      72,
      45,
      25,
      7,
      1
    ]
  },
  "0.33666666666666667": {
    "val": [
      -1,
      0,
      1,
      2,
      3,
      4,
      5,
      6,
      7,
      8,
      9,
      10,
      11,
      12,
      13,
      14,
      15,
      16,
      17,
      18,
      19,
      20,
      21,
      22,
      23,
      24,
      25,
      26,
      27,
      28,
      29,
      30,
      31,
      32,
      33,
      34,
      35,
      36,
      37,
      38,
      39,
      40,
      41,
      42,
      43,
      44,
      45,
      46,
      47,
      48,
      49,
      50,
      51,
      52,
      53,
      54,
      55,
      56,
      57,
      58,
      59,
      60,
      61,
      62,
      63,
      64
    ],
    "counts": [
      1,
      35,
      18,
      7,
      7,
      5,
      7,
      7,
      6,
      6,
      6,
      12,
      13,
      14,
      13,
      15,
      8,
      5,
      6,
      8,
      9,
      7,
      2,
      5,
      2,
      3,
      4,
      2,
      6,
      8,
      10,
      10,
      9,
      9,
      5,
      16,
      17,
      16,
      25,
      29,
      28,
      19,
      27,
      25,
      12,
      8,
      13,
      18,
      14,
      9,
      10,
      10,
      10,
      7,
      12,
      21,
      34,
      41,
      36,
      54,
      63,
      57,
      50,
      23,
      5,
      1
    ]
  },
  "0.3693333333333333": {
    "val": [
      -2147483648,
      -1,
      0,
      1,
      3,
      4,
      5,
      6,
      7,
      8,
      9
    ],
    "counts": [
      932,
      1,
      35,
      16,
      5,
      4,
      2,
      1,
      2,
      1,
      1
    ]
  },
  "0.40199999999999997": {
    "val": [
      -2147483648,
      -1,
      0,
      1
    ],
    "counts": [
      956,
      1,
      35,
      8
    ]
  },
  "0.43466666666666665": {
    "val": [
      -2147483648,
      -1,
      0,
      1,
      2
    ],
    "counts": [
      957,
      1,
      35,
      6,
      1
    ]
  },
  "0.46733333333333327": {
    "val": [
      -2147483648,
      -1,
      0,
      1
    ],
    "counts": [
      960,
      1,
      35,
      4
    ]
  },
  "0.5": {
    "val": [
      -2147483648,
      -1,
      0,
      1
    ],
    "counts": [
      960,
      1,
      35,
      4
    ]
  }
}