{
  "0.01": {
    "val": [
      -1,
      0,
      1,
      2,
      3,
      4,
      5
    ],
    "counts": [
      1,
      34,
      190,
      377,
      213,
      171,
      14
    ]
  },
  "0.042666666666666665": {
    "val": [
      -1,
      0,
      1,
      2,
      3,
      4,
      5,
      6,
      7
    ],
    "counts": [
      1,
      34,
      171,
      278,
      193,
      132,
      130,
      59,
      2
    ]
  },
  "0.07533333333333332": {
    "val": [
      -1,
      0,
      1,
      2,
      3,
      4,
      5,
      6,
      7,
      8,
      9
    ],
    "counts": [
      1,
      34,
      141,
      140,
      178,
      143,
      100,
      103,
      104,
      47,
      9
    ]
  },
  "0.10799999999999998": {
    "val": [
      -1,
      0,
      1,
      2,
      3,
      4,
      5,
      6,
      7,
      8,
      9,
      10,
      11,
      12
    ],
    "counts": [
      1,
      34,
      114,
      63,
      126,
      133,
      123,
      86,
      74,
      80,
      83,
      51,
      29,
      3
    ]
  },
  "0.14066666666666666": {
    "val": [
      -1,
      0,
      1,
      2,
      3,
      4,
      5,
      6,
      7,
      8,
      9,
      10,
      11,
      12,
      13,
      14,
      15
    ],
    "counts": [
      1,
      34,
      90,
      40,
      61,
      98,
      73,
      104,
      119,
      68,
      56,
      61,
      55,
      61,
      36,
      30,
      13
    ]
  },
  "0.17333333333333334": {
    "val": [
      -1,
      0,
      1,
      2,
      3,
      4,
      5,
      6,
      7,
      8,
      9,
      10,
      11,
      12,
      13,
      14,
      15,
      16,
      17,
      18,
      19,
      20
    ],
    "counts": [
      1,
      34,
      67,
      30,
      27,
      41,
      61,
      62,
      52,
      63,
      88,
      78,
      60,
      28,
      36,
      50,
      51,
      56,
      49,
      24,
      25,
      17
    ]
  },
  "0.206": {
    "val": [
      -1,
      0,
      1,
      2,
      3,
      4,
      5,
      6,
      7,
      8,
      9,
      10,
      11,
      12,
      13,
      14,
      15,
      16,
      17,
      18,
      19,
      20,
      21,
      22,
      23,
      24,
      25,
      26
    ],
    "counts": [
      1,
      34,
      53,
      25,
      20,
      24,
      32,
      45,
      44,
      34,
      34,
      50,
      59,
      57,
      64,
      59,
      37,
      17,
      16,
      38,
      30,
      44,
      42,
      56,
      32,
      16,
      22,
      15
    ]
  },
  "0.23866666666666664": {
    "val": [
      -1,
      0,
      1,
      2,
      3,
      4,
      5,
      6,
      7,
      8,
      9,
      10,
      11,
      12,
      13,
      14,
      15,
      16,
      17,
      18,
      19,
      20,
      21,
      22,
      23,
      24,
      25,
      26,
      27,
      28,
      29,
      30,
      31,
      32,
      33,
      34,
      35
    ],
    "counts": [
      1,
      34,
      49,
      20,
      11,
      13,
      24,
      19,
      32,
      37,
      28,
      31,
      25,
      28,
      35,
      35,
      36,
      42,
      50,
      53,
      39,
      29,
      15,
      9,
      17,
      27,
      16,
      30,
      37,
      33,
      48,
      34,
      7,
      11,
      18,
      22,
      5
    ]
  },
  "0.2713333333333333": {
    "val": [
      -1,
      0,
      1,
      2,
      3,
      4,
      5,
      6,
      7,
      8,
      9,
      10,
      11,
      12,
      13,
      14,
      15,
      16,
      17,
      18,
      19,
      20,
      21,
      22,
      23,
      24,
      25,
      26,
      27,
      28,
      29,
      30,
      31,
      32,
      33,
      34,
      35,
      36,
      37,
      38,
      39,
      40,
      41,
      42,
      43,
      44,
      45,
      46
    ],
    "counts": [
      1,
      34,
      43,
      18,
      11,
      9,
      10,
      15,
      16,
      17,
      25,
      18,
      15,
      20,
      28,
      17,
      17,
      22,
      28,
      27,
      25,
      30,
      23,
      39,
      40,
      39,
      37,
      26,
      17,
      13,
      8,
      7,
      8,
      18,
      20,
      11,
      18,
      34,
      23,
      36,
      35,
      29,
      16,
      9,
      11,
      20,
      13,
      4
    ]
  },
  "0.304": {
    "val": [
      -2147483648,
      -1,
      0,
      1,
      2,
      3,
      4,
      5,
      6,
      7,
      8,
      9,
      10,
      11,
      12,
      13,
      14,
      15,
      16,
      17,
      18,
      19,
      20,
      21,
      22,
      23,
      24,
      25,
      26,
      27,
      28,
      29,
      30,
      31,
      32,
      33,
      34,
      35,
      36,
      37,
      38,
      39,
      40,
      41,
      42,
      43,
      44,
      45,
      46,
      47,
      48,
      50,
      52,
      53,
      55,
      56,
      57,
      58,
      59,
      60,
      61,
      62,
      63,
      64,
      65,
      66,
      67,
      68,
      69,
      70,
      71,
      72,
      73,
      74,
      75,
      76,
      77,
      78
    ],
    "counts": [
      219,
      1,
      34,
      34,
      16,
      10,
      5,
      7,
      3,
      2,
      6,
      6,
      3,
      10,
      9,
      13,
      13,
      7,
      6,
      5,
      7,
      5,
      5,
      3,
      6,
      11,
      14,
      13,
      15,
      16,
      13,
      12,
      7,
      19,
      16,
      19,
      23,
      15,
      15,
      17,
      18,
      21,
      29,
      36,
      14,
      9,
      17,
      21,
      14,
      3,
      3,
      1,
      1,
      1,
      2,
      4,
      2,
      1,
      2,
      3,
      1,
      5,
      4,
      1,
      4,
      3,
      8,
      7,
      10,
      10,
      8,
      9,
      9,
      12,
      10,
      15,
      17,
      5
    ]
  },
  "0.33666666666666667": {
    "val": [
      -2147483648,
      -1,
      0,
      1,
      2,
      3,
      4,
      5,
      6,
      7,
      8,
      10,
      11,
      12,
      14,
      16,
      17,
      18,
      19,
      20,
      21,
      22,
      23,
      24,
      25,
      26,
      27,
      28,
      29,
      30,
      32
    ],
    "counts": [
      826,
      1,
      34,
      26,
      11,
      13,
      5,
      4,
      5,
      4,
      2,
      2,
      3,
      3,
      2,
      1,
      1,
      1,
      2,
      3,
      2,
      6,
      8,
      7,
      8,
      10,
      3,
      1,
      3,
      2,
      1
    ]
  },
  "0.3693333333333333": {
    "val": [
      -2147483648,
      -1,
      0,
      1,
      2,
      3,
      4,
      6,
      7,
      8,
      9,
      10,
      11,
      12,
      13,
      15,
      16
    ],
    "counts": [
      892,
      1,
      34,
      26,
      10,
      11,
      5,
      1,
      3,
      3,
      3,
      4,
      3,
      1,
      1,
      1,
      1
    ]
  },
  "0.40199999999999997": {
    "val": [
      -2147483648,
      -1,
      0,
      1,
      2,
      3,
      4,
      5
    ],
    "counts": [
      917,
      1,
      34,
      22,
      7,
      9,
      6,
      4
    ]
  },
  "0.43466666666666665": {
    "val": [
      -2147483648,
      -1,
      0,
      1,
      2,
      3,
      4,
      5,
      6
    ],
    "counts": [
      918,
      1,
      34,
      21,
      6,
      10,
      5,
      4,
      1
    ]
  },
  "0.46733333333333327": {
    "val": [
      -2147483648,
      -1,
      0,
      1,
      2,
      3,
      4,
      5,
      6,
      7,
      9,
      10,
      11,
      12
    ],
    "counts": [
      918,
      1,
      34,
      15,
      5,
      4,
      6,
      4,
      3,
      1,
      2,
      2,
      3,
      2
    ]
  },