{
  "0.01": {
    "val": [
      -1,
      0,
      1,
      2
    ],
    "counts": [
      1,
      60,
      775,
      164
    ]
  },
  "0.042666666666666665": {
    "val": [
      -1,
      0,
      1,
      2
    ],
    "counts": [
      1,
      60,
      689,
      250
    ]
  },
  "0.07533333333333332": {
    "val": [
      -1,
      0,
      1,
      2,
      3
    ],
    "counts": [
      1,
      60,
      451,
      487,
      1
    ]
  },
  "0.10799999999999998": {
    "val": [
      -1,
      0,
      1,
      2,
      3
    ],
    "counts": [
      1,
      60,
      309,
      615,
      15
    ]
  },
  "0.14066666666666666": {
    "val": [
      -1,
      0,
      1,
      2,
      3
    ],
    "counts": [
      1,
      60,
      180,
      542,
      217
    ]
  },
  "0.17333333333333334": {
    "val": [
      -1,
      0,
      1,
      2,
      3,
      4
    ],
    "counts": [
      1,
      60,
      100,
      288,
      526,
      25
    ]
  },
  "0.206": {
    "val": [
      -1,
      0,
      1,
      2,
      3,
      4,
      5
    ],
    "counts": [
      1,
      60,
      46,
      85,
      221,
      497,
      90
    ]
  },
  "0.23866666666666664": {
    "val": [
      -1,
      0,
      1,
      2,
      3,
      4,
      5,
      6,
      7
    ],
    "counts": [
      1,
      60,
      23,
      26,
      40,
      93,
      219,
      463,
      75
    ]
  },
  "0.2713333333333333": {
    "val": [
      -1,
      0,
      1,
      2,
      3,
      4,
      5,
      6,
      7,
      8,
      9,
      10,
      11,
      12,
      13,
      14,
      15,
      16,
      17,
      18
    ],
    "counts": [
      1,
      60,
      10,
      4,
      6,
      3,
      4,
      5,
      4,
      6,
      5,
      9,
      10,
      17,
      25,
      50,
      93,
      234,
      392,
      62
    ]
  },
  "0.304": {
    "val": [
      -2147483648,
      -1,
      0,
      1,
      2
    ],
    "counts": [
      931,
      1,
      60,
      6,
      2
    ]
  },
  "0.33666666666666667": {
    "val": [
      -2147483648,
      -1,
      0,
      1,
      2
    ],
    "counts": [
      934,
      1,
      60,
      4,
      1
    ]
  },
  "0.3693333333333333": {
    "val": [
      -2147483648,
      -1,
      0,
      1,
      2
    ],
    "counts": [
      935,
      1,
      60,
      3,
      1
    ]
  },
  "0.40199999999999997": {
    "val": [
      -2147483648,
      -1,
      0,
      1
    ],
    "counts": [
      937,
      1,
      60,
      2
    ]
  },
  "0.43466666666666665": {
    "val": [
      -2147483648,
      -1,
      0,
      1
    ],
    "counts": [
      938,
      1,
      60,
      1
    ]
  },
  "0.46733333333333327": {
    "val": [
      -2147483648,
      -1,
      0,
      1
    ],
    "counts": [
      938,
      1,
      60,
      1
    ]
  },
  "0.5": {
    "val": [
      -2147483648,
      -1,
      0,
      1
    ],
    "counts": [
      938,
      1,
      60,
      1
    ]
  }
}