{
  "0.01": {
    "val": [
      -1,
      0,
      1,
      2,
      3
    ],
    "counts": [
      1,
      57,
      519,
      334,
      89
    ]
  },
  "0.042666666666666665": {
    "val": [
      -1,
      0,
      1,
      2,
      3,
      4,
      5,
      6,
      7,
      8
    ],
    "counts": [
      1,
      57,
      442,
      41,
      30,
      104,
      144,
      98,
      64,
      19
    ]
  },
  "0.07533333333333332": {
    "val": [
      -1,
      0,
      1,
      2,
      3,
      4,
      5,
      6,
      7,
      8,
      9,
      10,
      11,
      12,
      13,
      14,
      15,
      16
    ],
    "counts": [
      1,
      57,
      295,
      30,
      26,
      38,
      25,
      38,
      40,
      56,
      72,
      73,
      73,
      59,
      63,
      27,
      17,
      10
    ]
  },
  "0.10799999999999998": {
    "val": [
      -1,
      0,
      1,
      2,
      3,
      4,
      5,
      6,
      7,
      8,
      9,
      10,
      11,
      12,
      13,
      14,
      15,
      16,
      17,
      18,
      19,
      20,
      21,
      22,
      23,
      24,
      25,
      26,
      27,
      28
    ],
    "counts": [
      1,
      57,
      200,
      7,
      17,
      13,
      11,
      19,
      16,
      23,
      15,
      12,
      22,
      25,
      30,
      31,
      36,
      33,
      49,
      47,
      48,
      51,
      52,
      52,
      38,
      39,
      27,
      17,
      8,
      4
    ]
  },
  "0.14066666666666666": {
    "val": [
      -1,
      0,
      1,
      2,
      3,
      4,
      5,
      6,
      7,
      8,
      9,
      10,
      11,
      12,
      13,
      14,
      15,
      16,
      17,
      18,
      19,
      20,
      21,
      22,
      23,
      24,
      25,
      26,
      27,
      28,
      29,
      30,
      31,
      32,
      33,
      34,
      35,
      36,
      37,
      38,
      39,
      40,
      41,
      42,
      43,
      44
    ],
    "counts": [
      1,
      57,
      164,
      3,
      8,
      5,
      8,
      8,
      9,
      9,
      7,
      5,
      6,
      7,
      11,
      13,
      9,
      9,
      17,
      12,
      10,
      12,
      12,
      13,
      21,
      18,
      24,
      18,
      26,
      30,
      32,
      36,
      29,
      35,
      45,
      40,
      34,
      42,
      35,
      34,
      29,
      24,
      16,
      12,
      4,
      1
    ]
  },
  "0.17333333333333334": {
    "val": [
      -1,
      0,
      1,
      2,
      3,
      4,
      5,
      6,
      7,
      8,
      9,
      10,
      11,
      12,
      13,
      14,
      15,
      16,
      17,
      18,
      19,
      20,
      21,
      22,
      23,
      24,
      25,
      26,
      27,
      28,
      29,
      30,
      31,
      32,
      33,
      34,
      35,
      36,
      37,
      38,
      39,
      40,
      41,
      42,
      43,
      44,
      45,
      46,
      47,
      48,
      49,
      50,
      51,
      52,
      53,
      54,
      55,
      56,
      57,
      58,
      59,
      60,
      61,
      62,
      63
    ],
    "counts": [
      1,
      57,
      127,
      5,
      7,
      5,
      5,
      6,
      4,
      11,
      4,
      6,
      4,
      3,
      7,
      5,
      4,
      9,
      3,
      8,
      7,
      6,
      8,
      7,
      8,
      6,
      6,
      9,
      8,
      9,
      3,
      7,
      6,
      8,
      10,
      10,
      7,
      6,
      19,
      20,
      12,
      11,
      20,
      17,
      15,
      17,
      21,
      20,
      27,
      26,
      32,
      38,
      27,
      29,
      30,
      43,
      36,
      36,
      26,
      14,
      19,
      20,
      6,
      5,
      2
    ]
  },
  "0.206": {
    "val": [
      -1,
      0,
      1,
      2,
      3,
      4,
      5,
      6,
      7,
      8,
      9,
      10,
      11,
      12,
      13,
      14,
      15,
      16,
      17,
      18,
      19,
      20,
      21,
      22,
      23,
      24,
      25,
      26,
      27,
      28,
      29,
      30,
      31,
      32,
      33,
      34,
      35,
      36,
      37,
      38,
      39,
      40,
      41,
      42,
      43,
      44,
      45,
      46,
      47,
      48,
      49,
      50,
      51,
      52,
      53,
      54,
      55,
      56,
      57,
      58,
      59,
      60,
      61,
      62,
      63,
      64,
      65,
      66,
      67,
      68,
      69,
      70,
      71,
      72,
      73,
      74,
      75,
      76,
      77,
      78,
      79,
      80,
      81,
      82,
      83,
      84,
      85,
      86,
      87,
      88
    ],
    "counts": [
      1,
      57,
      101,
      2,
      6,
      3,
      5,
      11,
      4,
      6,
      3,
      4,
      7,
      4,
      4,
      1,
      6,
      3,
      2,
      5,
      4,
      2,
      3,
      3,
      3,
      4,
      4,
      5,
      1,
      7,
      9,
      2,
      2,
      6,
      8,
      6,
      5,
      3,
      7,
      3,
      6,
      6,
      6,
      7,
      4,
      7,
      5,
      5,
      4,
      6,
      5,
      3,
      9,
      9,
      12,
      7,
      7,
      7,
      9,
      11,
      4,
      12,
      9,
      14,
      10,
      17,
      16,
      18,
      20,
      16,
      19,
      19,
      16,
      25,
      28,
      23,
      22,
      38,
      32,
      35,
      38,
      29,
      17,
      16,
      10,
      19,
      11,
      6,
      3,
      1
    ]
  },
  "0.23866666666666664": {
    "val": [
      -2147483648,
      -1,
      0,
      1,
      2,
      3,
      4,
      5,
      6,
      7,
      8,
      9,
      10,
      11,
      12,
      13,
      14,
      15,
      16,
      17,
      18,
      19,
      20,
      21,
      22,
      23,
      25
    ],
    "counts": [
      784,
      1,
      57,
      78,
      1,
      5,
      4,
      5,
      4,
      2,
      1,
      5,
      3,
      7,
      3,
      1,
      9,
      4,
      5,
      2,
      4,
      1,
      5,
      2,
      2,
      1,
      4
    ]
  },
  "0.2713333333333333": {
    "val": [
      -2147483648,
      -1,
      0,
      1,
      2,
      4
    ],
    "counts": [
      873,
      1,
      57,
      59,
      2,
      8
    ]
  },
  "0.304": {
    "val": [
      -2147483648,
      -1,
      0,
      1,
      3
    ],
    "counts": [
      895,
      1,
      57,
      40,
      7
    ]
  },
  "0.33666666666666667": {
    "val": [
      -2147483648,
      -1,
      0,
      1,
      2,
      3,
      5
    ],
    "counts": [
      911,
      1,
      57,
      28,
      1,
      1,
      1
    ]
  },
  "0.3693333333333333": {
    "val": [
      -2147483648,
      -1,
      0,
      1
    ],
    "counts": [
      916,
      1,
      57,
      26
    ]
  },
  "0.40199999999999997": {
    "val": [
      -2147483648,
      -1,
      0,
      1,
      2
    ],
    "counts": [
      920,
      1,
      57,
      21,
      1
    ]
  },
  "0.43466666666666665": {
    "val": [
      -2147483648,
      -1,
      0,
      1
    ],
    "counts": [
      931,
      1,
      57,
      11
    ]
  },
  "0.46733333333333327": {
    "val": [
      -2147483648,
      -1,
      0,
      1
    ],
    "counts": [
      935,
      1,
      57,
      7
    ]
  },
  "0.5": {
    "val": [
      -2147483648,
      -1,
      0,
      1
    ],
    "counts": [
      937,
      1,
      57,
      5
    ]
  }
}