{
  "0.01": {
    "val": [
      -1,
      0,
      1,
      2,
      3,
      4,
      5,
      6,
      7,
      8,
      9,
      10,
      11,
      12,
      13,
      14
    ],
    "counts": [
      1,
      57,
      244,
      9,
      42,
      57,
      30,
      54,
      87,
      136,
      120,
      41,
      16,
      32,
      54,
      20
    ]
  },
  "0.042666666666666665": {
    "val": [
      -2147483648,
      -1,
      0,
      1,
      3
    ],
    "counts": [
      696,
      1,
      57,
      243,
      3
    ]
  },
  "0.07533333333333332": {
    "val": [
      -2147483648,
      -1,
      0,
      1,
      2,
      3,
      4,
      6
    ],
    "counts": [
      696,
      1,
      57,
      238,
      3,
      1,
      3,
      1
    ]
  },
  "0.10799999999999998": {
    "val": [
      -2147483648,
      -1,
      0,
      1,
      2,
      3,
      4,
      5,
      6
    ],
    "counts": [
      699,
      1,
      57,
      224,
      7,
      4,
      3,
      4,
      1
    ]
  },
  "0.14066666666666666": {
    "val": [
      -2147483648,
      -1,
      0,
      1,
      2,
      3,
      4,
      5,
      6,
      7,
      8,
      9,
      10,
      11,
      12,
      14
    ],
    "counts": [
      699,
      1,
      57,
      206,
      9,
      10,
      3,
      2,
      2,
      3,
      2,
      1,
      1,
      1,
      2,
      1
    ]
  },
  "0.17333333333333334": {
    "val": [
      -2147483648,
      -1,
      0,
      1,
      2,
      3,
      4,
      5,
      6,
      7,
      8,
      9,
      10,
      11,
      12,
      14
    ],
    "counts": [
      709,
      1,
      57,
      187,
      4,
      10,
      7,
      9,
      4,
      4,
      1,
      2,
      1,
      2,
      1,
      1
    ]
  },
  "0.206": {
    "val": [
      -2147483648,
      -1,
      0,
      1,
      2,
      3,
      4,
      5,
      6,
      7,
      8,
      9,
      10,
      11,
      12,
      13,
      14,
      15
    ],
    "counts": [
      719,
      1,
      57,
      160,
      4,
      14,
      5,
      8,
      5,
      5,
      8,
      4,
      1,
      2,
      1,
      2,
      2,
      2
    ]
  },
  "0.23866666666666664": {
    "val": [
      -2147483648,
      -1,
      0,
      1,
      2,
      3,
      4,
      5,
      6,
      7,
      8,
      9,
      10,
      11,
      12,
      13,
      14,
      15,
      16,
      17,
      18,
      19,
      20,
      21,
      22
    ],
    "counts": [
      722,
      1,
      57,
      134,
      7,
      7,
      8,
      8,
      4,
      5,
      8,
      6,
      3,
      4,
      3,
      3,
      4,
      5,
      1,
      1,
      3,
      2,
      1,
      1,
      2
    ]
  },
  "0.2713333333333333": {
    "val": [
      -2147483648,
      -1,
      0,
      1,
      2,
      3,
      4,
      5,
      6,
      7,
      8,
      9,
      10,
      11,
      12,
      13,
      14,
      15,
      16,
      17,
      18,
      19,
      21
    ],
    "counts": [
      744,
      1,
      57,
      119,
      6,
      6,
      4,
      2,
      6,
      7,
      7,
      3,
      6,
      2,
      2,
      6,
      5,
      4,
      2,
      5,
      2,
      3,
      1
    ]
  },
  "0.304": {
    "val": [
      -2147483648,
      -1,
      0,
      1,
      2,
      3,
      4,
      5,
      6,
      7,
      8,
      9,
      10,
      11,
      12,
      13,
      14,
      15,
      16,
      17,
      18,
      19,
      20,
      21,
      23
    ],
    "counts": [
      760,
      1,
      57,
      99,
      2,
      5,
      3,
      11,
      4,
      4,
      6,
      1,
      2,
      6,
      7,
      5,
      3,
      3,
      2,
      5,
      2,
      2,
      5,
      3,
      2
    ]
  },
  "0.33666666666666667": {
    "val": [
      -2147483648,
      -1,
      0,
      1,
      2,
      3,
      4,
      5,
      6,
      7,
      8,
      9,
      10,
      11,
      12,
      13,
      14,
      15,
      16,
      17,
      18,
      19,
      20,
      21,
      22,
      23,
      24,
      25,
      26,
      27,
      28,
      29,
      30,
      31,
      32,
      33,
      34,
      35,
      36,
      37,
      38
    ],
    "counts": [
      749,
      1,
      57,
      73,
      10,
      2,
      2,
      4,
      4,
      4,
      5,
      3,
      6,
      3,
      3,
      3,
      6,
      4,
      5,
      3,
      3,
      3,
      5,
      4,
      2,
      1,
      7,
      1,
      1,
      2,
      3,
      1,
      2,
      4,
      1,
      1,
      3,
      2,
      4,
      1,
      2
    ]
  },
  "0.3693333333333333": {
    "val": [
      -2147483648,
      -1,
      0,
      1,
      2,
      3,
      4,
      5,
      7
    ],
    "counts": [
      869,
      1,
      57,
      58,
      5,
      3,
      4,
      2,
      1
    ]
  },
  "0.40199999999999997": {
    "val": [
      -2147483648,
      -1,
      0,
      1,
      2,
      3,
      4,
      6
    ],
    "counts": [
      890,
      1,
      57,
      43,
      5,
      1,
      1,
      2
    ]
  },
  "0.43466666666666665": {
    "val": [
      -2147483648,
      -1,
      0,
      1,
      2,
      4
    ],
    "counts": [
      905,
      1,
      57,
      33,
      3,
      1
    ]
  },
  "0.46733333333333327": {
    "val": [
      -2147483648,
      -1,
      0,
      1,
      2,
      4
    ],
    "counts": [
      918,
      1,
      57,
      20,
      3,
      1
    ]
  },
  "0.5": {
    "val": [
      -2147483648,
      -1,
      0,
      1
    ],
    "counts": [
      922,
      1,
      57,
      20
    ]
  }
}