{
  "0.01": {
    "val": [
      -1,
      0,
      1,
      2
    ],
    "counts": [
      1,
      60,
      775,
      164
    ]
  },
  "0.042666666666666665": {
    "val": [
      -1,
      0,
      1,
      2,
      3
    ],
    "counts": [
      1,
      60,
      689,
      249,
      1
    ]
  },
  "0.07533333333333332": {
    "val": [
      -1,
      0,
      1,
      2,
      3,
      4
    ],
    "counts": [
      1,
      60,
      451,
      305,
      180,
      3
    ]
  },
  "0.10799999999999998": {
    "val": [
      -1,
      0,
      1,
      2,
      3,
      4,
      5
    ],
    "counts": [
      1,
      60,
      309,
      137,
      270,
      201,
      22
    ]
  },
  "0.14066666666666666": {
    "val": [
      -1,
      0,
      1,
      2,
      3,
      4,
      5,
      6,
      7
    ],
    "counts": [
      1,
      60,
      180,
      71,
      89,
      149,
      231,
      175,
      44
    ]
  },
  "0.17333333333333334": {
    "val": [
      -1,
      0,
      1,
      2,
      3,
      4,
      5,
      6,
      7,
      8,
      9,
      10,
      11
    ],
    "counts": [
      1,
      60,
      100,
      17,
      36,
      46,
      53,
      76,
      130,
      159,
      180,
      122,
      20
    ]
  },
  "0.206": {
    "val": [
      -1,
      0,
      1,
      2,
      3,
      4,
      5,
      6,
      7,
      8,
      9,
      10,
      11,
      12,
      13,
      14,
      15,
      16,
      17,
      18,
      19
    ],
    "counts": [
      1,
      60,
      46,
      9,
      7,
      6,
      15,
      9,
      21,
      24,
      34,
      31,
      45,
      55,
      80,
      119,
      136,
      151,
      115,
      35,
      1
    ]
  },
  "0.23866666666666664": {
    "val": [
      -1,
      0,
      1,
      2,
      3,
      4,
      6,
      7,
      8,
      9,
      10,
      11,
      12,
      13,
      14,
      15,
      16,
      17,
      18,
      19,
      20,
      21,
      22,
      23,
      24,
      25,
      26,
      27,
      28,
      29,
      30,
      31,
      32,
      33,
      34
    ],
    "counts": [
      1,
      60,
      23,
      1,
      3,
      2,
      1,
      2,
      4,
      4,
      5,
      7,
      3,
      7,
      9,
      6,
      7,
      15,
      12,
      12,
      15,
      12,
      25,
      19,
      31,
      29,
      56,
      68,
      74,
      103,
      121,
      129,
      92,
      37,
      5
    ]
  },
  "0.2713333333333333": {
    "val": [
      -1,
      0,
      1,
      5,
      6,
      8,
      13,
      18,
      20,
      23,
      27,
      28,
      32,
      34,
      38,
      39,
      40,
      43,
      46,
      47,
      50,
      53,
      54,
      55,
      56,
      57,
      59,
      62,
      64,
      65,
      68,
      70,
      74,
      75,
      76,
      78,
      79,
      81,
      82,
      83,
      84,
      85,
      86,
      87,
      88,
      89,
      90,
      91,
      92,
      93,
      94,
      95,
      96,
      97,
      98,
      99,
      100,
      101,
      102,
      103,
      104,
      105,
      106,
      107,
      108,
      109,
      110,
      111,
      112,
      113,
      114,
      115,
      116,
      117,
      118,
      119,
      120,
      121,
      122,
      123
    ],
    "counts": [
      1,
      60,
      10,
      1,
      1,
      2,
      1,
      3,
      2,
      2,
      1,
      1,
      1,
      1,
      1,
      1,
      1,
      1,
      1,
      1,
      2,
      1,
      1,
      1,
      1,
      1,
      1,
      1,
      1,
      1,
      1,
      2,
      3,
      2,
      1,
      1,
      1,
      2,
      2,
      2,
      2,
      1,
      2,
      1,
      2,
      1,
      3,
      3,
      3,
      1,
      1,
      4,
      2,
      5,
      6,
      3,
      2,
      7,
      6,
      12,
      8,
      12,
      11,
      5,
      17,
      19,
      17,
      17,
      35,
      33,
      42,
      45,
      60,
      77,
      87,
      110,
      98,
      83,
      34,
      2
    ]
  },
  "0.304": {
    "val": [
      -2147483648,
      -1,
      0,
      1
    ],
    "counts": [
      933,
      1,
      60,
      6
    ]
  },
  "0.33666666666666667": {
    "val": [
      -2147483648,
      -1,
      0,
      1
    ],
    "counts": [
      935,
      1,
      60,
      4
    ]
  },
  "0.3693333333333333": {
    "val": [
      -2147483648,
      -1,
      0,
      1,
      4
    ],
    "counts": [
      935,
      1,
      60,
      3,
      1
    ]
  },
  "0.40199999999999997": {
    "val": [
      -2147483648,
      -1,
      0,
      1
    ],
    "counts": [
      937,
      1,
      60,
      2
    ]
  },
  "0.43466666666666665": {
    "val": [
      -2147483648,
      -1,
      0,
      1
    ],
    "counts": [
      938,
      1,
      60,
      1
    ]
  },
  "0.46733333333333327": {
    "val": [
      -2147483648,
      -1,
      0,
      1
    ],
    "counts": [
      938,
      1,
      60,
      1
    ]
  },
  "0.5": {
    "val": [
      -2147483648,
      -1,
      0,
      1
    ],
    "counts": [
      938,
      1,
      60,
      1
    ]
  }
}