{
  "0.01": {
    "val": [
      -1,
      0,
      1,
      2,
      3,
      4,
      5,
      6,
      7,
      8
    ],
    "counts": [
      1,
      54,
      160,
      122,
      201,
      68,
      38,
      141,
      212,
      3
    ]
  },
  "0.042666666666666665": {
    "val": [
      -1,
      0,
      1,
      2,
      3,
      4,
      5,
      6,
      7,
      8
    ],
    "counts": [
      1,
      54,
      157,
      108,
      189,
      94,
      33,
      110,
      232,
      22
    ]
  },
  "0.07533333333333332": {
    "val": [
      -1,
      0,
      1,
      2,
      3,
      4,
      5,
      6,
      7,
      8,
      9
    ],
    "counts": [
      1,
      54,
      147,
      64,
      159,
      167,
      29,
      61,
      172,
      142,
      4
    ]
  },
  "0.10799999999999998": {
    "val": [
      -1,
      0,
      1,
      2,
      3,
      4,
      5,
      6,
      7,
      8,
      9,
      10,
      11
    ],
    "counts": [
      1,
      54,
      133,
      42,
      81,
      152,
      133,
      15,
      18,
      33,
      99,
      171,
      68
    ]
  },
  "0.14066666666666666": {
    "val": [
      -1,
      0,
      1,
      2,
      3,
      4,
      5,
      6,
      7,
      8,
      9,
      10,
      11,
      12,
      13,
      14,
      15
    ],
    "counts": [
      1,
      54,
      127,
      38,
      37,
      84,
      115,
      134,
      18,
      3,
      9,
      21,
      38,
      91,
      122,
      101,
      7
    ]
  },
  "0.17333333333333334": {
    "val": [
      -1,
      0,
      1,
      2,
      3,
      4,
      5,
      6,
      7,
      8,
      9,
      10,
      11,
      12,
      13,
      14,
      15,
      16,
      17,
      18,
      19,
      20
    ],
    "counts": [
      1,
      54,
      117,
      36,
      21,
      45,
      64,
      50,
      53,
      113,
      51,
      3,
      2,
      4,
      10,
      13,
      20,
      42,
      92,
      105,
      88,
      16
    ]
  },
  "0.206": {
    "val": [
      -2147483648,
      -1,
      0,
      1,
      2,
      3,
      4,
      5,
      6,
      7,
      8
    ],
    "counts": [
      639,
      1,
      54,
      102,
      41,
      17,
      12,
      32,
      48,
      42,
      12
    ]
  },
  "0.23866666666666664": {
    "val": [
      -2147483648,
      -1,
      0,
      1,
      2,
      3,
      4,
      5,
      6,
      7,
      8,
      9
    ],
    "counts": [
      652,
      1,
      54,
      88,
      52,
      20,
      10,
      15,
      34,
      42,
      25,
      7
    ]
  },
  "0.2713333333333333": {
    "val": [
      -2147483648,
      -1,
      0,
      1,
      2,
      3,
      4,
      5,
      6,
      7,
      8,
      9,
      10,
      11
    ],
    "counts": [
      653,
      1,
      54,
      82,
      52,
      18,
      10,
      5,
      6,
      15,
      29,
      37,
      27,
      11
    ]
  },
  "0.304": {
    "val": [
      -2147483648,
      -1,
      0,
      1,
      2,
      3,
      4,
      5,
      6,
      7,
      8,
      9,
      10,
      11,
      12,
      13,
      14,
      15,
      16,
      17
    ],
    "counts": [
      653,
      1,
      54,
      74,
      52,
      18,
      11,
      4,
      3,
      3,
      2,
      3,
      5,
      5,
      12,
      23,
      29,
      23,
      20,
      5
    ]
  },
  "0.33666666666666667": {
    "val": [
      -2147483648,
      -1,
      0,
      1,
      2,
      3,
      4,
      5,
      6,
      7,
      8
    ],
    "counts": [
      787,
      1,
      54,
      54,
      53,
      26,
      12,
      8,
      2,
      1,
      2
    ]
  },
  "0.3693333333333333": {
    "val": [
      -2147483648,
      -1,
      0,
      1,
      2,
      3,
      4,
      5,
      6,
      7
    ],
    "counts": [
      790,
      1,
      54,
      45,
      50,
      29,
      17,
      6,
      6,
      2
    ]
  },
  "0.40199999999999997": {
    "val": [
      -2147483648,
      -1,
      0,
      1,
      2,
      3,
      4,
      5,
      6
    ],
    "counts": [
      804,
      1,
      54,
      28,
      42,
      39,
      17,
      14,
      1
    ]
  },
  "0.43466666666666665": {
    "val": [
      -2147483648,
      -1,
      0,
      1,
      2,
      3,
      4,
      5,
      6,
      7
    ],
    "counts": [
      805,
      1,
      54,
      20,
      28,
      35,
      28,
      14,
      14,
      1
    ]
  },
  "0.46733333333333327": {
    "val": [
      -2147483648,
      -1,
      0,
      1,
      2,
      3,
      4,
      5,
      6,
      7,
      8,
      9,
      10,
      11,
      12,
      13
    ],
    "counts": [
      807,
      1,
      54,
      12,
      11,
      13,
      13,
      22,
      29,
      10,
      10,
      8,
      3,
      2,
      3,
      2
    ]
  },
  "0.5": {
    "val": [
      -2147483648,
      -1,
      0,
      1,
      2,
      3,
      4,
      5,
      6,
      7,
      8,
      9,
      10,
      11,
      12,
      13
    ],
    "counts": [
      815,
      1,
      54,
      8,
      10,
      9,
      5,
      7,
      9,
      14,
      21,
      18,
      7,
      6,
      10,
      6
    ]
  }
}