{
  "0.01": {
    "val": [
      -1,
      0,
      1,
      2,
      3
    ],
    "counts": [
      1,
      55,
      454,
      489,
      1
    ]
  },
  "0.042666666666666665": {
    "val": [
      -1,
      0,
      1,
      2,
      3
    ],
    "counts": [
      1,
      55,
      386,
      549,
      9
    ]
  },
  "0.07533333333333332": {
    "val": [
      -1,
      0,
      1,
      2,
      3
    ],
    "counts": [
      1,
      55,
      243,
      537,
      164
    ]
  },
  "0.10799999999999998": {
    "val": [
      -1,
      0,
      1,
      2,
      3,
      4
    ],
    "counts": [
      1,
      55,
      173,
      332,
      418,
      21
    ]
  },
  "0.14066666666666666": {
    "val": [
      -1,
      0,
      1,
      2,
      3,
      4,
      5
    ],
    "counts": [
      1,
      55,
      127,
      218,
      346,
      252,
      1
    ]
  },
  "0.17333333333333334": {
    "val": [
      -1,
      0,
      1,
      2,
      3,
      4,
      5,
      6
    ],
    "counts": [
      1,
      55,
      78,
      148,
      170,
      312,
      234,
      2
    ]
  },
  "0.206": {
    "val": [
      -1,
      0,
      1,
      2,
      3,
      4,
      5,
      6,
      7
    ],
    "counts": [
      1,
      55,
      44,
      72,
      118,
      105,
      193,
      330,
      82
    ]
  },
  "0.23866666666666664": {
    "val": [
      -1,
      0,
      1,
      2,
      3,
      4,
      5,
      6,
      7,
      8,
      9,
      10
    ],
    "counts": [
      1,
      55,
      32,
      29,
      74,
      81,
      66,
      83,
      152,
      299,
      125,
      3
    ]
  },
  "0.2713333333333333": {
    "val": [
      -1,
      0,
      1,
      2,
      3,
      4,
      5,
      6,
      7,
      8,
      9,
      10,
      11,
      12,
      13
    ],
    "counts": [
      1,
      55,
      19,
      15,
      22,
      51,
      68,
      47,
      40,
      40,
      66,
      115,
      185,
      216,
      60
    ]
  },
  "0.304": {
    "val": [
      -1,
      0,
      1,
      2,
      3,
      4,
      5,
      6,
      7,
      8,
      9,
      10,
      11,
      12,
      13,
      14,
      15,
      16,
      17,
      18,
      19,
      20,
      21,
      22,
      23,
      24,
      25,
      26
    ],
    "counts": [
      1,
      55,
      17,
      10,
      9,
      6,
      11,
      25,
      41,
      50,
      32,
      21,
      11,
      12,
      9,
      9,
      10,
      6,
      9,
      13,
      34,
      56,
      52,
      71,
      109,
      169,
      106,
      46
    ]
  },
  "0.33666666666666667": {
    "val": [
      -2147483648,
      -1,
      0,
      1,
      2,
      3,
      4,
      5,
      6,
      7
    ],
    "counts": [
      908,
      1,
      55,
      13,
      7,
      2,
      3,
      4,
      5,
      2
    ]
  },
  "0.3693333333333333": {
    "val": [
      -2147483648,
      -1,
      0,
      1,
      2,
      3
    ],
    "counts": [
      924,
      1,
      55,
      10,
      8,
      2
    ]
  },
  "0.40199999999999997": {
    "val": [
      -2147483648,
      -1,
      0,
      1,
      2,
      3,
      4
    ],
    "counts": [
      927,
      1,
      55,
      7,
      5,
      2,
      3
    ]
  },
  "0.43466666666666665": {
    "val": [
      -2147483648,
      -1,
      0,
      1,
      2,
      3,
      4,
      5,
      6
    ],
    "counts": [
      927,
      1,
      55,
      6,
      3,
      3,
      1,
      2,
      2
    ]
  },
  "0.46733333333333327": {
    "val": [
      -2147483648,
      -1,
      0,
      1,
      2
    ],
    "counts": [
      940,
      1,
      55,
      3,
      1
    ]
  },
  "0.5": {
    "val": [
      -2147483648,
      -1,
      0,
      1,
      2,
      3
    ],
    "counts": [
      940,
      1,
      55,
      2,
      1,
      1
    ]
  }
}