{
  "0.01": {
    "val": [
      -1,
      0,
      1,
      2,
      3,
      4,
      5,
      6,
      7,
      8
    ],
    "counts": [
      1,
      57,
      244,
      115,
      229,
      142,
      74,
      52,
      81,
      5
    ]
  },
  "0.042666666666666665": {
    "val": [
      -1,
      0,
      1,
      2,
      3,
      4,
      5,
      6,
      7,
      8
    ],
    "counts": [
      1,
      57,
      243,
      109,
      221,
      157,
      74,
      51,
      82,
      5
    ]
  },
  "0.07533333333333332": {
    "val": [
      -1,
      0,
      1,
      2,
      3,
      4,
      5,
      6,
      7,
      8
    ],
    "counts": [
      1,
      57,
      238,
      90,
      135,
      235,
      106,
      49,
      79,
      10
    ]
  },
  "0.10799999999999998": {
    "val": [
      -1,
      0,
      1,
      2,
      3,
      4,
      5,
      6,
      7,
      8
    ],
    "counts": [
      1,
      57,
      224,
      60,
      105,
      129,
      234,
      77,
      71,
      42
    ]
  },
  "0.14066666666666666": {
    "val": [
      -1,
      0,
      1,
      2,
      3,
      4,
      5,
      6,
      7,
      8,
      9,
      10
    ],
    "counts": [
      1,
      57,
      206,
      52,
      52,
      78,
      88,
      183,
      149,
      40,
      72,
      22
    ]
  },
  "0.17333333333333334": {
    "val": [
      -1,
      0,
      1,
      2,
      3,
      4,
      5,
      6,
      7,
      8,
      9,
      10,
      11,
      12
    ],
    "counts": [
      1,
      57,
      187,
      50,
      26,
      53,
      48,
      35,
      70,
      123,
      165,
      97,
      68,
      20
    ]
  },
  "0.206": {
    "val": [
      -1,
      0,
      1,
      2,
      3,
      4,
      5,
      6,
      7,
      8,
      9,
      10,
      11,
      12,
      13,
      14,
      15,
      16,
      17,
      18,
      19
    ],
    "counts": [
      1,
      57,
      160,
      65,
      7,
      8,
      14,
      23,
      60,
      15,
      23,
      35,
      47,
      38,
      37,
      37,
      86,
      68,
      125,
      92,
      2
    ]
  },
  "0.23866666666666664": {
    "val": [
      -1,
      0,
      1,
      2,
      3,
      4,
      5,
      6,
      7,
      8,
      9,
      10,
      11,
      12,
      13,
      14,
      15,
      16,
      17,
      18,
      19,
      20,
      21,
      22,
      23,
      24,
      25,
      26,
      27,
      28,
      29,
      30,
      31,
      32,
      33,
      34,
      35,
      36,
      37,
      38,
      39,
      40,
      41,
      42,
      43
    ],
    "counts": [
      1,
      57,
      134,
      70,
      22,
      1,
      1,
      1,
      2,
      2,
      2,
      3,
      3,
      4,
      2,
      3,
      6,
      3,
      5,
      7,
      7,
      16,
      31,
      63,
      113,
      68,
      9,
      5,
      5,
      4,
      9,
      8,
      12,
      33,
      50,
      21,
      23,
      43,
      32,
      15,
      9,
      16,
      34,
      44,
      1
    ]
  },
  "0.2713333333333333": {
    "val": [
      -2147483648,
      -1,
      0,
      1,
      2,
      3,
      4,
      5,
      6
    ],
    "counts": [
      716,
      1,
      57,
      119,
      72,
      32,
      1,
      1,
      1
    ]
  },
  "0.304": {
    "val": [
      -2147483648,
      -1,
      0,
      1,
      2,
      3,
      4,
      5,
      6
    ],
    "counts": [
      717,
      1,
      57,
      99,
      70,
      44,
      10,
      1,
      1
    ]
  },
  "0.33666666666666667": {
    "val": [
      -2147483648,
      -1,
      0,
      1,
      2,
      3,
      4,
      5
    ],
    "counts": [
      724,
      1,
      57,
      73,
      64,
      47,
      32,
      2
    ]
  },
  "0.3693333333333333": {
    "val": [
      -2147483648,
      -1,
      0,
      1,
      2,
      3,
      4,
      5,
      6
    ],
    "counts": [
      724,
      1,
      57,
      58,
      46,
      54,
      35,
      23,
      2
    ]
  },
  "0.40199999999999997": {
    "val": [
      -2147483648,
      -1,
      0,
      1,
      2,
      3,
      4,
      5,
      6,
      7
    ],
    "counts": [
      724,
      1,
      57,
      43,
      27,
      39,
      46,
      32,
      12,
      19
    ]
  },
  "0.43466666666666665": {
    "val": [
      -2147483648,
      -1,
      0,
      1,
      2,
      3,
      4,
      5,
      6,
      7,
      8,
      9,
      10
    ],
    "counts": [
      725,
      1,
      57,
      33,
      26,
      18,
      25,
      26,
      27,
      26,
      14,
      18,
      4
    ]
  },
  "0.46733333333333327": {
    "val": [
      -2147483648,
      -1,
      0,
      1,
      2,
      3,
      4,
      5,
      6,
      7,
      8,
      9,
      10,
      11,
      12,
      13,
      14
    ],
    "counts": [
      725,
      1,
      57,
      20,
      17,
      14,
      8,
      7,
      13,
      15,
      14,
      22,
      17,
      19,
      26,
      15,
      10
    ]
  },
  "0.5": {
    "val": [
      -2147483648,
      -1,
      0,
      1,
      2,
      3,
      4,
      5,
      6,
      7,
      8,
      9,
      10,
      11
    ],
    "counts": [
      859,
      1,
      57,
      20,
      16,
      11,
      3,
      6,
      7,
      4,
      7,
      7,
      1,
      1
    ]
  }
}