{
  "0.01": {
    "val": [
      -1,
      0,
      1,
      2
    ],
    "counts": [
      1,
      65,
      819,
      115
    ]
  },
  "0.042666666666666665": {
    "val": [
      -1,
      0,
      1,
      2
    ],
    "counts": [
      1,
      65,
      742,
      192
    ]
  },
  "0.07533333333333332": {
    "val": [
      -1,
      0,
      1,
      2
    ],
    "counts": [
      1,
      65,
      516,
      418
    ]
  },
  "0.10799999999999998": {
    "val": [
      -1,
      0,
      1,
      2
    ],
    "counts": [
      1,
      65,
      326,
      608
    ]
  },
  "0.14066666666666666": {
    "val": [
      -1,
      0,
      1,
      2,
      3
    ],
    "counts": [
      1,
      65,
      169,
      645,
      120
    ]
  },
  "0.17333333333333334": {
    "val": [
      -1,
      0,
      1,
      2,
      3,
      4
    ],
    "counts": [
      1,
      65,
      88,
      324,
      520,
      2
    ]
  },
  "0.206": {
    "val": [
      -1,
      0,
      1,
      2,
      3,
      4,
      5
    ],
    "counts": [
      1,
      65,
      34,
      60,
      226,
      571,
      43
    ]
  },
  "0.23866666666666664": {
    "val": [
      -1,
      0,
      1,
      2,
      3,
      4,
      5,
      6,
      7,
      8,
      9
    ],
    "counts": [
      1,
      65,
      15,
      7,
      5,
      12,
      18,
      39,
      141,
      475,
      222
    ]
  },
  "0.2713333333333333": {
    "val": [
      -2147483648,
      -1,
      0,
      1,
      2
    ],
    "counts": [
      929,
      1,
      65,
      4,
      1
    ]
  },
  "0.304": {
    "val": [
      -2147483648,
      -1,
      0,
      1
    ],
    "counts": [
      932,
      1,
      65,
      2
    ]
  },
  "0.33666666666666667": {
    "val": [
      -2147483648,
      -1,
      0
    ],
    "counts": [
      934,
      1,
      65
    ]
  },
  "0.3693333333333333": {
    "val": [
      -2147483648,
      -1,
      0
    ],
    "counts": [
      934,
      1,
      65
    ]
  },
  "0.40199999999999997": {
    "val": [
      -2147483648,
      -1,
      0
    ],
    "counts": [
      934,
      1,
      65
    ]
  },
  "0.43466666666666665": {
    "val": [
      -2147483648,
      -1,
      0
    ],
    "counts": [
      934,
      1,
      65
    ]
  },
  "0.46733333333333327": {
    "val": [
      -2147483648,
      -1,
      0
    ],
    "counts": [
      934,
      1,
      65
    ]
  },
  "0.5": {
    "val": [
      -2147483648,
      -1,
      0
    ],
    "counts": [
      934,
      1,
      65
    ]
  }
}