{
  "0.01": {
    "val": [
      -1,
      0,
      1,
      2,
      3,
      4,
      5
    ],
    "counts": [
      1,
      10,
      45,
      149,
      439,
      329,
      27
    ]
  },
  "0.042666666666666665": {
    "val": [
      -1,
      0,
      1,
      2,
      3,
      4,
      5,
      6,
      7,
      8
    ],
    "counts": [
      1,
      10,
      45,
      32,
      92,
      143,
      275,
      294,
      103,
      5
    ]
  },
  "0.07533333333333332": {
    "val": [
      -1,
      0,
      1,
      2,
      3,
      4,
      5,
      6,
      7,
      8,
      9,
      10,
      11,
      12
    ],
    "counts": [
      1,
      10,
      45,
      8,
      29,
      41,
      74,
      94,
      152,
      201,
      215,
      95,
      34,
      1
    ]
  },
  "0.10799999999999998": {
    "val": [
      -1,
      0,
      1,
      2,
      3,
      4,
      5,
      6,
      7,
      8,
      9,
      10,
      11,
      12,
      13,
      14,
      15,
      16
    ],
    "counts": [
      1,
      10,
      41,
      6,
      12,
      21,
      17,
      42,
      54,
      46,
      88,
      121,
      147,
      160,
      135,
      69,
      28,
      2
    ]
  },
  "0.14066666666666666": {
    "val": [
      -1,
      0,
      1,
      2,
      3,
      4,
      5,
      6,
      7,
      8,
      9,
      10,
      11,
      12,
      13,
      14,
      15,
      16,
      17,
      18,
      19,
      20,
      21,
      22,
      23,
      24
    ],
    "counts": [
      1,
      10,
      20,
      13,
      9,
      13,
      12,
      10,
      10,
      17,
      15,
      22,
      26,
      21,
      47,
      43,
      64,
      76,
      97,
      90,
      116,
      113,
      83,
      45,
      19,
      8
    ]
  },
  "0.17333333333333334": {
    "val": [
      -1,
      0,
      1,
      2,
      3,
      4,
      5,
      6,
      7,
      8,
      9,
      10,
      11,
      12,
      13,
      14,
      15,
      16,
      17,
      18,
      19,
      20,
      21,
      22,
      23,
      24,
      25,
      26,
      27,
      28,
      29,
      30,
      31,
      32,
      33,
      34,
      35,
      36,
      37,
      38,
      39,
      40,
      41,
      42,
      43,
      44,
      45,
      46,
      47,
      48,
      49
    ],
    "counts": [
      1,
      10,
      7,
      1,
      1,
      4,
      1,
      5,
      5,
      2,
      5,
      2,
      1,
      2,
      4,
      4,
      4,
      4,
      4,
      7,
      6,
      4,
      6,
      6,
      8,
      9,
      7,
      5,
      7,
      10,
      10,
      8,
      16,
      16,
      16,
      28,
      19,
      34,
      44,
      36,
      47,
      64,
      53,
      79,
      78,
      104,
      75,
      69,
      45,
      13,
      4
    ]
  },
  "0.206": {
    "val": [
      -2147483648,
      -1,
      0,
      1,
      3
    ],
    "counts": [
      981,
      1,
      10,
      7,
      1
    ]
  },
  "0.23866666666666664": {
    "val": [
      -2147483648,
      -1,
      0,
      1,
      2,
      4
    ],
    "counts": [
      981,
      1,
      10,
      6,
      1,
      1
    ]
  },
  "0.2713333333333333": {
    "val": [
      -2147483648,
      -1,
      0,
      1,
      2,
      4
    ],
    "counts": [
      983,
      1,
      10,
      4,
      1,
      1
    ]
  },
  "0.304": {
    "val": [
      -2147483648,
      -1,
      0,
      1,
      3
    ],
    "counts": [
      984,
      1,
      10,
      4,
      1
    ]
  },
  "0.33666666666666667": {
    "val": [
      -2147483648,
      -1,
      0,
      1
    ],
    "counts": [
      986,
      1,
      10,
      3
    ]
  },
  "0.3693333333333333": {
    "val": [
      -2147483648,
      -1,
      0,
      1
    ],
    "counts": [
      986,
      1,
      10,
      3
    ]
  },
  "0.40199999999999997": {
    "val": [
      -2147483648,
      -1,
      0,
      1,
      3
    ],
    "counts": [
      986,
      1,
      10,
      2,
      1
    ]
  },
  "0.43466666666666665": {
    "val": [
      -2147483648,
      -1,
      0,
      1
    ],
    "counts": [
      987,
      1,
      10,
      2
    ]
  },
  "0.46733333333333327": {
    "val": [
      -2147483648,
      -1,
      0,
      1
    ],
    "counts": [
      987,
      1,
      10,
      2
    ]
  },
  "0.5": {
    "val": [
      -2147483648,
      -1,
      0,
      1
    ],
    "counts": [
      987,
      1,
      10,
      2
    ]
  }
}