{
  "0.01": {
    "val": [
      -1,
      0,
      1,
      2,
      3,
      4,
      5,
      6
    ],
    "counts": [
      1,
      9,
      31,
      97,
      231,
      404,
      219,
      8
    ]
  },
  "0.042666666666666665": {
    "val": [
      -1,
      0,
      1,
      2,
      3,
      4,
      5,
      6,
      7,
      8,
      9,
      10
    ],
    "counts": [
      1,
      9,
      31,
      17,
      75,
      79,
      141,
      186,
      229,
      191,
      38,
      3
    ]
  },
  "0.07533333333333332": {
    "val": [
      -1,
      0,
      1,
      2,
      3,
      4,
      5,
      6,
      7,
      8,
      9,
      10,
      11,
      12,
      13,
      14,
      15
    ],
    "counts": [
      1,
      9,
      31,
      7,
      17,
      26,
      55,
      46,
      74,
      104,
      109,
      127,
      156,
      149,
      69,
      18,
      2
    ]
  },
  "0.10799999999999998": {
    "val": [
      -1,
      0,
      1,
      2,
      3,
      4,
      5,
      6,
      7,
      8,
      9,
      10,
      11,
      12,
      13,
      14,
      15,
      16,
      17,
      18,
      19,
      20
    ],
    "counts": [
      1,
      9,
      29,
      2,
      9,
      9,
      16,
      29,
      38,
      30,
      45,
      56,
      64,
      81,
      93,
      89,
      118,
      111,
      90,
      54,
      21,
      6
    ]
  },
  "0.14066666666666666": {
    "val": [
      -1,
      0,
      1,
      2,
      3,
      4,
      5,
      6,
      7,
      8,
      9,
      10,
      11,
      12,
      13,
      14,
      15,
      16,
      17,
      18,
      19,
      20,
      21,
      22,
      23,
      24,
      25,
      26,
      27,
      28,
      29,
      30,
      31,
      32,
      33,
      34,
      35,
      36,
      37,
      38,
      39
    ],
    "counts": [
      1,
      9,
      12,
      7,
      7,
      3,
      7,
      14,
      6,
      9,
      10,
      11,
      10,
      9,
      12,
      18,
      13,
      15,
      25,
      26,
      19,
      26,
      33,
      36,
      40,
      39,
      48,
      41,
      41,
      46,
      50,
      37,
      51,
      53,
      51,
      44,
      38,
      25,
      24,
      22,
      12
    ]
  },
  "0.17333333333333334": {
    "val": [
      -2147483648,
      -1,
      0,
      1,
      2,
      4
    ],
    "counts": [
      977,
      1,
      9,
      7,
      2,
      4
    ]
  },
  "0.206": {
    "val": [
      -2147483648,
      -1,
      0,
      1,
      3
    ],
    "counts": [
      981,
      1,
      9,
      7,
      2
    ]
  },
  "0.23866666666666664": {
    "val": [
      -2147483648,
      -1,
      0,
      1,
      3
    ],
    "counts": [
      982,
      1,
      9,
      7,
      1
    ]
  },
  "0.2713333333333333": {
    "val": [
      -2147483648,
      -1,
      0,
      1,
      2,
      4
    ],
    "counts": [
      981,
      1,
      9,
      5,
      2,
      2
    ]
  },
  "0.304": {
    "val": [
      -2147483648,
      -1,
      0,
      1,
      3
    ],
    "counts": [
      985,
      1,
      9,
      4,
      1
    ]
  },
  "0.33666666666666667": {
    "val": [
      -2147483648,
      -1,
      0,
      1
    ],
    "counts": [
      987,
      1,
      9,
      3
    ]
  },
  "0.3693333333333333": {
    "val": [
      -2147483648,
      -1,
      0,
      1
    ],
    "counts": [
      987,
      1,
      9,
      3
    ]
  },
  "0.40199999999999997": {
    "val": [
      -2147483648,
      -1,
      0,
      1,
      3
    ],
    "counts": [
      987,
      1,
      9,
      2,
      1
    ]
  },
  "0.43466666666666665": {
    "val": [
      -2147483648,
      -1,
      0,
      1
    ],
    "counts": [
      988,
      1,
      9,
      2
    ]
  },
  "0.46733333333333327": {
    "val": [
      -2147483648,
      -1,
      0,
      1
    ],
    "counts": [
      988,
      1,
      9,
      2
    ]
  },
  "0.5": {
    "val": [
      -2147483648,
      -1,
      0,
      1
    ],
    "counts": [
      988,
      1,
      9,
      2
    ]
  }
}