{
  "0.01": {
    "val": [
      -1,
      0,
      1,
      2,
      3,
      4,
      5,
      6,
      7,
      8,
      9,
      10,
      11,
      12
    ],
    "counts": [
      1,
      9,
      16,
      26,
      43,
      77,
      119,
      143,
      188,
      149,
      133,
      59,
      33,
      4
    ]
  },
  "0.042666666666666665": {
    "val": [
      -1,
      0,
      1,
      2,
      3,
      4,
      5,
      6,
      7,
      8,
      9,
      10,
      11,
      12,
      13,
      14,
      15,
      16,
      17,
      18
    ],
    "counts": [
      1,
      9,
      16,
      13,
      20,
      20,
      27,
      41,
      51,
      75,
      79,
      83,
      97,
      93,
      99,
      84,
      74,
      52,
      46,
      20
    ]
  },
  "0.07533333333333332": {
    "val": [
      -1,
      0,
      1,
      2,
      3,
      4,
      5,
      6,
      7,
      8,
      9,
      10,
      11,
      12,
      13,
      14,
      15,
      16,
      17,
      18,
      19,
      20,
      21,
      22,
      23,
      24,
      25,
      26,
      27,
      28,
      29,
      30
    ],
    "counts": [
      1,
      9,
      16,
      4,
      10,
      5,
      15,
      10,
      13,
      15,
      17,
      27,
      29,
      33,
      32,
      46,
      57,
      44,
      47,
      59,
      59,
      67,
      64,
      60,
      47,
      43,
      41,
      29,
      36,
      28,
      29,
      8
    ]
  },
  "0.10799999999999998": {
    "val": [
      -1,
      0,
      1,
      2,
      3,
      4,
      5,
      6,
      7,
      8,
      9,
      10,
      11,
      12,
      13,
      14,
      15,
      16,
      17,
      18,
      19,
      20,
      21,
      22,
      23,
      24,
      25,
      26,
      27,
      28,
      29,
      30,
      31,
      32,
      33,
      34,
      35,
      36,
      37,
      38,
      39,
      40
    ],
    "counts": [
      1,
      9,
      16,
      1,
      8,
      7,
      4,
      7,
      13,
      7,
      11,
      10,
      9,
      12,
      15,
      12,
      31,
      13,
      31,
      24,
      29,
      35,
      36,
      32,
      39,
      34,
      35,
      64,
      41,
      56,
      47,
      39,
      42,
      34,
      33,
      29,
      23,
      22,
      23,
      27,
      24,
      15
    ]
  },
  "0.14066666666666666": {
    "val": [
      -1,
      0,
      1,
      2,
      3,
      4,
      5,
      6,
      7,
      8,
      9,
      10,
      11,
      12,
      13,
      14,
      15,
      16,
      17,
      18,
      19,
      20,
      21,
      22,
      23,
      24,
      25,
      26,
      27,
      28,
      29,
      30,
      31,
      32,
      33,
      34,
      35,
      36,
      37,
      38,
      39,
      40,
      41,
      42,
      43,
      44,
      45,
      46,
      47,
      48,
      49,
      50,
      51,
      52,
      53,
      54,
      55,
      56,
      57,
      58,
      59,
      60,
      61,
      62,
      63,
      64,
      65,
      66,
      67,
      68,
      69,
      70,
      71,
      72,
      73,
      74,
      75,
      76,
      77,
      78,
      79,
      80,
      81,
      82,
      83,
      84,
      85,
      86,
      87,
      88,
      89,
      90,
      91,
      92,
      93,
      94,
      95,
      96,
      97,
      98,
      99,
      100,
      101,
      102,
      103,
      104,
      105,
      106,
      107,
      108,
      109,
      110,
      111,
      112,
      113,
      114,
      115,
      116,
      117,
      118,
      119,
      120,
      121,
      122,
      123,
      124,
      125,
      126,
      127,
      128,
      129,
      130,
      131,
      132,
      133,
      134,
      135,
      136,
      137,
      138,
      139,
      140,
      141,
      142,
      143,
      144,
      145,
      146,
      147,
      148,
      149,
      150,
      151,
      152,
      153,
      154,
      155,
      156,
      157,
      158,
      159,
      160,
      161,
      162,
      163,
      164,
      165,
      166,
      167,
      168,
      169,
      170,
      171,
      172,
      173,
      174,
      175,
      176,
      177,
      178,
      179,
      180,
      181,
      182
    ],
    "counts": [
      1,
      9,
      6,
      2,
      2,
      2,
      3,
      2,
      2,
      1,
      3,
      2,
      2,
      3,
      2,
      1,
      3,
      3,
      2,
      3,
      2,
      2,
      2,
      3,
      2,
      2,
      2,
      2,
      2,
      2,
      2,
      3,
      3,
      7,
      4,
      5,
      4,
      6,
      5,
      4,
      3,
      4,
      5,
      6,
      4,
      4,
      4,
      4,
      5,
      5,
      4,
      5,
      4,
      4,
      4,
      4,
      4,
      4,
      4,
      4,
      7,
      10,
      5,
      8,
      5,
      7,
      6,
      9,
      4,
      5,
      4,
      4,
      7,
      7,
      8,
      5,
      5,
      4,
      5,
      5,
      4,
      5,
      3,
      5,
      4,
      3,
      5,
      4,
      4,
      4,
      5,
      6,
      5,
      5,
      4,
      4,
      4,
      5,
      4,
      5,
      6,
      3,
      5,
      7,
      9,
      6,
      7,
      7,
      8,
      5,
      7,
      7,
      8,
      6,
      6,
      8,
      8,
      16,
      14,
      11,
      13,
      11,
      10,
      10,
      10,
      9,
      10,
      9,
      12,
      13,
      10,
      11,
      11,
      10,
      8,
      12,
      7,
      7,
      8,
      6,
      8,
      8,
      8,
      6,
      7,
      7,
      6,
      8,
      8,
      8,
      5,
      4,
      5,
      4,
      5,
      5,
      4,
      4,
      5,
      4,
      4,
      4,
      5,
      5,
      5,
      4,
      5,
      4,
      5,
      6,
      6,
      6,
      5,
      7,
      6,
      5,
      5,
      6,
      6,
      6,
      5,
      2,
      2,
      5
    ]
  },
  "0.17333333333333334": {
    "val": [
      -2147483648,
      -1,
      0,
      1,
      2,
      4
    ],
    "counts": [
      978,
      1,
      9,
      6,
      2,
      4
    ]
  },
  "0.206": {
    "val": [
      -2147483648,
      -1,
      0,
      1,
      3
    ],
    "counts": [
      982,
      1,
      9,
      6,
      2
    ]
  },
  "0.23866666666666664": {
    "val": [
      -2147483648,
      -1,
      0,
      1,
      3
    ],
    "counts": [
      982,
      1,
      9,
      6,
      2
    ]
  },
  "0.2713333333333333": {
    "val": [
      -2147483648,
      -1,
      0,
      1,
      2,
      4
    ],
    "counts": [
      982,
      1,
      9,
      4,
      2,
      2
    ]
  },
  "0.304": {
    "val": [
      -2147483648,
      -1,
      0,
      1,
      3
    ],
    "counts": [
      984,
      1,
      9,
      4,
      2
    ]
  },
  "0.33666666666666667": {
    "val": [
      -2147483648,
      -1,
      0,
      1,
      3
    ],
    "counts": [
      984,
      1,
      9,
      4,
      2
    ]
  },
  "0.3693333333333333": {
    "val": [
      -2147483648,
      -1,
      0,
      1
    ],
    "counts": [
      986,
      1,
      9,
      4
    ]
  },
  "0.40199999999999997": {
    "val": [
      -2147483648,
      -1,
      0,
      1,
      3
    ],
    "counts": [
      986,
      1,
      9,
      2,
      2
    ]
  },
  "0.43466666666666665": {
    "val": [
      -2147483648,
      -1,
      0,
      1
    ],
    "counts": [
      988,
      1,
      9,
      2
    ]
  },
  "0.46733333333333327": {
    "val": [
      -2147483648,
      -1,
      0,
      1
    ],
    "counts": [
      988,
      1,
      9,
      2
    ]
  },
  "0.5": {
    "val": [
      -2147483648,
      -1,
      0,
      1
    ],
    "counts": [
      988,
      1,
      9,
      2
    ]
  }
}