{
  "0.01": {
    "val": [
      -1,
      0,
      1,
      2,
      3,
      4,
      5,
      6,
      7,
      8,
      9,
      10
    ],
    "counts": [
      1,
      57,
      244,
      43,
      78,
      58,
      153,
      193,
      54,
      40,
      70,
      9
    ]
  },
  "0.042666666666666665": {
    "val": [
      -1,
      0,
      1,
      2,
      3,
      4,
      5,
      6,
      7,
      8,
      9,
      10,
      11,
      12,
      13,
      14,
      15,
      16,
      17,
      18,
      19,
      20,
      21,
      22,
      23,
      24,
      25
    ],
    "counts": [
      1,
      57,
      243,
      3,
      4,
      16,
      23,
      30,
      28,
      16,
      12,
      15,
      31,
      37,
      43,
      67,
      93,
      84,
      46,
      22,
      14,
      8,
      13,
      17,
      33,
      35,
      9
    ]
  },
  "0.07533333333333332": {
    "val": [
      -1,
      0,
      1,
      2,
      3,
      4,
      5,
      6,
      7,
      8,
      9,
      10,
      11,
      12,
      13,
      14,
      15,
      16,
      17,
      18,
      19,
      20,
      21,
      22,
      23,
      24,
      25,
      26,
      27,
      28,
      29,
      30,
      31,
      32,
      33,
      34,
      35,
      36,
      37,
      38,
      39,
      40,
      41
    ],
    "counts": [
      1,
      57,
      238,
      4,
      3,
      2,
      2,
      8,
      7,
      15,
      22,
      20,
      17,
      15,
      7,
      6,
      11,
      7,
      6,
      20,
      24,
      17,
      22,
      28,
      31,
      51,
      57,
      67,
      48,
      31,
      18,
      12,
      9,
      6,
      6,
      5,
      10,
      8,
      17,
      25,
      21,
      18,
      1
    ]
  },
  "0.10799999999999998": {
    "val": [
      -1,
      0,
      1,
      2,
      3,
      4,
      5,
      6,
      7,
      8,
      9,
      10,
      11,
      12,
      13,
      14,
      15,
      16,
      17,
      18,
      19,
      20,
      21,
      22,
      23,
      24,
      25,
      26,
      27,
      28,
      29,
      30,
      31,
      32,
      33,
      34,
      35,
      36,
      37,
      38,
      39,
      40,
      41,
      42,
      43,
      44,
      45,
      46,
      47,
      48,
      49,
      50,
      51,
      52,
      53,
      54,
      55,
      56,
      57,
      58,
      59
    ],
    "counts": [
      1,
      57,
      224,
      11,
      5,
      3,
      1,
      3,
      1,
      3,
      6,
      4,
      8,
      11,
      18,
      10,
      16,
      11,
      10,
      8,
      4,
      5,
      3,
      4,
      8,
      4,
      5,
      11,
      12,
      14,
      14,
      11,
      21,
      16,
      13,
      18,
      28,
      36,
      46,
      44,
      42,
      29,
      32,
      21,
      13,
      8,
      8,
      8,
      3,
      4,
      4,
      6,
      3,
      7,
      11,
      12,
      21,
      17,
      17,
      5,
      1
    ]
  },
  "0.14066666666666666": {
    "val": [
      -1,
      0,
      1,
      2,
      3,
      4,
      5,
      6,
      7,
      8,
      9,
      10,
      11,
      12,
      13,
      14,
      15,
      16,
      17,
      18,
      19,
      20,
      21,
      22,
      23,
      24,
      25,
      26,
      27,
      28,
      29,
      30,
      31,
      32,
      33,
      34,
      35,
      36,
      37,
      38,
      39,
      40,
      41,
      42,
      43,
      44,
      45,
      46,
      47,
      48,
      49,
      50,
      51,
      52,
      53,
      54,
      55,
      56,
      57,
      58,
      59,
      60,
      61,
      62,
      63,
      64,
      65,
      66,
      67,
      68,
      69,
      70,
      71,
      72,
      73,
      74,
      75,
      76,
      77,
      78,
      79
    ],
    "counts": [
      1,
      57,
      206,
      19,
      4,
      4,
      5,
      2,
      2,
      1,
      1,
      3,
      3,
      1,
      2,
      5,
      2,
      4,
      8,
      5,
      15,
      10,
      8,
      12,
      13,
      7,
      8,
      2,
      3,
      4,
      2,
      1,
      3,
      2,
      4,
      2,
      3,
      11,
      8,
      6,
      6,
      5,
      6,
      13,
      15,
      16,
      8,
      9,
      10,
      9,
      11,
      22,
      22,
      24,
      33,
      23,
      30,
      31,
      28,
      24,
      20,
      27,
      15,
      9,
      5,
      5,
      10,
      3,
      3,
      5,
      1,
      2,
      4,
      7,
      9,
      10,
      19,
      16,
      15,
      8,
      3
    ]
  },
  "0.17333333333333334": {
    "val": [
      -2147483648,
      -1,
      0,
      1,
      2,
      3,
      4,
      5,
      6,
      7,
      8
    ],
    "counts": [
      709,
      1,
      57,
      187,
      12,
      17,
      6,
      5,
      4,
      1,
      1
    ]
  },
  "0.206": {
    "val": [
      -2147483648,
      -1,
      0,
      1,
      2,
      3,
      4,
      5,
      6,
      7,
      8,
      9,
      11
    ],
    "counts": [
      717,
      1,
      57,
      160,
      17,
      11,
      12,
      11,
      3,
      3,
      5,
      1,
      2
    ]
  },
  "0.23866666666666664": {
    "val": [
      -2147483648,
      -1,
      0,
      1,
      2,
      3,
      4,
      5,
      6,
      7,
      8,
      9,
      10,
      11,
      12,
      14
    ],
    "counts": [
      720,
      1,
      57,
      134,
      11,
      15,
      11,
      12,
      7,
      7,
      4,
      9,
      2,
      4,
      4,
      2
    ]
  },
  "0.2713333333333333": {
    "val": [
      -2147483648,
      -1,
      0,
      1,
      2,
      3,
      4,
      5,
      6,
      7,
      8,
      9,
      10,
      11,
      12,
      13,
      14,
      15,
      16,
      17
    ],
    "counts": [
      722,
      1,
      57,
      119,
      11,
      6,
      10,
      14,
      7,
      6,
      11,
      4,
      7,
      2,
      4,
      5,
      4,
      2,
      5,
      3
    ]
  },
  "0.304": {
    "val": [
      -2147483648,
      -1,
      0,
      1,
      2,
      3,
      4,
      5,
      6,
      7,
      8,
      9,
      10,
      11,
      12,
      13,
      14,
      15,
      16,
      17,
      18,
      19,
      20,
      21,
      22,
      23
    ],
    "counts": [
      722,
      1,
      57,
      99,
      7,
      12,
      9,
      8,
      5,
      11,
      8,
      6,
      6,
      7,
      2,
      6,
      6,
      2,
      2,
      2,
      3,
      6,
      4,
      3,
      3,
      3
    ]
  },
  "0.33666666666666667": {
    "val": [
      -2147483648,
      -1,
      0,
      1,
      2,
      3,
      4,
      5,
      6,
      7,
      8,
      9,
      10,
      11,
      12,
      13,
      14,
      15,
      16,
      17,
      18,
      19,
      20,
      21,
      23
    ],
    "counts": [
      747,
      1,
      57,
      73,
      12,
      6,
      7,
      7,
      8,
      6,
      9,
      9,
      6,
      7,
      7,
      3,
      7,
      3,
      4,
      5,
      2,
      4,
      5,
      3,
      2
    ]
  },
  "0.3693333333333333": {
    "val": [
      -2147483648,
      -1,
      0,
      1,
      2,
      3,
      4,
      5,
      6,
      7,
      8,
      9,
      10,
      11,
      12,
      13,
      14,
      15,
      16,
      17,
      18,
      19,
      20,
      21,
      22,
      23,
      24,
      25,
      26,
      27,
      28,
      29,
      30,
      32
    ],
    "counts": [
      748,
      1,
      57,
      58,
      7,
      6,
      2,
      4,
      6,
      5,
      7,
      6,
      6,
      7,
      6,
      6,
      5,
      4,
      5,
      6,
      11,
      2,
      4,
      4,
      3,
      3,
      3,
      4,
      2,
      2,
      5,
      3,
      1,
      1
    ]
  },