ID	p	network	CC	T	SP	l2	lmax_l2	Rg
Network_p=0.99	0.99	mhk	0.36598896749067805	0.18022117653283423	3.4119088617723543	1.3088577009564477	236.18335064495136	1560513.8712620083
