{
  "0.01": {
    "val": [
      -1,
      0,
      1,
      2,
      3,
      4,
      5
    ],
    "counts": [
      1,
      34,
      190,
      377,
      213,
      171,
      14
    ]
  },
  "0.042666666666666665": {
    "val": [
      -1,
      0,
      1,
      2,
      3,
      4,
      5,
      6
    ],
    "counts": [
      1,
      34,
      171,
      307,
      272,
      158,
      56,
      1
    ]
  },
  "0.07533333333333332": {
    "val": [
      -1,
      0,
      1,
      2,
      3,
      4,
      5,
      6
    ],
    "counts": [
      1,
      34,
      141,
      214,
      232,
      168,
      167,
      43
    ]
  },
  "0.10799999999999998": {
    "val": [
      -1,
      0,
      1,
      2,
      3,
      4,
      5,
      6,
      7,
      8
    ],
    "counts": [
      1,
      34,
      114,
      125,
      178,
      179,
      143,
      122,
      88,
      16
    ]
  },
  "0.14066666666666666": {
    "val": [
      -1,
      0,
      1,
      2,
      3,
      4,
      5,
      6,
      7,
      8,
      9,
      10
    ],
    "counts": [
      1,
      34,
      90,
      69,
      128,
      164,
      151,
      99,
      104,
      89,
      56,
      15
    ]
  },
  "0.17333333333333334": {
    "val": [
      -1,
      0,
      1,
      2,
      3,
      4,
      5,
      6,
      7,
      8,
      9,
      10,
      11,
      12,
      13,
      14
    ],
    "counts": [
      1,
      34,
      67,
      47,
      68,
      99,
      107,
      127,
      102,
      51,
      58,
      77,
      82,
      53,
      26,
      1
    ]
  },
  "0.206": {
    "val": [
      -1,
      0,
      1,
      2,
      3,
      4,
      5,
      6,
      7,
      8,
      9,
      10,
      11,
      12,
      13,
      14,
      15,
      16,
      17
    ],
    "counts": [
      1,
      34,
      53,
      35,
      39,
      70,
      76,
      61,
      89,
      92,
      81,
      54,
      30,
      63,
      66,
      80,
      42,
      32,
      2
    ]
  },
  "0.23866666666666664": {
    "val": [
      -1,
      0,
      1,
      2,
      3,
      4,
      5,
      6,
      7,
      8,
      9,
      10,
      11,
      12,
      13,
      14,
      15,
      16,
      17,
      18,
      19,
      20,
      21,
      22
    ],
    "counts": [
      1,
      34,
      49,
      28,
      28,
      34,
      58,
      47,
      40,
      44,
      55,
      65,
      73,
      81,
      44,
      18,
      34,
      28,
      58,
      60,
      60,
      28,
      31,
      2
    ]
  },
  "0.2713333333333333": {
    "val": [
      -1,
      0,
      1,
      2,
      3,
      4,
      5,
      6,
      7,
      8,
      9,
      10,
      11,
      12,
      13,
      14,
      15,
      16,
      17,
      18,
      19,
      20,
      21,
      22,
      23,
      24,
      25,
      26,
      27,
      28,
      29
    ],
    "counts": [
      1,
      34,
      43,
      28,
      16,
      14,
      27,
      38,
      27,
      30,
      36,
      30,
      34,
      47,
      53,
      65,
      62,
      52,
      32,
      18,
      15,
      26,
      23,
      40,
      42,
      60,
      45,
      18,
      16,
      27,
      1
    ]
  },
  "0.304": {
    "val": [
      -2147483648,
      -1,
      0,
      1,
      2,
      3,
      4,
      5,
      6,
      7,
      8,
      9,
      10,
      11,
      12,
      13,
      14,
      15,
      16,
      17,
      18,
      19,
      20,
      21,
      22,
      23,
      24,
      25,
      26,
      27,
      28,
      29,
      30,
      31,
      32,
      33,
      34,
      35,
      36,
      37,
      38,
      39,
      40,
      41,
      42,
      43,
      44,
      45,
      46,
      47,
      48,
      49,
      50
    ],
    "counts": [
      219,
      1,
      34,
      34,
      22,
      11,
      7,
      3,
      7,
      7,
      13,
      16,
      20,
      8,
      6,
      10,
      8,
      11,
      18,
      18,
      25,
      19,
      17,
      26,
      27,
      31,
      29,
      28,
      45,
      48,
      23,
      17,
      24,
      13,
      1,
      1,
      1,
      2,
      5,
      2,
      2,
      3,
      5,
      6,
      4,
      10,
      12,
      18,
      12,
      18,
      17,
      34,
      2
    ]
  },
  "0.33666666666666667": {
    "val": [
      -2147483648,
      -1,
      0,
      1,
      2,
      3,
      4,
      5,
      6,
      7,
      8,
      9,
      10,
      11,
      12,
      13,
      14,
      15,
      16,
      17,
      18,
      19,
      20,
      21,
      22
    ],
    "counts": [
      826,
      1,
      34,
      26,
      17,
      13,
      8,
      5,
      2,
      3,
      4,
      2,
      1,
      1,
      1,
      3,
      4,
      9,
      9,
      11,
      11,
      2,
      1,
      4,
      2
    ]
  },
  "0.3693333333333333": {
    "val": [
      -2147483648,
      -1,
      0,
      1,
      2,
      3,
      4,
      5,
      6,
      7,
      8
    ],
    "counts": [
      892,
      1,
      34,
      26,
      16,
      12,
      5,
      5,
      6,
      1,
      2
    ]
  },
  "0.40199999999999997": {
    "val": [
      -2147483648,
      -1,
      0,
      1,
      2,
      3,
      4
    ],
    "counts": [
      917,
      1,
      34,
      22,
      16,
      9,
      1
    ]
  },
  "0.43466666666666665": {
    "val": [
      -2147483648,
      -1,
      0,
      1,
      2,
      3,
      4
    ],
    "counts": [
      918,
      1,
      34,
      21,
      14,
      8,
      4
    ]
  },
  "0.46733333333333327": {
    "val": [
      -2147483648,
      -1,
      0,
      1,
      2,
      3,
      4,
      5,
      6,
      7,
      8
    ],
    "counts": [
      918,
      1,
      34,
      15,
      9,
      7,
      4,
      3,
      2,
      4,
      3
    ]
  },
  "0.5": {
    "val": [
      -2147483648,
      -1,
      0,
      1,
      2,
      3,
      4,
      5,
      6,
      7,
      8,
      9
    ],
    "counts": [
      918,
      1,
      34,
      15,
      8,
      6,
      4,
      2,
      3,
      2,
      4,
      3
    ]
  }
}