{
  "0.01": {
    "val": [
      -1,
      0,
      1,
      2,
      3,
      4,
      5,
      6,
      7,
      8
    ],
    "counts": [
      1,
      17,
      37,
      36,
      106,
      127,
      248,
      222,
      159,
      47
    ]
  },
  "0.042666666666666665": {
    "val": [
      -1,
      0,
      1,
      2,
      3,
      4,
      5,
      6,
      7,
      8,
      9,
      10,
      11,
      12,
      13,
      14,
      15,
      16,
      17,
      18,
      19,
      20,
      21,
      22
    ],
    "counts": [
      1,
      17,
      37,
      10,
      17,
      16,
      18,
      15,
      16,
      30,
      68,
      50,
      53,
      58,
      81,
      91,
      106,
      81,
      58,
      54,
      48,
      44,
      20,
      11
    ]
  },
  "0.07533333333333332": {
    "val": [
      -1,
      0,
      1,
      2,
      3,
      4,
      5,
      6,
      7,
      8,
      9,
      10,
      11,
      12,
      13,
      14,
      15,
      16,
      17,
      18,
      19,
      20,
      21,
      22,
      23,
      24,
      25,
      26,
      27,
      28,
      29,
      30,
      31,
      32,
      33,
      34,
      35,
      36,
      37,
      38,
      39,
      40,
      41,
      42,
      43,
      44,
      45,
      46,
      47,
      48,
      49,
      50,
      51,
      52,
      53,
      54,
      55,
      56,
      57,
      58,
      59,
      60,
      61,
      62,
      63,
      64,
      65,
      66,
      67,
      68,
      69,
      70,
      71,
      72,
      73,
      74,
      75,
      76,
      77,
      78,
      79,
      80,
      81,
      82,
      83,
      84,
      85,
      86,
      87,
      88,
      89,
      90,
      91,
      92,
      93,
      94,
      95,
      96,
      97,
      98,
      99,
      100,
      101,
      102,
      103,
      104,
      105,
      106,
      107,
      108,
      109,
      110,
      111,
      112,
      113,
      114,
      115,
      116,
      117,
      118,
      119
    ],
    "counts": [
      1,
      17,
      13,
      3,
      4,
      6,
      5,
      4,
      5,
      5,
      5,
      5,
      5,
      4,
      5,
      4,
      5,
      5,
      3,
      6,
      4,
      4,
      6,
      4,
      4,
      6,
      4,
      5,
      6,
      4,
      5,
      6,
      4,
      6,
      5,
      4,
      9,
      9,
      12,
      15,
      8,
      8,
      12,
      8,
      9,
      13,
      11,
      14,
      17,
      21,
      15,
      12,
      18,
      16,
      14,
      9,
      10,
      10,
      10,
      13,
      12,
      14,
      15,
      15,
      12,
      12,
      10,
      13,
      4,
      6,
      4,
      5,
      6,
      4,
      6,
      6,
      6,
      3,
      7,
      6,
      5,
      5,
      6,
      5,
      4,
      7,
      5,
      7,
      10,
      3,
      9,
      7,
      6,
      8,
      7,
      7,
      12,
      5,
      18,
      19,
      28,
      31,
      11,
      13,
      11,
      4,
      7,
      7,
      5,
      10,
      8,
      5,
      6,
      7,
      5,
      7,
      8,
      8,
      6,
      9,
      3
    ]
  },
  "0.10799999999999998": {
    "val": [
      -1,
      0,
      1,
      2,
      3,
      4,
      5,
      6,
      7,
      8,
      9,
      10,
      11,
      12,
      13,
      14,
      15,
      16,
      17,
      18,
      19,
      20,
      21,
      22,
      23,
      24,
      25,
      26,
      27,
      28,
      29,
      30,
      31,
      32,
      33,
      34,
      35,
      36,
      37,
      38,
      39,
      40,
      41,
      42,
      43,
      44,
      45,
      46,
      47,
      48,
      49,
      50,
      51,
      52,
      53,
      54,
      55,
      56,
      57,
      58,
      59,
      60,
      61,
      62,
      63,
      64,
      65,
      66,
      67,
      68,
      69,
      70,
      71,
      72,
      73,
      74,
      75,
      76,
      77,
      78,
      79,
      80,
      81,
      82,
      83,
      84,
      85,
      86,
      87,
      88,
      89,
      90,
      91,
      92,
      93,
      94,
      95,
      96,
      97,
      98,
      99,
      100,
      101,
      102,
      103,
      104,
      105,
      106,
      107,
      108,
      109,
      110,
      111,
      112,
      113,
      114,
      115,
      116,
      117,
      118,
      119,
      120,
      121,
      122,
      123,
      124,
      125,
      126,
      127,
      128,
      129,
      130,
      131,
      132,
      133,
      134,
      135,
      136,
      137,
      138,
      139,
      140,
      141,
      142,
      143,
      144,
      145,
      146,
      147,
      148,
      149,
      150,
      151,
      152,
      153,
      154,
      155,
      156,
      157,
      158,
      159,
      160,
      161,
      162,
      163,
      164,
      165,
      166,
      167,
      168,
      169,
      170,
      171,
      172,
      173,
      174,
      175,
      176,
      177,
      178,
      179,
      180,
      181,
      182,
      183,
      184,
      185,
      186,
      187,
      188,
      189,
      190
    ],
    "counts": [
      1,
      17,
      13,
      2,
      1,
      5,
      4,
      4,
      3,
      3,
      4,
      3,
      3,
      4,
      5,
      2,
      4,
      4,
      4,
      2,
      3,
      5,
      3,
      3,
      2,
      5,
      3,
      3,
      4,
      4,
      3,
      3,
      4,
      4,
      2,
      4,
      4,
      3,
      4,
      3,
      4,
      3,
      4,
      4,
      4,
      3,
      4,
      4,
      3,
      4,
      3,
      3,
      5,
      2,
      3,
      3,
      9,
      5,
      10,
      8,
      8,
      11,
      6,
      7,
      6,
      7,
      9,
      6,
      7,
      7,
      10,
      6,
      7,
      7,
      10,
      8,
      8,
      9,
      3,
      4,
      4,
      3,
      3,
      11,
      3,
      9,
      9,
      10,
      5,
      8,
      7,
      7,
      10,
      6,
      10,
      8,
      7,
      8,
      10,
      7,
      11,
      4,
      5,
      3,
      4,
      4,
      4,
      3,
      3,
      6,
      3,
      3,
      4,
      4,
      4,
      2,
      4,
      4,
      4,
      4,
      3,
      4,
      4,
      3,
      5,
      4,
      3,
      6,
      4,
      3,
      4,
      2,
      6,
      2,
      4,
      5,
      3,
      4,
      4,
      5,
      4,
      6,
      5,
      2,
      4,
      4,
      7,
      4,
      3,
      4,
      4,
      5,
      3,
      7,
      4,
      4,
      3,
      5,
      4,
      6,
      3,
      5,
      14,
      5,
      9,
      10,
      11,
      14,
      8,
      10,
      8,
      12,
      10,
      6,
      12,
      5,
      3,
      5,
      4,
      4,
      6,
      5,
      4,
      4,
      4,
      4,
      4,
      8,
      3,
      4,
      7,
      4
    ]
  },