{
  "0.01": {
    "val": [
      -1,
      0,
      1,
      2
    ],
    "counts": [
      1,
      60,
      775,
      164
    ]
  },
  "0.042666666666666665": {
    "val": [
      -1,
      0,
      1,
      2
    ],
    "counts": [
      1,
      60,
      689,
      250
    ]
  },
  "0.07533333333333332": {
    "val": [
      -1,
      0,
      1,
      2,
      3
    ],
    "counts": [
      1,
      60,
      451,
      431,
      57
    ]
  },
  "0.10799999999999998": {
    "val": [
      -1,
      0,
      1,
      2,
      3,
      4
    ],
    "counts": [
      1,
      60,
      309,
      295,
      314,
      21
    ]
  },
  "0.14066666666666666": {
    "val": [
      -1,
      0,
      1,
      2,
      3,
      4,
      5
    ],
    "counts": [
      1,
      60,
      180,
      125,
      234,
      315,
      85
    ]
  },
  "0.17333333333333334": {
    "val": [
      -1,
      0,
      1,
      2,
      3,
      4,
      5,
      6,
      7,
      8
    ],
    "counts": [
      1,
      60,
      100,
      45,
      74,
      122,
      213,
      271,
      111,
      3
    ]
  },
  "0.206": {
    "val": [
      -1,
      0,
      1,
      2,
      3,
      4,
      5,
      6,
      7,
      8,
      9,
      10,
      11,
      12
    ],
    "counts": [
      1,
      60,
      46,
      13,
      19,
      18,
      41,
      53,
      70,
      116,
      193,
      233,
      131,
      6
    ]
  },
  "0.23866666666666664": {
    "val": [
      -1,
      0,
      1,
      2,
      3,
      4,
      5,
      6,
      7,
      8,
      9,
      10,
      11,
      12,
      13,
      14,
      15,
      16,
      17,
      18,
      19,
      20,
      21
    ],
    "counts": [
      1,
      60,
      23,
      4,
      2,
      2,
      6,
      5,
      11,
      13,
      12,
      16,
      21,
      19,
      36,
      34,
      56,
      93,
      132,
      182,
      192,
      76,
      4
    ]
  },
  "0.2713333333333333": {
    "val": [
      -1,
      0,
      1,
      3,
      4,
      5,
      8,
      10,
      11,
      13,
      14,
      15,
      17,
      18,
      20,
      21,
      22,
      23,
      24,
      26,
      27,
      29,
      31,
      32,
      33,
      34,
      36,
      37,
      38,
      39,
      40,
      42,
      43,
      44,
      45,
      46,
      47,
      48,
      49,
      50,
      51,
      52,
      53,
      54,
      55,
      56,
      57,
      58,
      59,
      60,
      61,
      62,
      63,
      64,
      65,
      66,
      67,
      68,
      69,
      70,
      71
    ],
    "counts": [
      1,
      60,
      10,
      1,
      1,
      2,
      1,
      1,
      4,
      1,
      1,
      1,
      1,
      1,
      1,
      1,
      1,
      1,
      1,
      1,
      1,
      2,
      1,
      3,
      1,
      1,
      1,
      1,
      1,
      1,
      2,
      2,
      4,
      1,
      1,
      2,
      4,
      2,
      3,
      3,
      2,
      5,
      4,
      4,
      4,
      9,
      5,
      13,
      13,
      18,
      18,
      23,
      28,
      39,
      59,
      79,
      97,
      143,
      170,
      125,
      13
    ]
  },
  "0.304": {
    "val": [
      -2147483648,
      -1,
      0,
      1,
      7,
      8
    ],
    "counts": [
      931,
      1,
      60,
      6,
      1,
      1
    ]
  },
  "0.33666666666666667": {
    "val": [
      -2147483648,
      -1,
      0,
      1,
      6
    ],
    "counts": [
      934,
      1,
      60,
      4,
      1
    ]
  },
  "0.3693333333333333": {
    "val": [
      -2147483648,
      -1,
      0,
      1,
      3
    ],
    "counts": [
      935,
      1,
      60,
      3,
      1
    ]
  },
  "0.40199999999999997": {
    "val": [
      -2147483648,
      -1,
      0,
      1
    ],
    "counts": [
      937,
      1,
      60,
      2
    ]
  },
  "0.43466666666666665": {
    "val": [
      -2147483648,
      -1,
      0,
      1
    ],
    "counts": [
      938,
      1,
      60,
      1
    ]
  },
  "0.46733333333333327": {
    "val": [
      -2147483648,
      -1,
      0,
      1
    ],
    "counts": [
      938,
      1,
      60,
      1
    ]
  },
  "0.5": {
    "val": [
      -2147483648,
      -1,
      0,
      1
    ],
    "counts": [
      938,
      1,
      60,
      1
    ]
  }
}