{
  "0.01": {
    "val": [
      -1,
      0,
      1,
      2
    ],
    "counts": [
      1,
      57,
      519,
      423
    ]
  },
  "0.042666666666666665": {
    "val": [
      -1,
      0,
      1,
      2,
      3
    ],
    "counts": [
      1,
      57,
      442,
      374,
      126
    ]
  },
  "0.07533333333333332": {
    "val": [
      -1,
      0,
      1,
      2,
      3,
      4,
      5
    ],
    "counts": [
      1,
      57,
      295,
      148,
      278,
      205,
      16
    ]
  },
  "0.10799999999999998": {
    "val": [
      -1,
      0,
      1,
      2,
      3,
      4,
      5,
      6,
      7
    ],
    "counts": [
      1,
      57,
      200,
      80,
      100,
      178,
      234,
      142,
      8
    ]
  },
  "0.14066666666666666": {
    "val": [
      -1,
      0,
      1,
      2,
      3,
      4,
      5,
      6,
      7,
      8,
      9
    ],
    "counts": [
      1,
      57,
      164,
      45,
      42,
      69,
      80,
      136,
      186,
      173,
      47
    ]
  },
  "0.17333333333333334": {
    "val": [
      -1,
      0,
      1,
      2,
      3,
      4,
      5,
      6,
      7,
      8,
      9,
      10,
      11,
      12,
      13
    ],
    "counts": [
      1,
      57,
      127,
      34,
      28,
      42,
      38,
      43,
      56,
      72,
      112,
      154,
      174,
      59,
      3
    ]
  },
  "0.206": {
    "val": [
      -1,
      0,
      1,
      2,
      3,
      4,
      5,
      6,
      7,
      8,
      9,
      10,
      11,
      12,
      13,
      14,
      15,
      16,
      17
    ],
    "counts": [
      1,
      57,
      101,
      31,
      26,
      21,
      23,
      27,
      33,
      32,
      35,
      44,
      46,
      79,
      105,
      143,
      142,
      53,
      1
    ]
  },
  "0.23866666666666664": {
    "val": [
      -1,
      0,
      1,
      2,
      3,
      4,
      5,
      6,
      7,
      8,
      9,
      10,
      11,
      12,
      13,
      14,
      15,
      16,
      17,
      18,
      19,
      20,
      21,
      22,
      23
    ],
    "counts": [
      1,
      57,
      78,
      19,
      21,
      25,
      17,
      13,
      13,
      15,
      21,
      21,
      13,
      27,
      33,
      25,
      32,
      27,
      53,
      58,
      74,
      115,
      141,
      90,
      11
    ]
  },
  "0.2713333333333333": {
    "val": [
      -1,
      0,
      1,
      2,
      3,
      4,
      5,
      6,
      7,
      8,
      9,
      10,
      11,
      12,
      13,
      14,
      15,
      16,
      17,
      18,
      19,
      20,
      21,
      22,
      23,
      24,
      25,
      26,
      27,
      28,
      29,
      30,
      31,
      32,
      33,
      34
    ],
    "counts": [
      1,
      57,
      59,
      18,
      16,
      16,
      16,
      18,
      13,
      14,
      7,
      12,
      10,
      11,
      7,
      10,
      12,
      11,
      18,
      18,
      17,
      9,
      19,
      18,
      19,
      26,
      27,
      32,
      40,
      38,
      66,
      101,
      120,
      90,
      32,
      2
    ]
  },
  "0.304": {
    "val": [
      -1,
      0,
      1,
      2,
      3,
      4,
      5,
      6,
      7,
      8,
      9,
      10,
      11,
      12,
      13,
      14,
      15,
      16,
      17,
      18,
      19,
      20,
      21,
      22,
      23,
      24,
      25,
      26,
      27,
      28,
      29,
      30,
      31,
      32,
      33,
      34,
      35,
      36,
      37,
      38,
      39,
      40,
      41,
      42,
      43,
      44,
      45,
      46,
      47,
      48,
      49,
      50,
      51,
      52,
      53,
      54,
      55,
      56
    ],
    "counts": [
      1,
      57,
      40,
      11,
      10,
      14,
      10,
      11,
      6,
      10,
      13,
      9,
      17,
      7,
      7,
      8,
      6,
      9,
      8,
      1,
      6,
      6,
      3,
      5,
      6,
      8,
      6,
      10,
      4,
      12,
      3,
      8,
      5,
      7,
      6,
      5,
      11,
      5,
      14,
      12,
      4,
      11,
      16,
      17,
      17,
      13,
      21,
      20,
      34,
      37,
      46,
      47,
      66,
      71,
      75,
      65,
      37,
      6
    ]
  },
  "0.33666666666666667": {
    "val": [
      -1,
      0,
      1,
      2,
      3,
      4,
      5,
      6,
      7,
      8,
      9,
      10,
      11,
      12,
      13,
      14,
      15,
      16,
      17,
      18,
      19,
      20,
      21,
      22,
      23,
      24,
      25,
      26,
      27,
      28,
      29,
      30,
      31,
      32,
      33,
      34,
      35,
      36,
      37,
      38,
      39,
      40,
      41,
      42,
      43,
      44,
      45,
      46,
      47,
      48,
      49,
      50,
      51,
      52,
      53,
      54,
      55,
      56,
      57,
      58,
      59,
      61,
      62,
      63,
      64,
      65,
      66,
      67,
      68,
      69,
      70,
      71,
      72,
      73,
      74,
      75,
      76,
      77,
      78,
      79,
      80,
      81,
      82,
      84,
      85,
      86,
      87,
      88,
      89,
      90,
      91,
      92,
      93,
      94,
      95,
      96,
      97,
      98,
      99,
      100,
      101,
      102,
      103,
      104,
      105,
      106,
      107,
      108,
      109
    ],
    "counts": [
      1,
      57,
      28,
      7,
      7,
      7,
      6,
      9,
      8,
      7,
      10,
      3,
      6,
      4,
      7,
      6,
      3,
      9,
      10,
      7,
      6,
      6,
      6,
      5,
      3,
      5,
      6,
      6,
      1,
      4,
      1,
      2,
      2,
      2,
      1,
      3,
      1,
      1,
      2,
      2,
      2,
      3,
      4,
      5,
      2,
      5,
      4,
      1,
      3,
      3,
      2,
      3,
      4,
      2,
      1,
      3,
      1,
      4,
      4,
      4,
      2,
      2,
      2,
      3,
      3,
      2,
      2,
      2,
      3,
      3,
      6,
      4,
      5,
      4,
      7,
      5,
      7,
      8,
      10,
      4,
      4,
      1,
      6,
      1,
      3,
      6,
      6,
      2,
      3,
      10,
      8,
      8,
      11,
      15,
      22,
      21,
      26,
      21,
      25,
      36,
      40,
      44,
      33,
      49,
      63,
      63,
      51,
      10,
      1
    ]
  },
  "0.3693333333333333": {
    "val": [
      -2147483648,
      -1,
      0,
      1,
      2,
      3,
      4,
      5,
      6,
      7,
      8,
      9,
      10,
      11,
      12,
      13,
      14,
      15,
      16,
      17,
      18,
      20,
      21,
      22,
      23,
      24,
      25,
      26,
      27,
      28,
      29,
      31,
      32,
      33,
      34,
      35,
      36,
      37,
      38,
      39,
      40,
      41,
      42,
      43,
      44,
      45,
      46,
      47,
      48,
      49,
      50,
      51,
      53,
      54,
      58,
      60,
      62,
      65,
      70,
      72,
      75,
      82,
      85,
      86,
      87,
      93,
      98,
      99,
      100,
      101,
      102,
      103,
      104,
      105,
      106,
      107,
      108,
      109,
      110,
      111,
      112,
      113,
      114,
      115,
      117,
      118,
      120,
      121,
      122,
      123,
      128,
      129
    ],