{
  "0.01": {
    "val": [
      -1,
      0,
      1,
      2,
      3
    ],
    "counts": [
      1,
      19,
      109,
      616,
      255
    ]
  },
  "0.042666666666666665": {
    "val": [
      -1,
      0,
      1,
      2,
      3,
      4
    ],
    "counts": [
      1,
      19,
      109,
      434,
      429,
      8
    ]
  },
  "0.07533333333333332": {
    "val": [
      -1,
      0,
      1,
      2,
      3,
      4,
      5,
      6,
      7
    ],
    "counts": [
      1,
      19,
      17,
      31,
      57,
      133,
      395,
      332,
      15
    ]
  },
  "0.10799999999999998": {
    "val": [
      -1,
      0,
      1,
      2,
      3,
      4,
      5,
      6,
      7,
      8,
      9
    ],
    "counts": [
      1,
      19,
      14,
      18,
      35,
      38,
      67,
      179,
      339,
      268,
      22
    ]
  },
  "0.14066666666666666": {
    "val": [
      -1,
      0,
      1,
      2,
      3,
      4,
      5,
      6,
      7,
      8,
      9,
      10,
      11,
      12,
      13,
      14,
      15,
      16
    ],
    "counts": [
      1,
      19,
      10,
      10,
      9,
      12,
      10,
      13,
      16,
      23,
      31,
      43,
      53,
      116,
      208,
      286,
      136,
      4
    ]
  },
  "0.17333333333333334": {
    "val": [
      -1,
      0,
      1,
      2,
      3,
      4,
      5,
      6,
      7,
      8,
      9,
      10,
      11,
      12,
      13,
      14,
      15,
      16,
      17,
      18,
      19,
      20,
      21,
      22,
      23,
      24,
      25
    ],
    "counts": [
      1,
      19,
      10,
      8,
      7,
      10,
      8,
      8,
      8,
      7,
      7,
      8,
      8,
      9,
      10,
      11,
      14,
      19,
      24,
      39,
      48,
      69,
      109,
      160,
      215,
      160,
      4
    ]
  },
  "0.206": {
    "val": [
      -1,
      0,
      1,
      2,
      3,
      4,
      5,
      6,
      7,
      8,
      9,
      10,
      11,
      12,
      13,
      14,
      15,
      16,
      17,
      18,
      19,
      20,
      21,
      22,
      23,
      24,
      25,
      26,
      27,
      28,
      29,
      30,
      31,
      32,
      33,
      34,
      35,
      36,
      37,
      38,
      39,
      40
    ],
    "counts": [
      1,
      19,
      8,
      5,
      7,
      7,
      8,
      7,
      7,
      6,
      7,
      7,
      4,
      6,
      9,
      7,
      8,
      7,
      8,
      6,
      9,
      8,
      5,
      6,
      8,
      9,
      10,
      14,
      13,
      19,
      24,
      28,
      19,
      27,
      36,
      46,
      67,
      95,
      141,
      148,
      102,
      22
    ]
  },
  "0.23866666666666664": {
    "val": [
      -1,
      0,
      1,
      2,
      3,
      4,
      5,
      6,
      7,
      8,
      9,
      10,
      11,
      12,
      13,
      14,
      15,
      16,
      17,
      18,
      19,
      20,
      21,
      22,
      23,
      24,
      25,
      26,
      27,
      28,
      29,
      30,
      31,
      32,
      33,
      34,
      35,
      36,
      37,
      38,
      39,
      40,
      41,
      42,
      43,
      44,
      45,
      46,
      47,
      48,
      49,
      50,
      51,
      52
    ],
    "counts": [
      1,
      19,
      7,
      4,
      6,
      5,
      6,
      6,
      8,
      5,
      5,
      6,
      7,
      5,
      3,
      5,
      7,
      6,
      6,
      7,
      7,
      5,
      7,
      6,
      6,
      6,
      4,
      5,
      7,
      6,
      7,
      8,
      9,
      7,
      8,
      10,
      11,
      24,
      20,
      13,
      22,
      20,
      27,
      22,
      27,
      30,
      36,
      43,
      70,
      84,
      99,
      113,
      70,
      37
    ]
  },
  "0.2713333333333333": {
    "val": [
      -1,
      0,
      1,
      2,
      3,
      4,
      5,
      6,
      7,
      8,
      9,
      10,
      11,
      12,
      13,
      14,
      15,
      16,
      17,
      18,
      19,
      20,
      21,
      22,
      23,
      24,
      25,
      26,
      27,
      28,
      29,
      30,
      31,
      32,
      33,
      34,
      35,
      36,
      37,
      38,
      39,
      40,
      41,
      42,
      43,
      44,
      45,
      46,
      47,
      48,
      49,
      50,
      51,
      52,
      53,
      54,
      55,
      56,
      57,
      58,
      59,
      60,
      61,
      62,
      63,
      64,
      65,
      66,
      67,
      68,
      69,
      70,
      71,
      72,
      73,
      74,
      75,
      76,
      77,
      78,
      79,
      80,
      81,
      82
    ],
    "counts": [
      1,
      19,
      6,
      3,
      5,
      4,
      5,
      4,
      5,
      6,
      4,
      3,
      4,
      5,
      5,
      6,
      3,
      4,
      3,
      6,
      5,
      5,
      3,
      6,
      6,
      5,
      5,
      6,
      5,
      5,
      5,
      4,
      4,
      3,
      5,
      5,
      5,
      7,
      4,
      6,
      5,
      5,
      5,
      6,
      5,
      4,
      8,
      7,
      7,
      6,
      6,
      6,
      8,
      3,
      7,
      7,
      7,
      11,
      13,
      15,
      10,
      14,
      12,
      14,
      15,
      14,
      15,
      15,
      14,
      13,
      17,
      13,
      23,
      24,
      29,
      49,
      43,
      48,
      59,
      53,
      60,
      69,
      35,
      1
    ]
  },
  "0.304": {
    "val": [
      -1,
      0,
      1,
      2,
      3,
      4,
      5,
      6,
      7,
      8,
      9,
      10,
      11,
      12,
      13,
      14,
      15,
      16,
      17,
      18,
      19,
      20,
      21,
      22,
      23,
      24,
      25,
      26,
      27,
      28,
      29,
      30,
      31,
      32,
      33,
      34,
      35,
      36,
      37,
      38,
      39,
      40,
      41,
      42,
      43,
      44,
      45,
      46,
      47,
      48,
      49,
      50,
      51,
      52,
      53,
      54,
      55,
      56,
      57,
      58,
      59,
      60,
      61,
      62,
      63,
      64,
      65,
      66,
      67,
      68,
      69,
      70,
      71,
      72,
      73,
      74,
      75,
      76,
      77,
      78,
      79,
      80,
      81,
      82,
      83,
      84,
      85,
      86,
      87,
      88,
      89,
      90,
      91,
      92,
      93,
      94,
      95,
      96,
      97,
      98,
      99,
      100,
      101,
      102,
      103,
      104,
      105,
      106,
      107,
      108,
      109,
      110,
      111,
      112,
      113,
      114,
      115,
      116,
      117,
      118,
      119,
      120,
      121,
      122,
      123,
      124,
      125,
      126,
      127,
      128,
      129,
      130,
      131,
      132,
      133,
      134
    ],