{
  "0.01": {
    "val": [
      -1,
      0,
      1,
      2,
      3
    ],
    "counts": [
      1,
      57,
      519,
      419,
      4
    ]
  },
  "0.042666666666666665": {
    "val": [
      -1,
      0,
      1,
      2,
      3,
      4
    ],
    "counts": [
      1,
      57,
      442,
      186,
      273,
      41
    ]
  },
  "0.07533333333333332": {
    "val": [
      -1,
      0,
      1,
      2,
      3,
      4,
      5,
      6,
      7
    ],
    "counts": [
      1,
      57,
      295,
      98,
      126,
      203,
      175,
      44,
      1
    ]
  },
  "0.10799999999999998": {
    "val": [
      -1,
      0,
      1,
      2,
      3,
      4,
      5,
      6,
      7,
      8,
      9,
      10
    ],
    "counts": [
      1,
      57,
      200,
      42,
      61,
      58,
      86,
      125,
      151,
      140,
      67,
      12
    ]
  },
  "0.14066666666666666": {
    "val": [
      -1,
      0,
      1,
      2,
      3,
      4,
      5,
      6,
      7,
      8,
      9,
      10,
      11,
      12,
      13,
      14
    ],
    "counts": [
      1,
      57,
      164,
      20,
      29,
      24,
      34,
      41,
      42,
      63,
      85,
      97,
      126,
      117,
      77,
      23
    ]
  },
  "0.17333333333333334": {
    "val": [
      -1,
      0,
      1,
      2,
      3,
      4,
      5,
      6,
      7,
      8,
      9,
      10,
      11,
      12,
      13,
      14,
      15,
      16,
      17,
      18,
      19,
      20
    ],
    "counts": [
      1,
      57,
      127,
      18,
      26,
      14,
      19,
      24,
      24,
      26,
      23,
      26,
      29,
      53,
      49,
      68,
      97,
      92,
      122,
      65,
      36,
      4
    ]
  },
  "0.206": {
    "val": [
      -1,
      0,
      1,
      2,
      3,
      4,
      5,
      6,
      7,
      8,
      9,
      10,
      11,
      12,
      13,
      14,
      15,
      16,
      17,
      18,
      19,
      20,
      21,
      22,
      23,
      24,
      25,
      26,
      27
    ],
    "counts": [
      1,
      57,
      101,
      16,
      21,
      16,
      13,
      12,
      9,
      15,
      17,
      16,
      21,
      17,
      19,
      21,
      18,
      30,
      23,
      29,
      43,
      62,
      60,
      79,
      97,
      104,
      50,
      30,
      3
    ]
  },
  "0.23866666666666664": {
    "val": [
      -1,
      0,
      1,
      2,
      3,
      4,
      5,
      6,
      7,
      8,
      9,
      10,
      11,
      12,
      13,
      14,
      15,
      16,
      17,
      18,
      19,
      20,
      21,
      22,
      23,
      24,
      25,
      26,
      27,
      28,
      29,
      30,
      31,
      32,
      33,
      34,
      35,
      36,
      37,
      38
    ],
    "counts": [
      1,
      57,
      78,
      12,
      10,
      15,
      15,
      14,
      7,
      8,
      10,
      7,
      7,
      8,
      11,
      13,
      13,
      12,
      9,
      9,
      15,
      16,
      19,
      18,
      16,
      15,
      14,
      18,
      24,
      28,
      39,
      38,
      45,
      43,
      79,
      102,
      77,
      61,
      15,
      2
    ]
  },
  "0.2713333333333333": {
    "val": [
      -1,
      0,
      1,
      2,
      3,
      4,
      5,
      6,
      7,
      8,
      9,
      10,
      11,
      12,
      13,
      14,
      15,
      16,
      17,
      18,
      19,
      20,
      21,
      22,
      23,
      24,
      25,
      26,
      27,
      28,
      29,
      30,
      31,
      32,
      33,
      34,
      35,
      36,
      37,
      38,
      39,
      40,
      41,
      42,
      43,
      44,
      45,
      46,
      47,
      48,
      49,
      50,
      51,
      52,
      53,
      54,
      55,
      56
    ],
    "counts": [
      1,
      57,
      59,
      12,
      7,
      12,
      10,
      8,
      11,
      14,
      7,
      9,
      7,
      6,
      8,
      5,
      4,
      5,
      6,
      8,
      6,
      7,
      2,
      7,
      5,
      6,
      7,
      6,
      5,
      12,
      12,
      11,
      9,
      8,
      8,
      8,
      12,
      12,
      9,
      14,
      10,
      10,
      20,
      17,
      10,
      23,
      23,
      28,
      19,
      39,
      42,
      67,
      66,
      79,
      62,
      44,
      15,
      4
    ]
  },
  "0.304": {
    "val": [
      -1,
      0,
      1,
      2,
      3,
      4,
      5,
      6,
      7,
      8,
      9,
      10,
      11,
      12,
      13,
      14,
      15,
      16,
      17,
      18,
      19,
      20,
      21,
      22,
      23,
      24,
      25,
      26,
      27,
      28,
      29,
      31,
      32,
      33,
      34,
      35,
      36,
      38,
      39,
      40,
      41,
      42,
      43,
      44,
      45,
      46,
      47,
      48,
      49,
      50,
      51,
      52,
      53,
      54,
      55,
      56,
      57,
      58,
      59,
      60,
      61,
      62,
      63,
      64,
      65,
      66,
      67,
      68,
      69,
      70,
      71,
      72,
      73,
      74,
      75,
      76,
      77,
      78,
      79,
      80,
      81,
      82,
      83,
      84,
      85,
      86,
      87,
      88,
      89,
      90,
      91,
      92,
      93,
      94,
      95
    ],
    "counts": [
      1,
      57,
      40,
      8,
      4,
      6,
      5,
      12,
      6,
      3,
      4,
      9,
      2,
      6,
      5,
      8,
      6,
      5,
      6,
      10,
      8,
      5,
      3,
      7,
      3,
      3,
      4,
      7,
      3,
      3,
      5,
      2,
      4,
      6,
      1,
      2,
      2,
      5,
      5,
      6,
      2,
      2,
      6,
      5,
      3,
      4,
      6,
      7,
      1,
      3,
      3,
      4,
      3,
      5,
      3,
      4,
      4,
      1,
      3,
      6,
      7,
      3,
      8,
      7,
      6,
      5,
      4,
      6,
      7,
      8,
      10,
      9,
      12,
      11,
      5,
      8,
      12,
      13,
      14,
      14,
      19,
      28,
      25,
      32,
      23,
      33,
      43,
      39,
      44,
      47,
      46,
      44,
      29,
      15,
      2
    ]
  },