{
  "0.01": {
    "val": [
      -1,
      0,
      1,
      2,
      3
    ],
    "counts": [
      1,
      37,
      389,
      526,
      47
    ]
  },
  "0.042666666666666665": {
    "val": [
      -1,
      0,
      1,
      2,
      3,
      4,
      5,
      6
    ],
    "counts": [
      1,
      37,
      349,
      46,
      271,
      225,
      66,
      5
    ]
  },
  "0.07533333333333332": {
    "val": [
      -1,
      0,
      1,
      2,
      3,
      4,
      5,
      6,
      7,
      8,
      9
    ],
    "counts": [
      1,
      37,
      259,
      35,
      37,
      84,
      143,
      171,
      142,
      75,
      16
    ]
  },
  "0.10799999999999998": {
    "val": [
      -1,
      0,
      1,
      2,
      3,
      4,
      5,
      6,
      7,
      8,
      9,
      10,
      11,
      12,
      13,
      14,
      15
    ],
    "counts": [
      1,
      37,
      174,
      22,
      32,
      23,
      31,
      47,
      61,
      86,
      106,
      120,
      108,
      88,
      49,
      14,
      1
    ]
  },
  "0.14066666666666666": {
    "val": [
      -1,
      0,
      1,
      2,
      3,
      4,
      5,
      6,
      7,
      8,
      9,
      10,
      11,
      12,
      13,
      14,
      15,
      16,
      17,
      18,
      19,
      20,
      21,
      22,
      23
    ],
    "counts": [
      1,
      37,
      102,
      3,
      9,
      20,
      16,
      18,
      16,
      11,
      24,
      25,
      35,
      38,
      45,
      60,
      62,
      81,
      89,
      87,
      83,
      77,
      42,
      16,
      3
    ]
  },
  "0.17333333333333334": {
    "val": [
      -1,
      0,
      1,
      2,
      3,
      4,
      5,
      6,
      7,
      8,
      9,
      10,
      11,
      12,
      13,
      14,
      15,
      16,
      17,
      18,
      19,
      20,
      21,
      22,
      23,
      24,
      25,
      26,
      27,
      28,
      29,
      30,
      31,
      32,
      33,
      34,
      35,
      36,
      37
    ],
    "counts": [
      1,
      37,
      61,
      3,
      5,
      3,
      13,
      2,
      4,
      12,
      8,
      6,
      10,
      6,
      12,
      12,
      9,
      14,
      10,
      16,
      24,
      14,
      32,
      28,
      40,
      39,
      36,
      56,
      67,
      58,
      62,
      76,
      77,
      69,
      46,
      20,
      10,
      1,
      1
    ]
  },
  "0.206": {
    "val": [
      -1,
      0,
      1,
      2,
      3,
      5,
      6,
      7,
      8,
      10,
      11,
      12,
      13,
      14,
      15,
      16,
      17,
      18,
      19,
      20,
      21,
      22,
      23,
      24,
      25,
      26,
      27,
      28,
      29,
      30,
      31,
      32,
      33,
      34,
      35,
      36,
      37,
      38,
      39,
      40,
      41,
      42,
      43,
      44,
      45,
      46,
      47,
      48,
      49,
      50,
      51,
      52,
      53,
      54,
      55,
      56,
      57
    ],
    "counts": [
      1,
      37,
      42,
      1,
      2,
      1,
      5,
      2,
      2,
      8,
      4,
      3,
      4,
      3,
      8,
      1,
      5,
      3,
      4,
      6,
      4,
      8,
      6,
      7,
      9,
      5,
      4,
      10,
      9,
      10,
      8,
      12,
      15,
      12,
      10,
      15,
      15,
      28,
      20,
      26,
      24,
      32,
      38,
      38,
      55,
      42,
      60,
      56,
      62,
      64,
      56,
      47,
      28,
      16,
      5,
      1,
      1
    ]
  },
  "0.23866666666666664": {
    "val": [
      -1,
      0,
      1,
      3,
      4,
      5,
      8,
      11,
      12,
      13,
      14,
      15,
      16,
      18,
      20,
      21,
      22,
      23,
      24,
      25,
      26,
      27,
      29,
      31,
      33,
      34,
      35,
      36,
      37,
      38,
      39,
      40,
      41,
      42,
      43,
      44,
      45,
      46,
      47,
      48,
      49,
      50,
      51,
      52,
      54,
      55,
      56,
      57,
      58,
      59,
      60,
      61,
      62,
      63,
      64,
      65,
      66,
      67,
      68,
      69,
      70,
      71,
      72,
      73,
      74,
      75,
      76,
      77,
      78,
      79,
      80,
      81,
      82,
      83,
      84,
      85,
      86,
      87,
      88,
      89,
      90,
      91,
      92,
      93,
      94,
      95,
      96,
      97,
      98,
      99,
      100,
      101,
      102,
      103,
      104,
      105,
      106,
      107,
      108
    ],
    "counts": [
      1,
      37,
      26,
      2,
      3,
      1,
      1,
      1,
      4,
      1,
      1,
      1,
      2,
      1,
      1,
      1,
      1,
      3,
      1,
      5,
      2,
      2,
      1,
      3,
      1,
      2,
      1,
      1,
      3,
      1,
      1,
      2,
      1,
      1,
      1,
      2,
      2,
      2,
      3,
      4,
      6,
      2,
      1,
      3,
      2,
      4,
      2,
      3,
      8,
      3,
      2,
      2,
      2,
      5,
      2,
      3,
      4,
      6,
      5,
      5,
      7,
      3,
      5,
      7,
      7,
      8,
      6,
      3,
      10,
      5,
      9,
      13,
      16,
      12,
      18,
      17,
      12,
      18,
      14,
      18,
      14,
      29,
      36,
      42,
      35,
      32,
      41,
      46,
      57,
      55,
      37,
      48,
      46,
      30,
      25,
      13,
      3,
      2,
      1
    ]
  },
  "0.2713333333333333": {
    "val": [
      -2147483648,
      -1,
      0,
      1,
      3,
      4,
      6,
      7,
      10,
      12,
      16,
      24,
      25,
      26,
      28,
      30,
      34,
      45
    ],
    "counts": [
      933,
      1,
      37,
      13,
      1,
      1,
      1,
      1,
      2,
      1,
      1,
      1,
      1,
      2,
      1,
      1,
      1,
      1
    ]
  },
  "0.304": {
    "val": [
      -2147483648,
      -1,
      0,
      1
    ],
    "counts": [
      952,
      1,
      37,
      10
    ]
  },
  "0.33666666666666667": {
    "val": [
      -2147483648,
      -1,
      0,
      1
    ],
    "counts": [
      954,
      1,
      37,
      8
    ]
  },
  "0.3693333333333333": {
    "val": [
      -2147483648,
      -1,
      0,
      1
    ],
    "counts": [
      955,
      1,
      37,
      7
    ]
  },
  "0.40199999999999997": {
    "val": [
      -2147483648,
      -1,
      0,
      1
    ],
    "counts": [
      956,
      1,
      37,
      6
    ]
  },
  "0.43466666666666665": {
    "val": [
      -2147483648,
      -1,
      0,
      1
    ],
    "counts": [
      956,
      1,
      37,
      6
    ]
  },
  "0.46733333333333327": {
    "val": [
      -2147483648,
      -1,
      0,
      1
    ],
    "counts": [
      957,
      1,
      37,
      5
    ]
  },
  "0.5": {
    "val": [
      -2147483648,
      -1,
      0,
      1
    ],
    "counts": [
      957,
      1,
      37,
      5
    ]
  }
}