{
  "0.01": {
    "val": [
      -1,
      0,
      1,
      2,
      3,
      4,
      5,
      6,
      7,
      8,
      9,
      10,
      11,
      12,
      13,
      14,
      15,
      16,
      17
    ],
    "counts": [
      1,
      9,
      16,
      13,
      21,
      19,
      37,
      40,
      66,
      88,
      86,
      97,
      106,
      117,
      95,
      72,
      58,
      33,
      26
    ]
  },
  "0.042666666666666665": {
    "val": [
      -2147483648,
      -1,
      0,
      1,
      3
    ],
    "counts": [
      966,
      1,
      9,
      16,
      8
    ]
  },
  "0.07533333333333332": {
    "val": [
      -2147483648,
      -1,
      0,
      1,
      3
    ],
    "counts": [
      973,
      1,
      9,
      16,
      1
    ]
  },
  "0.10799999999999998": {
    "val": [
      -2147483648,
      -1,
      0,
      1
    ],
    "counts": [
      974,
      1,
      9,
      16
    ]
  },
  "0.14066666666666666": {
    "val": [
      -2147483648,
      -1,
      0,
      1,
      2
    ],
    "counts": [
      982,
      1,
      9,
      6,
      2
    ]
  },
  "0.17333333333333334": {
    "val": [
      -2147483648,
      -1,
      0,
      1
    ],
    "counts": [
      984,
      1,
      9,
      6
    ]
  },
  "0.206": {
    "val": [
      -2147483648,
      -1,
      0,
      1
    ],
    "counts": [
      984,
      1,
      9,
      6
    ]
  },
  "0.23866666666666664": {
    "val": [
      -2147483648,
      -1,
      0,
      1
    ],
    "counts": [
      984,
      1,
      9,
      6
    ]
  },
  "0.2713333333333333": {
    "val": [
      -2147483648,
      -1,
      0,
      1,
      3
    ],
    "counts": [
      984,
      1,
      9,
      4,
      2
    ]
  },
  "0.304": {
    "val": [
      -2147483648,
      -1,
      0,
      1
    ],
    "counts": [
      986,
      1,
      9,
      4
    ]
  },
  "0.33666666666666667": {
    "val": [
      -2147483648,
      -1,
      0,
      1
    ],
    "counts": [
      986,
      1,
      9,
      4
    ]
  },
  "0.3693333333333333": {
    "val": [
      -2147483648,
      -1,
      0,
      1
    ],
    "counts": [
      986,
      1,
      9,
      4
    ]
  },
  "0.40199999999999997": {
    "val": [
      -2147483648,
      -1,
      0,
      1
    ],
    "counts": [
      988,
      1,
      9,
      2
    ]
  },
  "0.43466666666666665": {
    "val": [
      -2147483648,
      -1,
      0,
      1
    ],
    "counts": [
      988,
      1,
      9,
      2
    ]
  },
  "0.46733333333333327": {
    "val": [
      -2147483648,
      -1,
      0,
      1
    ],
    "counts": [
      988,
      1,
      9,
      2
    ]
  },
  "0.5": {
    "val": [
      -2147483648,
      -1,
      0,
      1
    ],
    "counts": [
      988,
      1,
      9,
      2
    ]
  }
}