{
  "0.01": {
    "val": [
      -1,
      0,
      1,
      2,
      3,
      4,
      5,
      6,
      7,
      8,
      9
    ],
    "counts": [
      1,
      9,
      31,
      20,
      86,
      101,
      187,
      220,
      252,
      82,
      11
    ]
  },
  "0.042666666666666665": {
    "val": [
      -2147483648,
      -1,
      0,
      1,
      3
    ],
    "counts": [
      951,
      1,
      9,
      31,
      8
    ]
  },
  "0.07533333333333332": {
    "val": [
      -2147483648,
      -1,
      0,
      1
    ],
    "counts": [
      959,
      1,
      9,
      31
    ]
  },
  "0.10799999999999998": {
    "val": [
      -2147483648,
      -1,
      0,
      1,
      2
    ],
    "counts": [
      960,
      1,
      9,
      29,
      1
    ]
  },
  "0.14066666666666666": {
    "val": [
      -2147483648,
      -1,
      0,
      1,
      2,
      3,
      4,
      5,
      7
    ],
    "counts": [
      964,
      1,
      9,
      12,
      1,
      4,
      2,
      1,
      6
    ]
  },
  "0.17333333333333334": {
    "val": [
      -2147483648,
      -1,
      0,
      1
    ],
    "counts": [
      983,
      1,
      9,
      7
    ]
  },
  "0.206": {
    "val": [
      -2147483648,
      -1,
      0,
      1
    ],
    "counts": [
      983,
      1,
      9,
      7
    ]
  },
  "0.23866666666666664": {
    "val": [
      -2147483648,
      -1,
      0,
      1
    ],
    "counts": [
      983,
      1,
      9,
      7
    ]
  },
  "0.2713333333333333": {
    "val": [
      -2147483648,
      -1,
      0,
      1,
      3
    ],
    "counts": [
      983,
      1,
      9,
      5,
      2
    ]
  },
  "0.304": {
    "val": [
      -2147483648,
      -1,
      0,
      1
    ],
    "counts": [
      986,
      1,
      9,
      4
    ]
  },
  "0.33666666666666667": {
    "val": [
      -2147483648,
      -1,
      0,
      1
    ],
    "counts": [
      987,
      1,
      9,
      3
    ]
  },
  "0.3693333333333333": {
    "val": [
      -2147483648,
      -1,
      0,
      1
    ],
    "counts": [
      987,
      1,
      9,
      3
    ]
  },
  "0.40199999999999997": {
    "val": [
      -2147483648,
      -1,
      0,
      1
    ],
    "counts": [
      988,
      1,
      9,
      2
    ]
  },
  "0.43466666666666665": {
    "val": [
      -2147483648,
      -1,
      0,
      1
    ],
    "counts": [
      988,
      1,
      9,
      2
    ]
  },
  "0.46733333333333327": {
    "val": [
      -2147483648,
      -1,
      0,
      1
    ],
    "counts": [
      988,
      1,
      9,
      2
    ]
  },
  "0.5": {
    "val": [
      -2147483648,
      -1,
      0,
      1
    ],
    "counts": [
      988,
      1,
      9,
      2
    ]
  }
}