{
  "0.01": {
    "val": [
      -1,
      0,
      1,
      2,
      3,
      4,
      5,
      6,
      7
    ],
    "counts": [
      1,
      19,
      116,
      28,
      133,
      267,
      310,
      115,
      11
    ]
  },
  "0.042666666666666665": {
    "val": [
      -1,
      0,
      1,
      3,
      4,
      5,
      6,
      7,
      8,
      9,
      10,
      11,
      12,
      13,
      14,
      15,
      16,
      17,
      18,
      19
    ],
    "counts": [
      1,
      19,
      116,
      1,
      9,
      11,
      20,
      30,
      35,
      58,
      55,
      76,
      107,
      100,
      125,
      96,
      58,
      44,
      27,
      12
    ]
  },
  "0.07533333333333332": {
    "val": [
      -1,
      0,
      1,
      3,
      4,
      5,
      6,
      7,
      8,
      9,
      10,
      11,
      12,
      13,
      14,
      15,
      16,
      17,
      18,
      19,
      20,
      21,
      22,
      23,
      24,
      25,
      26,
      27,
      28,
      29,
      30,
      31,
      32,
      33,
      34,
      35,
      36,
      37,
      38,
      39,
      40,
      41,
      42,
      43,
      44,
      45,
      46,
      47,
      48,
      49,
      50,
      51
    ],
    "counts": [
      1,
      19,
      18,
      3,
      4,
      2,
      4,
      1,
      3,
      4,
      2,
      10,
      3,
      7,
      8,
      7,
      6,
      8,
      5,
      4,
      5,
      14,
      10,
      10,
      10,
      12,
      13,
      16,
      19,
      18,
      17,
      23,
      28,
      30,
      28,
      33,
      36,
      42,
      48,
      48,
      46,
      58,
      54,
      56,
      59,
      42,
      45,
      25,
      19,
      8,
      7,
      2
    ]
  },
  "0.10799999999999998": {
    "val": [
      -1,
      0,
      1,
      8,
      10,
      12,
      13,
      15,
      16,
      18,
      19,
      20,
      21,
      23,
      24,
      25,
      26,
      27,
      28,
      30,
      31,
      32,
      33,
      34,
      35,
      36,
      37,
      38,
      39,
      40,
      41,
      42,
      43,
      44,
      45,
      46,
      47,
      48,
      49,
      50,
      51,
      52,
      54,
      55,
      56,
      57,
      58,
      59,
      60,
      61,
      62,
      63,
      64,
      65,
      66,
      67,
      68,
      69,
      70,
      71,
      72,
      73,
      74,
      75,
      76,
      77,
      78,
      79,
      80,
      81,
      82,
      83,
      84,
      85,
      86,
      87,
      88,
      89,
      90,
      91,
      92,
      93,
      94,
      95,
      96,
      98,
      99
    ],
    "counts": [
      1,
      19,
      15,
      1,
      1,
      2,
      2,
      1,
      2,
      1,
      2,
      1,
      5,
      2,
      3,
      2,
      3,
      2,
      1,
      2,
      3,
      4,
      4,
      1,
      4,
      2,
      1,
      1,
      2,
      7,
      3,
      5,
      1,
      2,
      3,
      4,
      3,
      3,
      6,
      7,
      7,
      5,
      3,
      5,
      7,
      7,
      7,
      5,
      9,
      11,
      9,
      6,
      9,
      9,
      10,
      13,
      11,
      14,
      12,
      19,
      18,
      26,
      25,
      23,
      18,
      16,
      25,
      28,
      28,
      40,
      31,
      33,
      36,
      29,
      32,
      43,
      32,
      45,
      38,
      37,
      34,
      16,
      15,
      8,
      5,
      5,
      2
    ]
  },
  "0.14066666666666666": {
    "val": [
      -1,
      0,
      1,
      4,
      13,
      16,
      17,
      18,
      19,
      21,
      23,
      26,
      27,
      28,
      29,
      32,
      33,
      34,
      35,
      37,
      41,
      44,
      46,
      48,
      51,
      52,
      53,
      55,
      57,
      58,
      59,
      63,
      67,
      68,
      69,
      70,
      71,
      72,
      74,
      77,
      80,
      81,
      82,
      83,
      84,
      86,
      88,
      89,
      93,
      95,
      97,
      98,
      99,
      100,
      101,
      102,
      103,
      104,
      105,
      106,
      107,
      108,
      109,
      110,
      111,
      112,
      114,
      115,
      116,
      117,
      118,
      120,
      121,
      122,
      123,
      124,
      125,
      126,
      127,
      128,
      129,
      130,
      131,
      132,
      133,
      134,
      135,
      136,
      137,
      138,
      139,
      140,
      141,
      142,
      143,
      144,
      145,
      146,
      147,
      148,
      149,
      150,
      151,
      152,
      153,
      154,
      155,
      156,
      157,
      158,
      159,
      160,
      161,
      162,
      163,
      164,
      165,
      166,
      167,
      168,
      169,
      170,
      171,
      172,
      173,
      174,
      175,
      176,
      177,
      178,
      179,
      180,
      181,
      182,
      183,
      184,
      185
    ],
    "counts": [
      1,
      19,
      11,
      3,
      1,
      1,
      1,
      1,
      2,
      1,
      1,
      2,
      1,
      1,
      1,
      1,
      1,
      1,
      1,
      4,
      1,
      3,
      1,
      1,
      1,
      2,
      1,
      1,
      3,
      1,
      1,
      2,
      2,
      1,
      2,
      3,
      1,
      1,
      1,
      3,
      2,
      1,
      1,
      1,
      1,
      1,
      1,
      4,
      1,
      1,
      1,
      2,
      2,
      2,
      1,
      2,
      2,
      2,
      1,
      1,
      1,
      1,
      2,
      1,
      2,
      4,
      4,
      4,
      2,
      3,
      1,
      6,
      3,
      3,
      5,
      12,
      1,
      5,
      7,
      5,
      5,
      4,
      2,
      6,
      9,
      10,
      10,
      6,
      8,
      9,
      6,
      9,
      11,
      12,
      7,
      12,
      15,
      17,
      23,
      16,
      12,
      10,
      20,
      18,
      18,
      11,
      17,
      13,
      23,
      17,
      12,
      13,
      15,
      22,
      12,
      25,
      20,
      22,
      25,
      19,
      23,
      26,
      30,
      30,
      22,
      18,
      20,
      16,
      25,
      15,
      12,
      11,
      7,
      4,
      6,
      2,
      3
    ]
  },