{
  "0.01": {
    "val": [
      -1,
      0,
      1,
      2
    ],
    "counts": [
      1,
      60,
      775,
      164
    ]
  },
  "0.042666666666666665": {
    "val": [
      -1,
      0,
      1,
      2,
      3
    ],
    "counts": [
      1,
      60,
      689,
      144,
      106
    ]
  },
  "0.07533333333333332": {
    "val": [
      -1,
      0,
      1,
      2,
      3,
      4,
      5
    ],
    "counts": [
      1,
      60,
      451,
      194,
      152,
      137,
      5
    ]
  },
  "0.10799999999999998": {
    "val": [
      -1,
      0,
      1,
      2,
      3,
      4,
      5,
      6,
      7
    ],
    "counts": [
      1,
      60,
      309,
      66,
      107,
      177,
      146,
      112,
      22
    ]
  },
  "0.14066666666666666": {
    "val": [
      -1,
      0,
      1,
      2,
      3,
      4,
      5,
      6,
      7,
      8,
      9,
      10,
      11,
      12
    ],
    "counts": [
      1,
      60,
      180,
      36,
      42,
      46,
      66,
      84,
      125,
      145,
      111,
      82,
      21,
      1
    ]
  },
  "0.17333333333333334": {
    "val": [
      -1,
      0,
      1,
      2,
      3,
      4,
      5,
      6,
      7,
      8,
      9,
      10,
      11,
      12,
      13,
      14,
      15,
      16,
      17,
      18,
      19
    ],
    "counts": [
      1,
      60,
      100,
      9,
      9,
      23,
      22,
      22,
      32,
      31,
      31,
      52,
      75,
      80,
      90,
      121,
      95,
      85,
      51,
      10,
      1
    ]
  },
  "0.206": {
    "val": [
      -1,
      0,
      1,
      2,
      3,
      4,
      5,
      6,
      7,
      8,
      9,
      10,
      11,
      12,
      13,
      14,
      15,
      16,
      17,
      18,
      19,
      20,
      21,
      22,
      23,
      24,
      25,
      26,
      27,
      28,
      29,
      30,
      31,
      32
    ],
    "counts": [
      1,
      60,
      46,
      4,
      5,
      5,
      2,
      3,
      8,
      9,
      2,
      7,
      6,
      13,
      21,
      10,
      17,
      19,
      21,
      18,
      26,
      28,
      36,
      41,
      46,
      73,
      75,
      79,
      93,
      86,
      68,
      50,
      19,
      3
    ]
  },
  "0.23866666666666664": {
    "val": [
      -1,
      0,
      1,
      2,
      4,
      5,
      6,
      7,
      10,
      11,
      12,
      13,
      14,
      15,
      16,
      17,
      18,
      19,
      20,
      21,
      22,
      23,
      24,
      25,
      26,
      27,
      28,
      29,
      30,
      31,
      32,
      33,
      34,
      35,
      36,
      37,
      38,
      39,
      40,
      41,
      42,
      43,
      44,
      45,
      46,
      47,
      48,
      49,
      50,
      51,
      52,
      53,
      54,
      55,
      56,
      57,
      58,
      59,
      60,
      61
    ],
    "counts": [
      1,
      60,
      23,
      1,
      2,
      1,
      1,
      1,
      1,
      1,
      1,
      2,
      3,
      1,
      2,
      3,
      2,
      4,
      4,
      1,
      2,
      5,
      4,
      5,
      5,
      2,
      3,
      5,
      9,
      7,
      7,
      9,
      5,
      8,
      8,
      6,
      10,
      15,
      8,
      13,
      14,
      17,
      13,
      19,
      21,
      38,
      40,
      38,
      37,
      55,
      57,
      63,
      72,
      76,
      72,
      51,
      40,
      20,
      5,
      1
    ]
  },
  "0.2713333333333333": {
    "val": [
      -1,
      0,
      1,
      8,
      10,
      13,
      14,
      22,
      31,
      32,
      36,
      40,
      41,
      47,
      51,
      58,
      62,
      69,
      71,
      74,
      78,
      84,
      87,
      93,
      99,
      101,
      102,
      104,
      106,
      109,
      116,
      118,
      121,
      127,
      129,
      130,
      136,
      137,
      138,
      139,
      140,
      143,
      146,
      149,
      150,
      152,
      154,
      158,
      159,
      162,
      163,
      164,
      165,
      167,
      168,
      169,
      170,
      174,
      175,
      176,
      177,
      178,
      179,
      180,
      181,
      182,
      183,
      184,
      185,
      186,
      187,
      188,
      189,
      190,
      191,
      192,
      193,
      194,
      195,
      196,
      197,
      198,
      199,
      200,
      201,
      202,
      203,
      204,
      205,
      206,
      207,
      208,
      209,
      210,
      211,
      212,
      213,
      214,
      215,
      216,
      217,
      218,
      219,
      220,
      221,
      222,
      223,
      224,
      225
    ],
    "counts": [
      1,
      60,
      10,
      1,
      1,
      1,
      1,
      1,
      1,
      2,
      2,
      1,
      1,
      1,
      1,
      1,
      1,
      1,
      1,
      1,
      1,
      1,
      1,
      2,
      1,
      1,
      1,
      1,
      1,
      1,
      1,
      1,
      1,
      1,
      1,
      1,
      2,
      1,
      1,
      1,
      1,
      1,
      1,
      1,
      1,
      3,
      3,
      1,
      3,
      1,
      1,
      1,
      1,
      3,
      1,
      2,
      3,
      1,
      3,
      2,
      1,
      2,
      3,
      4,
      1,
      1,
      2,
      2,
      3,
      4,
      2,
      6,
      1,
      7,
      7,
      4,
      3,
      9,
      6,
      5,
      5,
      3,
      11,
      10,
      12,
      8,
      11,
      9,
      13,
      20,
      18,
      15,
      28,
      21,
      24,
      27,
      33,
      36,
      52,
      40,
      51,
      62,
      60,
      61,
      51,
      50,
      37,
      11,
      2
    ]
  },
  "0.304": {
    "val": [
      -2147483648,
      -1,
      0,
      1,
      23,
      24
    ],
    "counts": [
      931,
      1,
      60,
      6,
      1,
      1
    ]
  },
  "0.33666666666666667": {
    "val": [
      -2147483648,
      -1,
      0,
      1,
      19
    ],
    "counts": [
      934,
      1,
      60,
      4,
      1
    ]
  },
  "0.3693333333333333": {
    "val": [
      -2147483648,
      -1,
      0,
      1,
      6
    ],
    "counts": [
      935,
      1,
      60,
      3,
      1
    ]
  },
  "0.40199999999999997": {
    "val": [
      -2147483648,
      -1,
      0,
      1
    ],
    "counts": [
      937,
      1,
      60,
      2
    ]
  },
  "0.43466666666666665": {
    "val": [
      -2147483648,
      -1,
      0,
      1
    ],
    "counts": [
      938,
      1,
      60,
      1
    ]
  },
  "0.46733333333333327": {
    "val": [
      -2147483648,
      -1,
      0,
      1
    ],
    "counts": [
      938,
      1,
      60,
      1
    ]
  },
  "0.5": {
    "val": [
      -2147483648,
      -1,
      0,
      1
    ],
    "counts": [
      938,
      1,
      60,
      1
    ]
  }
}