{
  "0.01": {
    "val": [
      -1,
      0,
      1,
      2,
      3,
      4
    ],
    "counts": [
      1,
      35,
      421,
      324,
      187,
      32
    ]
  },
  "0.042666666666666665": {
    "val": [
      -1,
      0,
      1,
      2,
      3,
      4,
      5,
      6,
      7,
      8,
      9,
      10,
      11,
      12
    ],
    "counts": [
      1,
      35,
      398,
      14,
      30,
      91,
      128,
      109,
      72,
      58,
      28,
      21,
      9,
      6
    ]
  },
  "0.07533333333333332": {
    "val": [
      -1,
      0,
      1,
      2,
      3,
      4,
      5,
      6,
      7,
      8,
      9,
      10,
      11,
      12,
      13,
      14,
      15,
      16,
      17,
      18,
      19,
      20,
      21,
      22
    ],
    "counts": [
      1,
      35,
      343,
      21,
      17,
      17,
      23,
      27,
      55,
      57,
      69,
      65,
      45,
      55,
      46,
      31,
      28,
      21,
      11,
      16,
      6,
      7,
      3,
      1
    ]
  },
  "0.10799999999999998": {
    "val": [
      -1,
      0,
      1,
      2,
      3,
      4,
      5,
      6,
      7,
      8,
      9,
      10,
      11,
      12,
      13,
      14,
      15,
      16,
      17,
      18,
      19,
      20,
      21,
      22,
      23,
      24,
      25,
      26,
      27,
      28,
      29,
      30,
      31,
      32,
      33,
      34,
      35,
      36
    ],
    "counts": [
      1,
      35,
      251,
      20,
      22,
      24,
      18,
      18,
      18,
      16,
      17,
      21,
      33,
      25,
      33,
      48,
      42,
      29,
      30,
      40,
      36,
      33,
      37,
      26,
      26,
      16,
      19,
      17,
      5,
      13,
      12,
      7,
      4,
      1,
      3,
      2,
      1,
      1
    ]
  },
  "0.14066666666666666": {
    "val": [
      -1,
      0,
      1,
      2,
      3,
      4,
      5,
      6,
      7,
      8,
      9,
      10,
      11,
      12,
      13,
      14,
      15,
      16,
      17,
      18,
      19,
      20,
      21,
      22,
      23,
      24,
      25,
      26,
      27,
      28,
      29,
      30,
      31,
      32,
      33,
      34,
      35,
      36,
      37,
      38,
      39,
      40,
      41,
      42,
      43,
      44,
      45,
      46,
      47,
      48,
      49,
      50,
      51,
      52,
      53
    ],
    "counts": [
      1,
      35,
      166,
      2,
      8,
      18,
      19,
      23,
      12,
      18,
      11,
      13,
      13,
      13,
      14,
      18,
      16,
      15,
      20,
      15,
      23,
      16,
      21,
      19,
      28,
      21,
      26,
      26,
      27,
      19,
      42,
      18,
      30,
      36,
      21,
      18,
      21,
      21,
      12,
      10,
      21,
      9,
      9,
      10,
      10,
      9,
      2,
      7,
      9,
      2,
      2,
      2,
      1,
      1,
      1
    ]
  },
  "0.17333333333333334": {
    "val": [
      -1,
      0,
      1,
      2,
      3,
      4,
      5,
      6,
      7,
      8,
      9,
      10,
      11,
      12,
      13,
      14,
      15,
      16,
      17,
      18,
      19,
      20,
      21,
      22,
      23,
      24,
      25,
      26,
      27,
      28,
      29,
      30,
      31,
      32,
      33,
      34,
      35,
      36,
      37,
      38,
      39,
      40,
      41,
      42,
      43,
      44,
      45,
      46,
      47,
      48,
      49,
      50,
      51,
      52,
      53,
      54,
      55,
      56,
      57,
      58,
      59,
      60,
      61,
      62,
      63,
      64,
      65,
      66,
      67,
      68,
      69,
      70,
      71,
      72,
      73,
      74,
      75,
      76,
      78
    ],
    "counts": [
      1,
      35,
      108,
      8,
      3,
      6,
      4,
      8,
      4,
      7,
      11,
      7,
      10,
      12,
      4,
      9,
      6,
      10,
      10,
      7,
      7,
      9,
      9,
      15,
      15,
      10,
      15,
      7,
      8,
      8,
      9,
      17,
      19,
      16,
      16,
      12,
      14,
      13,
      15,
      20,
      12,
      26,
      21,
      18,
      15,
      12,
      16,
      22,
      16,
      16,
      18,
      20,
      17,
      30,
      24,
      14,
      20,
      16,
      16,
      15,
      13,
      16,
      12,
      13,
      4,
      8,
      6,
      4,
      6,
      6,
      3,
      8,
      4,
      1,
      3,
      1,
      2,
      1,
      1
    ]
  },
  "0.206": {
    "val": [
      -2147483648,
      -1,
      0,
      1,
      2,
      3,
      4,
      5,
      6,
      7,
      8,
      9,
      10,
      11,
      12,
      13,
      14,
      15,
      16,
      17,
      18,
      19,
      20,
      21,
      22,
      23,
      24,
      25,
      26,
      27,
      28,
      29,
      30,
      31,
      32,
      33,
      34,
      35,
      36,
      37,
      38,
      39,
      40,
      41,
      42,
      43,
      44,
      45,
      46,
      47,
      48,
      49,
      50,
      51,
      52,
      53,
      54,
      55,
      56,
      57,
      58,
      59,
      60,
      61,
      62,
      63,
      64,
      65,
      66,
      67,
      68,
      69,
      70,
      71,
      72,
      73,
      74,
      75,
      76,
      77,
      78,
      79,
      80,
      81,
      82,
      83,
      84,
      85,
      86,
      87,
      88,
      89,
      90,
      91,
      92,
      93,
      94,
      95,
      96,
      97,
      98,
      99,
      100,
      101,
      102,
      103,
      105
    ],
    "counts": [
      2,
      1,
      35,
      80,
      6,
      3,
      3,
      3,
      7,
      7,
      1,
      2,
      6,
      6,
      6,
      9,
      4,
      6,
      4,
      2,
      2,
      5,
      5,
      3,
      4,
      2,
      2,
      10,
      5,
      2,
      6,
      13,
      5,
      3,
      7,
      8,
      6,
      10,
      10,
      6,
      13,
      4,
      8,
      10,
      7,
      7,
      10,
      14,
      12,
      11,
      9,
      8,
      5,
      11,
      9,
      10,
      6,
      13,
      12,
      10,
      16,
      15,
      16,
      15,
      16,
      10,
      11,
      14,
      7,
      11,
      22,
      13,
      14,
      17,
      15,
      12,
      11,
      14,
      16,
      13,
      14,
      21,
      13,
      18,
      16,
      16,
      12,
      14,
      8,
      10,
      11,
      8,
      10,
      5,
      6,
      3,
      7,
      9,
      2,
      4,
      3,
      2,
      4,
      2,
      5,
      1,
      2
    ]
  },
  "0.23866666666666664": {
    "val": [
      -2147483648,
      -1,
      0,
      1,
      2,
      3,
      4,
      5,
      6,
      7,
      8,
      9,
      10,
      11,
      12,
      13,
      14,
      15,
      16,
      17,
      18,
      19,
      20,
      21,
      22,
      23,
      24,
      25,
      26,
      27,
      28,
      29,
      30,
      32
    ],
    "counts": [
      801,
      1,
      35,
      64,
      1,
      4,
      1,
      4,
      2,
      3,
      3,
      4,
      2,
      4,
      4,
      1,
      4,
      2,
      5,
      3,
      4,
      7,
      6,
      2,
      3,
      4,
      5,
      4,
      3,
      4,
      3,
      5,
      1,
      1
    ]
  },
  "0.2713333333333333": {
    "val": [
      -2147483648,
      -1,
      0,
      1,
      2,
      4
    ],
    "counts": [
      916,
      1,
      35,
      42,
      1,
      5
    ]
  },
  "0.304": {
    "val": [
      -2147483648,
      -1,
      0,
      1,
      3
    ],
    "counts": [
      934,
      1,
      35,
      27,
      3
    ]
  },
  "0.33666666666666667": {
    "val": [
      -2147483648,
      -1,
      0,
      1,
      3
    ],