{
  "0.01": {
    "val": [
      -1,
      0,
      1,
      2,
      3,
      4,
      5,
      6,
      7,
      8,
      9,
      10,
      11
    ],
    "counts": [
      1,
      34,
      190,
      169,
      137,
      69,
      67,
      40,
      68,
      61,
      84,
      60,
      20
    ]
  },
  "0.042666666666666665": {
    "val": [
      -1,
      0,
      1,
      2,
      3,
      4,
      5,
      6,
      7,
      8,
      9,
      10,
      11,
      12,
      13,
      14,
      15,
      16,
      17,
      18,
      19,
      20,
      21,
      22,
      23,
      24,
      25,
      26,
      27,
      28,
      29,
      30,
      31,
      32,
      33,
      34,
      35,
      36
    ],
    "counts": [
      1,
      34,
      171,
      4,
      12,
      39,
      48,
      54,
      50,
      41,
      37,
      19,
      34,
      30,
      25,
      28,
      26,
      15,
      10,
      10,
      9,
      18,
      18,
      22,
      19,
      23,
      22,
      23,
      20,
      30,
      30,
      20,
      14,
      17,
      11,
      9,
      4,
      3
    ]
  },
  "0.07533333333333332": {
    "val": [
      -1,
      0,
      1,
      2,
      3,
      4,
      5,
      6,
      7,
      8,
      9,
      10,
      11,
      12,
      13,
      14,
      15,
      16,
      17,
      18,
      19,
      20,
      21,
      22,
      23,
      24,
      25,
      26,
      27,
      28,
      29,
      30,
      31,
      32,
      33,
      34,
      35,
      36,
      37,
      38,
      39,
      40,
      41,
      42,
      43,
      44,
      45,
      46,
      47,
      48,
      49,
      50,
      51,
      52,
      53,
      54,
      55,
      56,
      57,
      58,
      59,
      60,
      61,
      62,
      63,
      64,
      65
    ],
    "counts": [
      1,
      34,
      141,
      6,
      8,
      6,
      8,
      10,
      18,
      25,
      30,
      20,
      30,
      26,
      11,
      20,
      20,
      23,
      18,
      22,
      19,
      16,
      18,
      20,
      16,
      10,
      15,
      21,
      8,
      12,
      15,
      18,
      7,
      8,
      6,
      4,
      4,
      7,
      9,
      12,
      17,
      10,
      4,
      16,
      15,
      8,
      13,
      14,
      13,
      10,
      8,
      15,
      18,
      20,
      17,
      14,
      12,
      8,
      6,
      11,
      5,
      6,
      4,
      8,
      3,
      2,
      1
    ]
  },
  "0.10799999999999998": {
    "val": [
      -2147483648,
      -1,
      0,
      1,
      2,
      3,
      4,
      5,
      6,
      7,
      8,
      9,
      10,
      11,
      12,
      13,
      14,
      15,
      16,
      17,
      18,
      19,
      20,
      21,
      22,
      23,
      24,
      25,
      26,
      27,
      28,
      29,
      30,
      31,
      32,
      33,
      34,
      35,
      36,
      37,
      38,
      39,
      40,
      41,
      42,
      43,
      44,
      45,
      46,
      47,
      48,
      49,
      50,
      51,
      52,
      53,
      54,
      55,
      56,
      57,
      59
    ],
    "counts": [
      304,
      1,
      34,
      114,
      2,
      5,
      6,
      5,
      2,
      2,
      7,
      6,
      9,
      9,
      12,
      11,
      12,
      8,
      18,
      9,
      18,
      22,
      13,
      10,
      10,
      12,
      9,
      8,
      7,
      8,
      7,
      12,
      17,
      17,
      14,
      18,
      17,
      14,
      9,
      11,
      12,
      16,
      8,
      12,
      10,
      9,
      13,
      8,
      6,
      6,
      7,
      12,
      14,
      9,
      8,
      3,
      3,
      3,
      5,
      5,
      2
    ]
  },
  "0.14066666666666666": {
    "val": [
      -2147483648,
      -1,
      0,
      1,
      2,
      3,
      4,
      5,
      6,
      7,
      8,
      9,
      10,
      11,
      12,
      13,
      14,
      15,
      16,
      17,
      18,
      19,
      20,
      21,
      22,
      23,
      24,
      25,
      26,
      27,
      28,
      29,
      30,
      31,
      32,
      33,
      34,
      35,
      36,
      37,
      38,
      39,
      40,
      41,
      42,
      43,
      44,
      45,
      46,
      47,
      48,
      49,
      50,
      51,
      52,
      53,
      54,
      55,
      56,
      57,
      58,
      59,
      60,
      61,
      62,
      63,
      64,
      65,
      66,
      67,
      68,
      69,
      70,
      71,
      72,
      73,
      74,
      75,
      76,
      77,
      78,
      79,
      80,
      81,
      82,
      83,
      84,
      85,
      86,
      87,
      88,
      89,
      90,
      91,
      92,
      93,
      94,
      95,
      96,
      97,
      98,
      99,
      100,
      101,
      102,
      103,
      104,
      105,
      106,
      107,
      108,
      109,
      110,
      111,
      112,
      113,
      114,
      115,
      116,
      117,
      118,
      119,
      120,
      121,
      122,
      123,
      124,
      125,
      126,
      127,
      128,
      129,
      130,
      131,
      133
    ],
    "counts": [
      64,
      1,
      34,
      90,
      1,
      2,
      6,
      2,
      4,
      1,
      2,
      3,
      5,
      5,
      3,
      3,
      7,
      2,
      1,
      6,
      4,
      5,
      5,
      6,
      3,
      9,
      7,
      4,
      6,
      16,
      12,
      8,
      8,
      9,
      10,
      8,
      9,
      7,
      9,
      6,
      5,
      4,
      8,
      4,
      8,
      4,
      7,
      3,
      3,
      5,
      7,
      6,
      6,
      13,
      11,
      10,
      10,
      14,
      9,
      10,
      9,
      10,
      12,
      7,
      13,
      7,
      14,
      10,
      15,
      11,
      11,
      3,
      4,
      12,
      5,
      5,
      10,
      7,
      9,
      8,
      9,
      5,
      3,
      4,
      5,
      1,
      1,
      1,
      1,
      6,
      3,
      6,
      8,
      4,
      5,
      3,
      5,
      4,
      2,
      1,
      6,
      6,
      8,
      7,
      7,
      8,
      7,
      5,
      9,
      5,
      9,
      4,
      5,
      2,
      6,
      3,
      5,
      2,
      9,
      9,
      7,
      6,
      8,
      5,
      7,
      9,
      6,
      6,
      7,
      2,
      5,
      2,
      4,
      2,
      3
    ]
  },
  "0.17333333333333334": {
    "val": [
      -2147483648,
      -1,
      0,
      1,
      2,
      3,
      4,
      5,
      6,
      7,
      8,
      9,
      10,
      11,
      13
    ],
    "counts": [
      868,
      1,
      34,
      67,
      2,
      4,
      5,
      2,
      3,
      2,
      2,
      2,
      2,
      5,
      1
    ]
  },
  "0.206": {
    "val": [
      -2147483648,
      -1,
      0,
      1,
      2,
      3,
      4,
      6
    ],
    "counts": [
      899,
      1,
      34,
      53,
      6,
      3,
      2,
      2
    ]
  },
  "0.23866666666666664": {
    "val": [
      -2147483648,
      -1,
      0,
      1,
      2,
      4
    ],
    "counts": [
      912,
      1,
      34,
      49,
      2,
      2
    ]
  },
  "0.2713333333333333": {
    "val": [
      -2147483648,
      -1,
      0,
      1,
      3
    ],
    "counts": [
      918,
      1,
      34,
      43,
      4
    ]
  },
  "0.304": {
    "val": [
      -2147483648,
      -1,
      0,
      1,
      2,
      4
    ],
    "counts": [
      928,
      1,
      34,
      34,
      2,
      1
    ]
  },
  "0.33666666666666667": {
    "val": [
      -2147483648,
      -1,
      0,
      1,
      2,
      3
    ],
    "counts": [
      934,
      1,
      34,
      26,
      4,
      1
    ]
  },
  "0.3693333333333333": {
    "val": [
      -2147483648,
      -1,
      0,
      1
    ],
    "counts": [
      939,
      1,
      34,
      26
    ]
  },