{
  "0.01": {
    "val": [
      -1,
      0,
      1,
      2,
      3,
      4,
      5,
      6,
      7,
      8
    ],
    "counts": [
      1,
      57,
      244,
      105,
      213,
      168,
      74,
      51,
      82,
      5
    ]
  },
  "0.042666666666666665": {
    "val": [
      -1,
      0,
      1,
      2,
      3,
      4,
      5,
      6,
      7,
      8,
      9,
      10,
      11
    ],
    "counts": [
      1,
      57,
      243,
      25,
      69,
      50,
      79,
      152,
      163,
      42,
      31,
      57,
      31
    ]
  },
  "0.07533333333333332": {
    "val": [
      -1,
      0,
      1,
      2,
      3,
      4,
      5,
      6,
      7,
      8,
      9,
      10,
      11,
      12,
      13,
      14,
      15,
      16
    ],
    "counts": [
      1,
      57,
      238,
      10,
      21,
      48,
      44,
      21,
      46,
      66,
      110,
      142,
      61,
      22,
      16,
      31,
      58,
      8
    ]
  },
  "0.10799999999999998": {
    "val": [
      -1,
      0,
      1,
      2,
      3,
      4,
      5,
      6,
      7,
      8,
      9,
      10,
      11,
      12,
      13,
      14,
      15,
      16,
      17,
      18,
      19,
      20,
      21,
      22
    ],
    "counts": [
      1,
      57,
      224,
      19,
      6,
      14,
      29,
      37,
      31,
      15,
      14,
      38,
      39,
      54,
      88,
      112,
      73,
      28,
      12,
      15,
      21,
      40,
      32,
      1
    ]
  },
  "0.14066666666666666": {
    "val": [
      -1,
      0,
      1,
      2,
      3,
      4,
      5,
      6,
      7,
      8,
      9,
      10,
      11,
      12,
      13,
      14,
      15,
      16,
      17,
      18,
      19,
      20,
      21,
      22,
      23,
      24,
      25,
      26,
      27,
      28
    ],
    "counts": [
      1,
      57,
      206,
      28,
      8,
      5,
      10,
      11,
      30,
      29,
      26,
      9,
      8,
      13,
      23,
      22,
      34,
      37,
      45,
      81,
      89,
      67,
      35,
      16,
      9,
      9,
      20,
      38,
      31,
      3
    ]
  },
  "0.17333333333333334": {
    "val": [
      -2147483648,
      -1,
      0,
      1,
      2,
      3,
      5
    ],
    "counts": [
      702,
      1,
      57,
      187,
      36,
      10,
      7
    ]
  },
  "0.206": {
    "val": [
      -1,
      0,
      1,
      2,
      3,
      4,
      5,
      6,
      7,
      8,
      9,
      10,
      11,
      12,
      13,
      14,
      15,
      16,
      17,
      18,
      19,
      20,
      21,
      22,
      23,
      24,
      25,
      26,
      27,
      28,
      29,
      30,
      31,
      32,
      33,
      34,
      35,
      36,
      37,
      38,
      39,
      40,
      41,
      42,
      43,
      44,
      45,
      46,
      47,
      48,
      49,
      50,
      51,
      52,
      53,
      54,
      55
    ],
    "counts": [
      1,
      57,
      160,
      37,
      21,
      5,
      2,
      1,
      1,
      3,
      2,
      1,
      3,
      3,
      1,
      5,
      6,
      4,
      7,
      5,
      5,
      23,
      19,
      21,
      13,
      2,
      3,
      4,
      5,
      5,
      12,
      4,
      5,
      11,
      13,
      9,
      13,
      15,
      22,
      15,
      12,
      8,
      11,
      10,
      12,
      9,
      18,
      12,
      22,
      25,
      62,
      59,
      62,
      47,
      50,
      30,
      7
    ]
  },
  "0.23866666666666664": {
    "val": [
      -2147483648,
      -1,
      0,
      1,
      2,
      3,
      4,
      5,
      6
    ],
    "counts": [
      719,
      1,
      57,
      134,
      34,
      24,
      17,
      10,
      4
    ]
  },
  "0.2713333333333333": {
    "val": [
      -2147483648,
      -1,
      0,
      1,
      2,
      3,
      4,
      5,
      6,
      7,
      8
    ],
    "counts": [
      719,
      1,
      57,
      119,
      29,
      25,
      22,
      12,
      10,
      5,
      1
    ]
  },
  "0.304": {
    "val": [
      -2147483648,
      -1,
      0,
      1,
      2,
      3,
      4,
      5,
      6,
      7,
      8,
      9,
      10,
      11
    ],
    "counts": [
      719,
      1,
      57,
      99,
      28,
      27,
      16,
      15,
      9,
      10,
      12,
      4,
      2,
      1
    ]
  },
  "0.33666666666666667": {
    "val": [
      -2147483648,
      -1,
      0,
      1,
      2,
      3,
      4,
      5,
      6,
      7,
      8,
      9,
      10,
      11
    ],
    "counts": [
      724,
      1,
      57,
      73,
      27,
      21,
      18,
      20,
      13,
      10,
      11,
      6,
      11,
      8
    ]
  },
  "0.3693333333333333": {
    "val": [
      -2147483648,
      -1,
      0,
      1,
      2,
      3,
      4,
      5,
      6,
      7,
      8,
      9,
      10,
      11,
      12,
      13,
      14,
      15
    ],
    "counts": [
      724,
      1,
      57,
      58,
      14,
      16,
      18,
      21,
      15,
      17,
      10,
      11,
      11,
      2,
      5,
      11,
      7,
      2
    ]
  },
  "0.40199999999999997": {
    "val": [
      -2147483648,
      -1,
      0,
      1,
      2,
      3,
      4,
      5,
      6,
      7,
      8,
      9,
      10,
      11,
      12,
      13,
      14,
      15,
      16,
      17,
      18,
      19,
      20,
      21
    ],
    "counts": [
      724,
      1,
      57,
      43,
      10,
      9,
      7,
      4,
      10,
      11,
      15,
      14,
      12,
      9,
      17,
      8,
      13,
      5,
      4,
      3,
      3,
      9,
      8,
      4
    ]
  },
  "0.43466666666666665": {
    "val": [
      -2147483648,
      -1,
      0,
      1,
      2,
      3,
      4,
      5,
      6,
      7,
      8,
      9,
      10,
      11,
      12,
      13,
      14,
      15,
      16,
      17,
      18,
      19,
      20,
      21,
      22,
      23,
      24,
      25,
      26,
      27,
      28,
      29
    ],
    "counts": [
      725,
      1,
      57,
      33,
      10,
      7,
      4,
      6,
      2,
      5,
      7,
      6,
      8,
      9,
      9,
      6,
      8,
      11,
      4,
      7,
      9,
      9,
      14,
      10,
      4,
      3,
      2,
      3,
      5,
      7,
      6,
      3
    ]
  },
  "0.46733333333333327": {
    "val": [
      -2147483648,
      -1,
      0,
      1,
      2,
      3,
      4,
      5,
      6,
      7,
      8,
      9,
      10,
      11,
      12,
      13,
      14,
      15,
      16,
      17,
      18,
      19,
      20,
      21,
      22,
      23,
      24,
      25,
      26,
      27,
      28,
      29,
      30,
      31,
      32,
      33,
      34,
      35,
      36,
      37,
      38,
      39,
      40,
      41,
      42,
      43,
      44,
      45,
      46,
      47
    ],
    "counts": [
      725,
      1,
      57,
      20,
      6,
      7,
      6,
      5,
      2,
      3,
      2,
      3,
      2,
      3,
      2,
      1,
      1,
      1,
      3,
      4,
      3,
      6,
      1,
      5,
      4,
      4,
      2,
      4,
      4,
      7,
      8,
      5,
      6,
      9,
      4,
      4,
      5,
      8,
      4,
      9,
      3,
      11,
      3,
      2,
      1,
      3,
      5,
      6,
      4,
      6
    ]
  },
  "0.5": {
    "val": [
      -2147483648,
      -1,
      0,
      1,
      2,
      3,
      4,
      5,
      6,
      7,
      8,
      10
    ],
    "counts": [
      895,
      1,
      57,
      20,
      1,
      4,
      5,
      4,
      4,
      3,
      4,
      2
    ]
  }
}