{
  "0.01": {
    "val": [
      -1,
      0,
      1,
      2,
      3,
      4,
      5
    ],
    "counts": [
      1,
      10,
      45,
      149,
      437,
      330,
      28
    ]
  },
  "0.042666666666666665": {
    "val": [
      -1,
      0,
      1,
      2,
      3,
      4,
      5,
      6,
      7,
      8,
      9,
      10,
      11
    ],
    "counts": [
      1,
      10,
      45,
      8,
      29,
      41,
      94,
      88,
      181,
      215,
      191,
      78,
      19
    ]
  },
  "0.07533333333333332": {
    "val": [
      -1,
      0,
      1,
      2,
      3,
      4,
      5,
      6,
      7,
      8,
      9,
      10,
      11,
      12,
      13,
      14,
      15,
      16,
      17,
      18
    ],
    "counts": [
      1,
      10,
      45,
      1,
      10,
      20,
      11,
      17,
      44,
      51,
      56,
      75,
      95,
      126,
      139,
      139,
      96,
      44,
      18,
      2
    ]
  },
  "0.10799999999999998": {
    "val": [
      -1,
      0,
      1,
      2,
      3,
      4,
      5,
      6,
      7,
      8,
      9,
      10,
      11,
      12,
      13,
      14,
      15,
      16,
      17,
      18,
      19,
      20,
      21,
      22,
      23,
      24,
      25,
      26
    ],
    "counts": [
      1,
      10,
      41,
      4,
      3,
      9,
      16,
      8,
      8,
      6,
      23,
      35,
      28,
      22,
      36,
      44,
      48,
      79,
      86,
      81,
      102,
      100,
      88,
      61,
      36,
      19,
      4,
      2
    ]
  },
  "0.14066666666666666": {
    "val": [
      -1,
      0,
      1,
      2,
      3,
      4,
      5,
      6,
      7,
      8,
      9,
      10,
      11,
      12,
      13,
      14,
      15,
      16,
      17,
      18,
      19,
      20,
      21,
      22,
      23,
      24,
      25,
      26,
      27,
      28,
      29,
      30,
      31,
      32,
      33,
      34,
      35,
      36,
      37,
      38,
      39,
      40
    ],
    "counts": [
      1,
      10,
      20,
      4,
      9,
      4,
      5,
      9,
      9,
      7,
      7,
      3,
      5,
      7,
      10,
      10,
      11,
      11,
      17,
      11,
      15,
      15,
      21,
      29,
      27,
      31,
      37,
      36,
      58,
      62,
      55,
      54,
      76,
      56,
      77,
      64,
      54,
      21,
      25,
      12,
      4,
      1
    ]
  },
  "0.17333333333333334": {
    "val": [
      -2147483648,
      -1,
      0,
      1,
      3
    ],
    "counts": [
      980,
      1,
      10,
      7,
      2
    ]
  },
  "0.206": {
    "val": [
      -2147483648,
      -1,
      0,
      1
    ],
    "counts": [
      982,
      1,
      10,
      7
    ]
  },
  "0.23866666666666664": {
    "val": [
      -2147483648,
      -1,
      0,
      1,
      3
    ],
    "counts": [
      982,
      1,
      10,
      6,
      1
    ]
  },
  "0.2713333333333333": {
    "val": [
      -2147483648,
      -1,
      0,
      1,
      2
    ],
    "counts": [
      984,
      1,
      10,
      4,
      1
    ]
  },
  "0.304": {
    "val": [
      -2147483648,
      -1,
      0,
      1
    ],
    "counts": [
      985,
      1,
      10,
      4
    ]
  },
  "0.33666666666666667": {
    "val": [
      -2147483648,
      -1,
      0,
      1
    ],
    "counts": [
      986,
      1,
      10,
      3
    ]
  },
  "0.3693333333333333": {
    "val": [
      -2147483648,
      -1,
      0,
      1
    ],
    "counts": [
      986,
      1,
      10,
      3
    ]
  },
  "0.40199999999999997": {
    "val": [
      -2147483648,
      -1,
      0,
      1
    ],
    "counts": [
      987,
      1,
      10,
      2
    ]
  },
  "0.43466666666666665": {
    "val": [
      -2147483648,
      -1,
      0,
      1
    ],
    "counts": [
      987,
      1,
      10,
      2
    ]
  },
  "0.46733333333333327": {
    "val": [
      -2147483648,
      -1,
      0,
      1
    ],
    "counts": [
      987,
      1,
      10,
      2
    ]
  },
  "0.5": {
    "val": [
      -2147483648,
      -1,
      0,
      1
    ],
    "counts": [
      987,
      1,
      10,
      2
    ]
  }
}