{
  "0.01": {
    "val": [
      -1,
      0,
      1,
      2,
      3,
      4,
      5,
      6,
      7,
      8,
      9,
      10,
      11,
      12
    ],
    "counts": [
      1,
      9,
      16,
      26,
      43,
      77,
      119,
      143,
      188,
      149,
      133,
      59,
      33,
      4
    ]
  },
  "0.042666666666666665": {
    "val": [
      -1,
      0,
      1,
      2,
      3,
      4,
      5,
      6,
      7,
      8,
      9,
      10,
      11,
      12,
      13,
      14,
      15,
      16,
      17,
      18,
      19,
      20,
      21,
      22,
      23,
      24,
      25,
      26,
      27,
      28,
      29
    ],
    "counts": [
      1,
      9,
      16,
      4,
      10,
      5,
      16,
      9,
      13,
      16,
      25,
      23,
      28,
      40,
      38,
      52,
      51,
      50,
      51,
      66,
      66,
      73,
      60,
      53,
      47,
      44,
      29,
      34,
      29,
      30,
      12
    ]
  },
  "0.07533333333333332": {
    "val": [
      -2147483648,
      -1,
      0,
      1,
      3
    ],
    "counts": [
      966,
      1,
      9,
      16,
      8
    ]
  },
  "0.10799999999999998": {
    "val": [
      -2147483648,
      -1,
      0,
      1,
      3
    ],
    "counts": [
      973,
      1,
      9,
      16,
      1
    ]
  },
  "0.14066666666666666": {
    "val": [
      -2147483648,
      -1,
      0,
      1,
      2,
      4
    ],
    "counts": [
      980,
      1,
      9,
      6,
      2,
      2
    ]
  },
  "0.17333333333333334": {
    "val": [
      -2147483648,
      -1,
      0,
      1,
      3
    ],
    "counts": [
      982,
      1,
      9,
      6,
      2
    ]
  },
  "0.206": {
    "val": [
      -2147483648,
      -1,
      0,
      1
    ],
    "counts": [
      984,
      1,
      9,
      6
    ]
  },
  "0.23866666666666664": {
    "val": [
      -2147483648,
      -1,
      0,
      1
    ],
    "counts": [
      984,
      1,
      9,
      6
    ]
  },
  "0.2713333333333333": {
    "val": [
      -2147483648,
      -1,
      0,
      1,
      2
    ],
    "counts": [
      984,
      1,
      9,
      4,
      2
    ]
  },
  "0.304": {
    "val": [
      -2147483648,
      -1,
      0,
      1
    ],
    "counts": [
      986,
      1,
      9,
      4
    ]
  },
  "0.33666666666666667": {
    "val": [
      -2147483648,
      -1,
      0,
      1
    ],
    "counts": [
      986,
      1,
      9,
      4
    ]
  },
  "0.3693333333333333": {
    "val": [
      -2147483648,
      -1,
      0,
      1
    ],
    "counts": [
      986,
      1,
      9,
      4
    ]
  },
  "0.40199999999999997": {
    "val": [
      -2147483648,
      -1,
      0,
      1
    ],
    "counts": [
      988,
      1,
      9,
      2
    ]
  },
  "0.43466666666666665": {
    "val": [
      -2147483648,
      -1,
      0,
      1
    ],
    "counts": [
      988,
      1,
      9,
      2
    ]
  },
  "0.46733333333333327": {
    "val": [
      -2147483648,
      -1,
      0,
      1
    ],
    "counts": [
      988,
      1,
      9,
      2
    ]
  },
  "0.5": {
    "val": [
      -2147483648,
      -1,
      0,
      1
    ],
    "counts": [
      988,
      1,
      9,
      2
    ]
  }
}