{
  "0.01": {
    "val": [
      -1,
      0,
      1,
      2,
      3,
      4,
      5,
      6,
      7,
      8,
      9,
      10,
      11,
      12,
      13
    ],
    "counts": [
      1,
      9,
      31,
      9,
      22,
      60,
      54,
      89,
      129,
      149,
      174,
      181,
      76,
      14,
      2
    ]
  },
  "0.042666666666666665": {
    "val": [
      -1,
      0,
      1,
      4,
      5,
      6,
      7,
      8,
      9,
      10,
      11,
      12,
      13,
      14,
      15,
      16,
      17,
      18,
      19,
      20,
      21,
      22,
      23,
      24,
      25,
      26,
      27,
      28,
      29,
      30,
      31,
      32,
      33,
      34,
      35,
      36,
      37,
      38,
      39,
      40
    ],
    "counts": [
      1,
      9,
      31,
      5,
      4,
      2,
      7,
      7,
      7,
      5,
      9,
      18,
      22,
      29,
      9,
      17,
      17,
      17,
      24,
      31,
      43,
      35,
      31,
      47,
      44,
      40,
      46,
      57,
      61,
      53,
      47,
      70,
      55,
      35,
      27,
      15,
      8,
      9,
      4,
      2
    ]
  },
  "0.07533333333333332": {
    "val": [
      -1,
      0,
      1,
      6,
      7,
      8,
      9,
      10,
      11,
      12,
      13,
      14,
      15,
      17,
      18,
      19,
      20,
      21,
      22,
      23,
      24,
      25,
      26,
      27,
      28,
      29,
      30,
      31,
      32,
      33,
      34,
      35,
      36,
      37,
      38,
      39,
      40,
      41,
      42,
      43,
      44,
      45,
      46,
      47,
      48,
      49,
      50,
      51,
      52,
      53,
      54,
      55,
      56,
      57,
      58,
      59,
      60,
      61,
      62,
      63,
      64,
      65,
      66,
      67,
      68,
      69,
      70
    ],
    "counts": [
      1,
      9,
      31,
      1,
      4,
      3,
      1,
      1,
      4,
      4,
      5,
      3,
      6,
      5,
      1,
      5,
      7,
      3,
      18,
      10,
      13,
      15,
      14,
      7,
      5,
      7,
      13,
      10,
      14,
      10,
      18,
      12,
      21,
      18,
      19,
      21,
      14,
      26,
      26,
      19,
      25,
      20,
      31,
      21,
      22,
      31,
      30,
      32,
      40,
      35,
      28,
      25,
      37,
      37,
      26,
      32,
      25,
      14,
      22,
      15,
      4,
      5,
      7,
      5,
      1,
      5,
      1
    ]
  },
  "0.10799999999999998": {
    "val": [
      -2147483648,
      -1,
      0,
      1,
      2,
      8
    ],
    "counts": [
      959,
      1,
      9,
      29,
      1,
      1
    ]
  },
  "0.14066666666666666": {
    "val": [
      -1,
      0,
      1,
      3,
      4,
      6,
      8,
      11,
      12,
      13,
      14,
      15,
      17,
      19,
      22,
      24,
      25,
      26,
      28,
      29,
      30,
      31,
      32,
      33,
      34,
      35,
      36,
      38,
      39,
      40,
      41,
      43,
      44,
      45,
      46,
      47,
      48,
      49,
      50,
      51,
      52,
      53,
      54,
      55,
      56,
      57,
      59,
      60,
      61,
      62,
      63,
      64,
      65,
      66,
      67,
      68,
      69,
      70,
      71,
      72,
      73,
      75,
      76,
      77,
      78,
      79,
      80,
      81,
      82,
      84,
      85,
      86,
      87,
      88,
      89,
      90,
      92,
      93,
      94,
      95,
      96,
      97,
      98,
      99,
      100,
      101,
      102,
      103,
      104,
      105,
      106,
      107,
      109,
      110,
      111,
      112,
      113,
      114,
      115,
      116,
      117,
      118,
      119,
      120,
      121,
      122,
      123,
      124,
      125,
      126,
      127,
      128,
      129,
      130,
      131,
      132,
      133,
      134,
      135,
      136,
      137,
      138,
      139,
      140,
      141,
      142,
      143,
      144,
      145,
      146,
      147,
      148,
      149,
      150,
      151,
      152,
      153,
      154,
      155,
      156,
      157,
      158,
      159,
      160,
      161,
      162,
      163,
      164,
      165,
      166,
      167,
      168,
      169,
      170,
      171,
      172,
      173,
      174,
      175,
      176,
      177,
      178,
      179,
      180,
      181,
      182,
      183,
      184,
      185,
      186,
      187,
      188,
      189,
      190,
      191,
      192,
      193,
      194,
      195,
      196,
      197,
      198,
      199,
      200,
      201,
      202,
      203,
      204,
      205,
      206,
      207,
      208,
      209,
      210,
      211,
      212
    ],
    "counts": [
      1,
      9,
      12,
      1,
      4,
      2,
      1,
      3,
      3,
      1,
      1,
      1,
      1,
      2,
      2,
      3,
      3,
      2,
      4,
      1,
      1,
      1,
      3,
      2,
      1,
      1,
      1,
      2,
      2,
      3,
      1,
      2,
      7,
      3,
      1,
      1,
      1,
      2,
      1,
      1,
      2,
      4,
      1,
      3,
      2,
      2,
      1,
      1,
      2,
      1,
      2,
      3,
      1,
      3,
      5,
      2,
      5,
      3,
      2,
      7,
      5,
      1,
      1,
      3,
      2,
      2,
      2,
      4,
      2,
      4,
      3,
      4,
      2,
      6,
      4,
      4,
      4,
      2,
      5,
      5,
      4,
      4,
      3,
      7,
      4,
      3,
      3,
      7,
      6,
      5,
      5,
      3,
      7,
      4,
      6,
      6,
      5,
      6,
      10,
      9,
      7,
      6,
      9,
      7,
      7,
      7,
      6,
      9,
      8,
      8,
      7,
      5,
      7,
      12,
      6,
      6,
      6,
      7,
      7,
      7,
      8,
      3,
      11,
      10,
      5,
      6,
      9,
      12,
      4,
      9,
      8,
      7,
      13,
      9,
      9,
      9,
      10,
      8,
      11,
      5,
      7,
      9,
      3,
      9,
      9,
      12,
      7,
      10,
      10,
      6,
      4,
      12,
      10,
      7,
      12,
      13,
      8,
      9,
      15,
      12,
      9,
      7,
      3,
      8,
      7,
      10,
      9,
      9,
      5,
      9,
      8,
      8,
      3,
      8,
      8,
      5,
      4,
      4,
      3,
      5,
      4,
      4,
      3,
      2,
      4,
      6,
      8,
      5,
      3,
      2,
      6,
      4,
      1,
      2,
      1,
      1
    ]
  },
  "0.17333333333333334": {
    "val": [
      -2147483648,
      -1,
      0,
      1,
      6,
      8
    ],
    "counts": [
      981,
      1,
      9,
      7,
      1,
      1
    ]
  },
  "0.206": {
    "val": [
      -2147483648,
      -1,
      0,
      1
    ],
    "counts": [
      983,
      1,
      9,
      7
    ]
  },
  "0.23866666666666664": {
    "val": [
      -2147483648,
      -1,
      0,
      1
    ],
    "counts": [
      983,
      1,
      9,
      7
    ]
  },
  "0.2713333333333333": {
    "val": [
      -2147483648,
      -1,
      0,
      1,
      4
    ],
    "counts": [
      983,
      1,
      9,
      5,
      2
    ]
  },
  "0.304": {
    "val": [
      -2147483648,
      -1,
      0,
      1
    ],
    "counts": [
      986,
      1,
      9,
      4
    ]
  },
  "0.33666666666666667": {
    "val": [
      -2147483648,
      -1,
      0,
      1
    ],
    "counts": [
      987,
      1,
      9,
      3
    ]
  },
  "0.3693333333333333": {
    "val": [
      -2147483648,
      -1,
      0,
      1
    ],
    "counts": [
      987,
      1,
      9,
      3
    ]
  },
  "0.40199999999999997": {
    "val": [
      -2147483648,
      -1,
      0,
      1
    ],
    "counts": [
      988,
      1,
      9,
      2
    ]
  },