{
  "0.01": {
    "val": [
      -1,
      0,
      1,
      2,
      3,
      4,
      5,
      6,
      7,
      8,
      9,
      10,
      11,
      12,
      13,
      14,
      15,
      16,
      17,
      18,
      19,
      20,
      21,
      22,
      23,
      24,
      25
    ],
    "counts": [
      1,
      9,
      16,
      8,
      9,
      16,
      13,
      14,
      21,
      33,
      37,
      42,
      50,
      62,
      51,
      66,
      78,
      75,
      68,
      64,
      72,
      55,
      33,
      41,
      33,
      18,
      15
    ]
  },
  "0.042666666666666665": {
    "val": [
      -1,
      0,
      1,
      4,
      5,
      6,
      7,
      8,
      9,
      10,
      11,
      12,
      13,
      14,
      15,
      16,
      17,
      18,
      19,
      20,
      21,
      22,
      23,
      24,
      25,
      26,
      27,
      28,
      29,
      30,
      31,
      32,
      33,
      34,
      35,
      36,
      37,
      38,
      39,
      40,
      41,
      42,
      43,
      44,
      45,
      46,
      47,
      48,
      49,
      50,
      51,
      52,
      53,
      54,
      55,
      56,
      57,
      58,
      59,
      60,
      61,
      62,
      63,
      64,
      65,
      66,
      67,
      68,
      69,
      70,
      71,
      72,
      73,
      74,
      75,
      76,
      77,
      78,
      79,
      80,
      81
    ],
    "counts": [
      1,
      9,
      16,
      4,
      4,
      4,
      3,
      2,
      2,
      4,
      3,
      2,
      3,
      10,
      5,
      4,
      2,
      8,
      5,
      5,
      5,
      3,
      7,
      5,
      6,
      6,
      9,
      5,
      15,
      14,
      7,
      9,
      10,
      18,
      10,
      17,
      11,
      14,
      19,
      14,
      16,
      24,
      13,
      13,
      24,
      17,
      19,
      20,
      24,
      26,
      18,
      21,
      23,
      27,
      21,
      31,
      23,
      24,
      24,
      14,
      23,
      15,
      21,
      17,
      18,
      13,
      18,
      13,
      13,
      7,
      14,
      9,
      14,
      9,
      10,
      11,
      12,
      18,
      7,
      9,
      7
    ]
  },
  "0.07533333333333332": {
    "val": [
      -1,
      0,
      1,
      5,
      7,
      8,
      9,
      10,
      11,
      12,
      13,
      15,
      16,
      17,
      18,
      19,
      20,
      21,
      22,
      24,
      25,
      26,
      27,
      28,
      29,
      30,
      31,
      32,
      33,
      34,
      35,
      36,
      37,
      38,
      39,
      40,
      41,
      42,
      43,
      44,
      45,
      46,
      47,
      48,
      49,
      50,
      51,
      52,
      53,
      54,
      55,
      56,
      57,
      58,
      59,
      60,
      61,
      62,
      63,
      64,
      65,
      66,
      67,
      68,
      69,
      70,
      71,
      72,
      73,
      74,
      75,
      76,
      77,
      78,
      79,
      80,
      81,
      82,
      83,
      84,
      85,
      86,
      87,
      88,
      89,
      90,
      91,
      92,
      93,
      94,
      95,
      96,
      97,
      98,
      99,
      100,
      101,
      102,
      103,
      104,
      105,
      106,
      107,
      108,
      109,
      110,
      111,
      112,
      113,
      114,
      115,
      116,
      117,
      118,
      119,
      120,
      121,
      122,
      123,
      124,
      125,
      126,
      127,
      128,
      129,
      130,
      131,
      132,
      133,
      134,
      135,
      136,
      137,
      138,
      139,
      140,
      141,
      142,
      143,
      144
    ],
    "counts": [
      1,
      9,
      16,
      1,
      3,
      4,
      1,
      3,
      1,
      2,
      2,
      2,
      1,
      3,
      2,
      1,
      2,
      1,
      3,
      1,
      3,
      10,
      2,
      1,
      1,
      4,
      3,
      2,
      4,
      2,
      3,
      3,
      2,
      4,
      3,
      3,
      3,
      4,
      2,
      4,
      3,
      3,
      3,
      3,
      4,
      5,
      5,
      2,
      4,
      7,
      12,
      8,
      2,
      3,
      3,
      4,
      10,
      7,
      14,
      8,
      4,
      13,
      7,
      6,
      6,
      12,
      5,
      11,
      8,
      9,
      9,
      10,
      9,
      9,
      7,
      15,
      11,
      9,
      8,
      6,
      7,
      15,
      17,
      8,
      16,
      10,
      9,
      20,
      13,
      12,
      14,
      13,
      18,
      12,
      13,
      21,
      12,
      15,
      10,
      16,
      11,
      14,
      14,
      9,
      12,
      8,
      14,
      14,
      9,
      9,
      9,
      9,
      12,
      10,
      9,
      6,
      7,
      11,
      5,
      9,
      5,
      5,
      6,
      7,
      6,
      9,
      6,
      7,
      8,
      3,
      4,
      6,
      7,
      8,
      7,
      9,
      10,
      6,
      1,
      2
    ]
  },
  "0.10799999999999998": {
    "val": [
      -2147483648,
      -1,
      0,
      1,
      7
    ],
    "counts": [
      973,
      1,
      9,
      16,
      1
    ]
  },
  "0.14066666666666666": {
    "val": [
      -2147483648,
      -1,
      0,
      1,
      3
    ],
    "counts": [
      982,
      1,
      9,
      6,
      2
    ]
  },
  "0.17333333333333334": {
    "val": [
      -2147483648,
      -1,
      0,
      1,
      6
    ],
    "counts": [
      982,
      1,
      9,
      6,
      2
    ]
  },
  "0.206": {
    "val": [
      -2147483648,
      -1,
      0,
      1
    ],
    "counts": [
      984,
      1,
      9,
      6
    ]
  },
  "0.23866666666666664": {
    "val": [
      -2147483648,
      -1,
      0,
      1
    ],
    "counts": [
      984,
      1,
      9,
      6
    ]
  },
  "0.2713333333333333": {
    "val": [
      -2147483648,
      -1,
      0,
      1,
      4
    ],
    "counts": [
      984,
      1,
      9,
      4,
      2
    ]
  },
  "0.304": {
    "val": [
      -2147483648,
      -1,
      0,
      1
    ],
    "counts": [
      986,
      1,
      9,
      4
    ]
  },
  "0.33666666666666667": {
    "val": [
      -2147483648,
      -1,
      0,
      1
    ],
    "counts": [
      986,
      1,
      9,
      4
    ]
  },
  "0.3693333333333333": {
    "val": [
      -2147483648,
      -1,
      0,
      1
    ],
    "counts": [
      986,
      1,
      9,
      4
    ]
  },
  "0.40199999999999997": {
    "val": [
      -2147483648,
      -1,
      0,
      1
    ],
    "counts": [
      988,
      1,
      9,
      2
    ]
  },
  "0.43466666666666665": {
    "val": [
      -2147483648,
      -1,
      0,
      1
    ],
    "counts": [
      988,
      1,
      9,
      2
    ]
  },
  "0.46733333333333327": {
    "val": [
      -2147483648,
      -1,
      0,
      1
    ],
    "counts": [
      988,
      1,
      9,
      2
    ]
  },
  "0.5": {
    "val": [
      -2147483648,
      -1,
      0,
      1
    ],
    "counts": [
      988,
      1,
      9,
      2
    ]
  }
}