{
  "0.01": {
    "val": [
      -1,
      0,
      1,
      2
    ],
    "counts": [
      1,
      68,
      812,
      119
    ]
  },
  "0.042666666666666665": {
    "val": [
      -1,
      0,
      1,
      2,
      3
    ],
    "counts": [
      1,
      68,
      726,
      164,
      41
    ]
  },
  "0.07533333333333332": {
    "val": [
      -1,
      0,
      1,
      2,
      3,
      4
    ],
    "counts": [
      1,
      68,
      479,
      218,
      157,
      77
    ]
  },
  "0.10799999999999998": {
    "val": [
      -1,
      0,
      1,
      2,
      3,
      4,
      5,
      6,
      7
    ],
    "counts": [
      1,
      68,
      278,
      95,
      140,
      186,
      159,
      70,
      3
    ]
  },
  "0.14066666666666666": {
    "val": [
      -1,
      0,
      1,
      2,
      3,
      4,
      5,
      6,
      7,
      8,
      9,
      10,
      11,
      12
    ],
    "counts": [
      1,
      68,
      124,
      19,
      34,
      38,
      61,
      84,
      126,
      159,
      151,
      104,
      30,
      1
    ]
  },
  "0.17333333333333334": {
    "val": [
      -1,
      0,
      1,
      2,
      3,
      4,
      5,
      6,
      7,
      8,
      9,
      10,
      11,
      12,
      13,
      14,
      15,
      16,
      17,
      18,
      19,
      20,
      21,
      22,
      23,
      24,
      25
    ],
    "counts": [
      1,
      68,
      46,
      2,
      2,
      8,
      3,
      4,
      9,
      7,
      7,
      11,
      16,
      16,
      20,
      22,
      34,
      46,
      55,
      63,
      108,
      132,
      132,
      116,
      55,
      16,
      1
    ]
  },
  "0.206": {
    "val": [
      -1,
      0,
      1,
      2,
      4,
      5,
      6,
      7,
      8,
      10,
      11,
      12,
      13,
      15,
      16,
      17,
      20,
      21,
      22,
      23,
      24,
      25,
      26,
      27,
      28,
      29,
      30,
      31,
      32,
      33,
      34,
      35,
      36,
      37,
      38,
      39,
      40,
      41,
      42,
      43,
      44,
      45,
      46,
      47,
      48,
      49,
      50,
      51,
      52,
      53,
      54
    ],
    "counts": [
      1,
      68,
      25,
      1,
      2,
      2,
      1,
      3,
      1,
      4,
      1,
      1,
      1,
      1,
      5,
      2,
      3,
      1,
      3,
      3,
      4,
      5,
      4,
      6,
      2,
      7,
      9,
      2,
      7,
      4,
      6,
      5,
      5,
      9,
      10,
      12,
      13,
      19,
      13,
      19,
      21,
      50,
      53,
      57,
      84,
      101,
      124,
      108,
      69,
      35,
      8
    ]
  },
  "0.23866666666666664": {
    "val": [
      -2147483648,
      -1,
      0,
      1,
      2,
      4,
      6,
      11,
      14,
      15,
      18,
      20,
      21,
      24,
      29,
      31
    ],
    "counts": [
      905,
      1,
      68,
      13,
      1,
      1,
      1,
      1,
      1,
      1,
      1,
      1,
      2,
      1,
      1,
      1
    ]
  },
  "0.2713333333333333": {
    "val": [
      -2147483648,
      -1,
      0,
      1,
      10,
      12,
      17,
      21,
      35
    ],
    "counts": [
      920,
      1,
      68,
      6,
      1,
      1,
      1,
      1,
      1
    ]
  },
  "0.304": {
    "val": [
      -2147483648,
      -1,
      0,
      1
    ],
    "counts": [
      927,
      1,
      68,
      4
    ]
  },
  "0.33666666666666667": {
    "val": [
      -2147483648,
      -1,
      0,
      1
    ],
    "counts": [
      929,
      1,
      68,
      2
    ]
  },
  "0.3693333333333333": {
    "val": [
      -2147483648,
      -1,
      0,
      1
    ],
    "counts": [
      930,
      1,
      68,
      1
    ]
  },
  "0.40199999999999997": {
    "val": [
      -2147483648,
      -1,
      0
    ],
    "counts": [
      931,
      1,
      68
    ]
  },
  "0.43466666666666665": {
    "val": [
      -2147483648,
      -1,
      0
    ],
    "counts": [
      931,
      1,
      68
    ]
  },
  "0.46733333333333327": {
    "val": [
      -2147483648,
      -1,
      0
    ],
    "counts": [
      931,
      1,
      68
    ]
  },
  "0.5": {
    "val": [
      -2147483648,
      -1,
      0
    ],
    "counts": [
      931,
      1,
      68
    ]
  }
}