{
  "0.01": {
    "val": [
      -1,
      0,
      1,
      2,
      3,
      4,
      5,
      6
    ],
    "counts": [
      1,
      10,
      38,
      150,
      403,
      369,
      28,
      1
    ]
  },
  "0.042666666666666665": {
    "val": [
      -1,
      0,
      1,
      2,
      3,
      4,
      5,
      6
    ],
    "counts": [
      1,
      10,
      38,
      150,
      403,
      369,
      28,
      1
    ]
  },
  "0.07533333333333332": {
    "val": [
      -1,
      0,
      1,
      2,
      3,
      4,
      5,
      6
    ],
    "counts": [
      1,
      10,
      38,
      106,
      247,
      407,
      178,
      13
    ]
  },
  "0.10799999999999998": {
    "val": [
      -1,
      0,
      1,
      2,
      3,
      4,
      5,
      6,
      7,
      8
    ],
    "counts": [
      1,
      10,
      33,
      31,
      98,
      145,
      298,
      303,
      74,
      7
    ]
  },
  "0.14066666666666666": {
    "val": [
      -1,
      0,
      1,
      2,
      3,
      4,
      5,
      6,
      7,
      8,
      9,
      10,
      11
    ],
    "counts": [
      1,
      10,
      22,
      17,
      28,
      39,
      57,
      101,
      186,
      261,
      201,
      67,
      10
    ]
  },
  "0.17333333333333334": {
    "val": [
      -1,
      0,
      1,
      2,
      3,
      4,
      5,
      6,
      7,
      8,
      9,
      10,
      11,
      12,
      13,
      14,
      15,
      16,
      17,
      18,
      19,
      20,
      21,
      22,
      23,
      24,
      25
    ],
    "counts": [
      1,
      10,
      7,
      4,
      3,
      6,
      5,
      6,
      5,
      10,
      10,
      9,
      13,
      9,
      14,
      16,
      22,
      26,
      50,
      71,
      119,
      129,
      171,
      177,
      80,
      25,
      2
    ]
  },
  "0.206": {
    "val": [
      -1,
      0,
      1,
      2,
      3,
      4,
      5,
      6,
      7,
      8,
      9,
      10,
      11,
      12,
      13,
      14,
      15,
      16,
      17,
      18,
      19,
      20,
      21,
      22,
      23,
      24,
      25,
      26,
      27,
      28,
      29
    ],
    "counts": [
      1,
      10,
      7,
      3,
      4,
      4,
      5,
      5,
      5,
      8,
      8,
      10,
      6,
      9,
      11,
      8,
      13,
      17,
      20,
      17,
      25,
      43,
      56,
      79,
      119,
      126,
      140,
      141,
      76,
      23,
      1
    ]
  },
  "0.23866666666666664": {
    "val": [
      -1,
      0,
      1,
      2,
      3,
      4,
      5,
      6,
      7,
      8,
      9,
      10,
      11,
      12,
      13,
      14,
      15,
      16,
      17,
      18,
      19,
      20,
      21,
      22,
      23,
      24,
      25,
      26,
      27,
      28,
      29,
      30,
      31,
      32,
      33,
      34,
      35,
      36,
      37,
      38,
      39
    ],
    "counts": [
      1,
      10,
      5,
      4,
      4,
      3,
      5,
      5,
      4,
      4,
      4,
      4,
      9,
      6,
      3,
      7,
      8,
      9,
      7,
      7,
      10,
      8,
      11,
      10,
      15,
      15,
      16,
      21,
      20,
      26,
      36,
      38,
      61,
      70,
      87,
      115,
      101,
      103,
      69,
      47,
      12
    ]
  },
  "0.2713333333333333": {
    "val": [
      -2147483648,
      -1,
      0,
      1,
      2,
      3,
      4,
      5,
      6,
      7,
      8,
      9,
      10,
      12,
      13,
      14,
      15,
      16,
      17,
      18,
      19,
      20,
      21,
      22,
      23,
      24,
      25,
      26,
      27,
      28,
      29,
      30,
      31,
      32,
      33,
      34,
      35
    ],
    "counts": [
      911,
      1,
      10,
      2,
      2,
      1,
      1,
      2,
      2,
      1,
      3,
      1,
      3,
      2,
      1,
      2,
      2,
      4,
      1,
      2,
      2,
      2,
      4,
      1,
      5,
      3,
      2,
      3,
      2,
      3,
      3,
      2,
      5,
      3,
      3,
      2,
      1
    ]
  },
  "0.304": {
    "val": [
      -2147483648,
      -1,
      0,
      1,
      2,
      3,
      4,
      5,
      6,
      8,
      9,
      10,
      11,
      12
    ],
    "counts": [
      973,
      1,
      10,
      2,
      1,
      1,
      1,
      1,
      2,
      3,
      1,
      2,
      1,
      1
    ]
  },
  "0.33666666666666667": {
    "val": [
      -2147483648,
      -1,
      0,
      1,
      3,
      4,
      5,
      7,
      9,
      11,
      12,
      13,
      14,
      15
    ],
    "counts": [
      974,
      1,
      10,
      2,
      1,
      1,
      1,
      1,
      2,
      2,
      1,
      2,
      1,
      1
    ]
  },
  "0.3693333333333333": {
    "val": [
      -2147483648,
      -1,
      0,
      1,
      3,
      4,
      5
    ],
    "counts": [
      984,
      1,
      10,
      2,
      1,
      1,
      1
    ]
  },
  "0.40199999999999997": {
    "val": [
      -2147483648,
      -1,
      0,
      1,
      3,
      4,
      6
    ],
    "counts": [
      984,
      1,
      10,
      2,
      1,
      1,
      1
    ]
  },
  "0.43466666666666665": {
    "val": [
      -2147483648,
      -1,
      0,
      1
    ],
    "counts": [
      987,
      1,
      10,
      2
    ]
  },
  "0.46733333333333327": {
    "val": [
      -2147483648,
      -1,
      0,
      1
    ],
    "counts": [
      987,
      1,
      10,
      2
    ]
  },
  "0.5": {
    "val": [
      -2147483648,
      -1,
      0,
      1
    ],
    "counts": [
      987,
      1,
      10,
      2
    ]
  }
}