{
  "0.01": {
    "val": [
      -1,
      0,
      1,
      2,
      3,
      4,
      5
    ],
    "counts": [
      1,
      19,
      134,
      147,
      397,
      296,
      6
    ]
  },
  "0.042666666666666665": {
    "val": [
      -1,
      0,
      1,
      2,
      3,
      4,
      5,
      6,
      7,
      8,
      9,
      10,
      11
    ],
    "counts": [
      1,
      19,
      134,
      2,
      25,
      53,
      76,
      109,
      173,
      185,
      146,
      70,
      7
    ]
  },
  "0.07533333333333332": {
    "val": [
      -1,
      0,
      1,
      2,
      3,
      4,
      5,
      6,
      7,
      8,
      9,
      10,
      11,
      12,
      13,
      14,
      15,
      16,
      17,
      18,
      19,
      20,
      21,
      22,
      23,
      24
    ],
    "counts": [
      1,
      19,
      25,
      5,
      5,
      18,
      16,
      7,
      16,
      19,
      17,
      21,
      29,
      28,
      26,
      33,
      47,
      46,
      68,
      80,
      73,
      129,
      104,
      90,
      60,
      18
    ]
  },
  "0.10799999999999998": {
    "val": [
      -1,
      0,
      1,
      3,
      4,
      5,
      6,
      7,
      8,
      9,
      10,
      11,
      12,
      13,
      14,
      15,
      16,
      17,
      18,
      19,
      20,
      21,
      22,
      23,
      24,
      25,
      26,
      27,
      28,
      29,
      30,
      31,
      32,
      33,
      34,
      35,
      36,
      37,
      38,
      39,
      40,
      41,
      42,
      43,
      44,
      45,
      46,
      47,
      48,
      49
    ],
    "counts": [
      1,
      19,
      19,
      2,
      1,
      2,
      2,
      2,
      3,
      5,
      3,
      4,
      3,
      4,
      3,
      6,
      3,
      6,
      6,
      4,
      6,
      9,
      3,
      10,
      4,
      8,
      12,
      12,
      18,
      16,
      22,
      24,
      23,
      19,
      31,
      29,
      31,
      37,
      49,
      46,
      74,
      62,
      91,
      72,
      66,
      54,
      34,
      24,
      11,
      5
    ]
  },
  "0.14066666666666666": {
    "val": [
      -1,
      0,
      1,
      2,
      3,
      4,
      5,
      7,
      8,
      11,
      12,
      14,
      15,
      16,
      17,
      18,
      19,
      20,
      21,
      22,
      23,
      24,
      25,
      26,
      27,
      28,
      29,
      30,
      31,
      32,
      33,
      34,
      35,
      36,
      37,
      38,
      39,
      40,
      41,
      42,
      43,
      44,
      45,
      46,
      47,
      48,
      49,
      50,
      51,
      52,
      53,
      54,
      55,
      56,
      57,
      58,
      59,
      60,
      61,
      62,
      63,
      64,
      65,
      66,
      67,
      68,
      69,
      70,
      71,
      72,
      73,
      74,
      75,
      76,
      77,
      78,
      79,
      80,
      81,
      82,
      83,
      84,
      85,
      86,
      87
    ],
    "counts": [
      1,
      19,
      12,
      1,
      1,
      1,
      2,
      2,
      1,
      1,
      2,
      3,
      2,
      1,
      1,
      2,
      1,
      1,
      4,
      1,
      2,
      2,
      3,
      1,
      5,
      1,
      3,
      3,
      3,
      4,
      3,
      4,
      3,
      2,
      3,
      3,
      6,
      3,
      3,
      2,
      3,
      6,
      3,
      5,
      6,
      4,
      7,
      4,
      7,
      4,
      4,
      8,
      10,
      16,
      5,
      11,
      12,
      16,
      10,
      16,
      13,
      12,
      16,
      25,
      21,
      23,
      25,
      24,
      30,
      38,
      31,
      48,
      51,
      56,
      58,
      54,
      55,
      47,
      41,
      16,
      12,
      11,
      11,
      5,
      2
    ]
  },
  "0.17333333333333334": {
    "val": [
      -1,
      0,
      1,
      2,
      3,
      4,
      6,
      7,
      10,
      11,
      16,
      18,
      20,
      21,
      22,
      23,
      24,
      25,
      26,
      27,
      29,
      31,
      32,
      34,
      35,
      36,
      37,
      39,
      40,
      41,
      42,
      43,
      45,
      47,
      48,
      50,
      51,
      52,
      53,
      54,
      55,
      56,
      57,
      58,
      59,
      60,
      61,
      62,
      63,
      64,
      65,
      66,
      67,
      68,
      69,
      70,
      71,
      72,
      73,
      74,
      75,
      76,
      77,
      78,
      79,
      80,
      81,
      82,
      84,
      85,
      86,
      87,
      88,
      89,
      90,
      91,
      92,
      93,
      94,
      95,
      96,
      97,
      98,
      99,
      100,
      101,
      102,
      103,
      104,
      105,
      106,
      107,
      108,
      109,
      110,
      111,
      112,
      113,
      114,
      115,
      116,
      117,
      118,
      119,
      120,
      121,
      122,
      123,
      124,
      125,
      126,
      127,
      128,
      129,
      130,
      131,
      132,
      133,
      134,
      135,
      136,
      137,
      138,
      139
    ],
    "counts": [
      1,
      19,
      10,
      1,
      1,
      1,
      1,
      2,
      1,
      3,
      1,
      1,
      2,
      1,
      1,
      1,
      1,
      1,
      1,
      2,
      2,
      1,
      2,
      2,
      1,
      1,
      1,
      1,
      1,
      2,
      2,
      2,
      2,
      1,
      3,
      3,
      2,
      1,
      2,
      3,
      1,
      2,
      2,
      2,
      5,
      2,
      1,
      4,
      3,
      2,
      1,
      6,
      1,
      2,
      2,
      3,
      2,
      2,
      2,
      5,
      2,
      1,
      2,
      3,
      4,
      5,
      1,
      3,
      3,
      2,
      2,
      4,
      5,
      6,
      1,
      3,
      7,
      2,
      6,
      3,
      6,
      8,
      6,
      8,
      6,
      9,
      10,
      10,
      10,
      4,
      11,
      9,
      13,
      15,
      7,
      12,
      14,
      10,
      12,
      28,
      24,
      16,
      30,
      25,
      29,
      28,
      27,
      29,
      39,
      28,
      28,
      51,
      39,
      33,
      49,
      19,
      32,
      17,
      12,
      8,
      8,
      11,
      5,
      3
    ]
  },