{
  "0.01": {
    "val": [
      -1,
      0,
      1,
      2,
      3,
      4,
      5,
      6,
      7,
      8,
      9,
      10
    ],
    "counts": [
      1,
      10,
      38,
      14,
      26,
      97,
      98,
      170,
      247,
      203,
      85,
      11
    ]
  },
  "0.042666666666666665": {
    "val": [
      -1,
      0,
      1,
      4,
      5,
      6,
      7,
      8,
      9,
      10,
      11,
      12,
      13,
      14,
      15,
      16,
      17,
      18,
      19,
      20,
      21,
      22,
      23,
      24,
      25,
      26,
      27,
      28,
      29,
      30,
      31,
      32
    ],
    "counts": [
      1,
      10,
      38,
      4,
      7,
      4,
      6,
      4,
      8,
      11,
      20,
      30,
      24,
      46,
      20,
      23,
      40,
      49,
      48,
      56,
      60,
      80,
      85,
      79,
      67,
      65,
      48,
      32,
      19,
      5,
      9,
      2
    ]
  },
  "0.07533333333333332": {
    "val": [
      -1,
      0,
      1,
      6,
      7,
      8,
      9,
      11,
      12,
      13,
      14,
      15,
      16,
      17,
      18,
      19,
      20,
      21,
      22,
      23,
      24,
      25,
      26,
      27,
      28,
      29,
      30,
      31,
      32,
      33,
      34,
      35,
      36,
      37,
      38,
      39,
      40,
      41,
      42,
      43,
      44,
      45,
      46,
      47,
      48,
      49,
      50,
      51,
      52,
      53,
      54,
      55,
      56
    ],
    "counts": [
      1,
      10,
      38,
      2,
      2,
      6,
      5,
      1,
      6,
      2,
      4,
      4,
      2,
      8,
      8,
      13,
      9,
      12,
      27,
      8,
      19,
      19,
      21,
      13,
      12,
      14,
      31,
      22,
      28,
      29,
      31,
      25,
      29,
      37,
      43,
      44,
      41,
      58,
      53,
      40,
      32,
      47,
      41,
      27,
      16,
      15,
      17,
      11,
      5,
      2,
      6,
      3,
      1
    ]
  },
  "0.10799999999999998": {
    "val": [
      -1,
      0,
      1,
      3,
      8,
      9,
      10,
      11,
      12,
      13,
      14,
      15,
      16,
      17,
      18,
      19,
      20,
      21,
      22,
      23,
      24,
      25,
      26,
      27,
      28,
      29,
      30,
      31,
      32,
      33,
      34,
      35,
      36,
      37,
      38,
      39,
      40,
      41,
      42,
      43,
      44,
      45,
      46,
      47,
      48,
      49,
      50,
      51,
      52,
      53,
      54,
      55,
      56,
      57,
      58,
      59,
      60,
      61,
      62,
      63,
      64,
      65,
      66,
      67,
      68,
      69,
      70,
      71,
      72,
      73,
      74,
      75,
      76,
      77,
      78,
      79,
      80,
      81,
      82,
      83,
      84,
      85
    ],
    "counts": [
      1,
      10,
      33,
      1,
      3,
      1,
      2,
      3,
      2,
      4,
      1,
      1,
      1,
      1,
      4,
      2,
      1,
      3,
      1,
      4,
      4,
      2,
      5,
      7,
      7,
      3,
      5,
      8,
      4,
      4,
      5,
      19,
      5,
      11,
      10,
      5,
      10,
      5,
      9,
      16,
      13,
      7,
      11,
      17,
      10,
      10,
      16,
      14,
      21,
      17,
      17,
      20,
      17,
      25,
      21,
      30,
      20,
      32,
      33,
      29,
      40,
      35,
      35,
      29,
      36,
      30,
      33,
      25,
      20,
      14,
      14,
      16,
      14,
      16,
      12,
      8,
      3,
      4,
      3,
      4,
      4,
      2
    ]
  },
  "0.14066666666666666": {
    "val": [
      -1,
      0,
      1,
      4,
      6,
      7,
      8,
      10,
      11,
      13,
      14,
      16,
      17,
      18,
      19,
      20,
      22,
      24,
      25,
      28,
      30,
      31,
      33,
      34,
      35,
      36,
      37,
      38,
      39,
      40,
      41,
      42,
      44,
      45,
      46,
      47,
      51,
      52,
      53,
      54,
      55,
      56,
      57,
      58,
      59,
      60,
      62,
      63,
      64,
      65,
      66,
      67,
      69,
      70,
      71,
      72,
      73,
      74,
      75,
      76,
      77,
      78,
      79,
      80,
      81,
      82,
      83,
      84,
      85,
      86,
      87,
      88,
      89,
      90,
      91,
      92,
      93,
      94,
      95,
      96,
      97,
      98,
      99,
      100,
      101,
      102,
      103,
      104,
      105,
      106,
      107,
      108,
      109,
      110,
      111,
      112,
      113,
      114,
      115,
      116,
      117,
      118,
      119,
      120,
      121,
      122,
      123,
      124,
      125,
      126,
      127,
      128,
      129,
      130,
      131,
      132,
      133,
      134,
      135,
      136,
      137,
      139,
      141
    ],
    "counts": [
      1,
      10,
      22,
      1,
      1,
      1,
      1,
      1,
      2,
      1,
      2,
      3,
      2,
      1,
      3,
      3,
      1,
      2,
      1,
      2,
      1,
      3,
      2,
      1,
      1,
      1,
      5,
      1,
      3,
      3,
      8,
      1,
      2,
      1,
      1,
      3,
      1,
      3,
      3,
      3,
      2,
      4,
      1,
      1,
      6,
      5,
      4,
      5,
      3,
      7,
      4,
      2,
      4,
      7,
      4,
      5,
      5,
      5,
      8,
      6,
      11,
      4,
      3,
      11,
      10,
      5,
      5,
      7,
      9,
      1,
      7,
      6,
      9,
      9,
      10,
      9,
      7,
      12,
      19,
      16,
      7,
      12,
      12,
      24,
      19,
      18,
      24,
      19,
      21,
      20,
      29,
      22,
      22,
      19,
      18,
      21,
      23,
      23,
      15,
      15,
      15,
      23,
      22,
      18,
      23,
      11,
      15,
      16,
      15,
      14,
      10,
      9,
      11,
      8,
      4,
      7,
      11,
      6,
      3,
      5,
      3,
      1,
      1
    ]
  },