{
  "0.01": {
    "val": [
      -1,
      0,
      1,
      2,
      3,
      4,
      5,
      6
    ],
    "counts": [
      1,
      18,
      84,
      66,
      181,
      276,
      299,
      75
    ]
  },
  "0.042666666666666665": {
    "val": [
      -1,
      0,
      1,
      2,
      3,
      4,
      5,
      6,
      7,
      8,
      9,
      10,
      11,
      12,
      13,
      14,
      15,
      16,
      17
    ],
    "counts": [
      1,
      18,
      84,
      2,
      21,
      24,
      19,
      44,
      66,
      62,
      87,
      95,
      79,
      89,
      111,
      91,
      72,
      29,
      6
    ]
  },
  "0.07533333333333332": {
    "val": [
      -1,
      0,
      1,
      2,
      3,
      4,
      5,
      6,
      7,
      8,
      9,
      10,
      11,
      12,
      13,
      14,
      15,
      16,
      17,
      18,
      19,
      20,
      21,
      22,
      23,
      24,
      25,
      26,
      27,
      28,
      29,
      30,
      31,
      32,
      33,
      34,
      35,
      36,
      37,
      38,
      39,
      40,
      41,
      42,
      43
    ],
    "counts": [
      1,
      18,
      16,
      2,
      1,
      2,
      10,
      7,
      6,
      7,
      5,
      5,
      10,
      12,
      9,
      12,
      12,
      13,
      16,
      16,
      10,
      13,
      16,
      19,
      20,
      14,
      22,
      33,
      24,
      42,
      48,
      52,
      54,
      69,
      57,
      55,
      60,
      56,
      53,
      56,
      19,
      15,
      7,
      4,
      2
    ]
  },
  "0.10799999999999998": {
    "val": [
      -2147483648,
      -1,
      0,
      1
    ],
    "counts": [
      966,
      1,
      18,
      15
    ]
  },
  "0.14066666666666666": {
    "val": [
      -2147483648,
      -1,
      0,
      1,
      2,
      3,
      5
    ],
    "counts": [
      965,
      1,
      18,
      13,
      1,
      1,
      1
    ]
  },
  "0.17333333333333334": {
    "val": [
      -2147483648,
      -1,
      0,
      1
    ],
    "counts": [
      968,
      1,
      18,
      13
    ]
  },
  "0.206": {
    "val": [
      -2147483648,
      -1,
      0,
      1,
      3
    ],
    "counts": [
      969,
      1,
      18,
      10,
      2
    ]
  },
  "0.23866666666666664": {
    "val": [
      -2147483648,
      -1,
      0,
      1,
      2
    ],
    "counts": [
      971,
      1,
      18,
      9,
      1
    ]
  },
  "0.2713333333333333": {
    "val": [
      -2147483648,
      -1,
      0,
      1,
      3
    ],
    "counts": [
      972,
      1,
      18,
      7,
      2
    ]
  },
  "0.304": {
    "val": [
      -2147483648,
      -1,
      0,
      1
    ],
    "counts": [
      974,
      1,
      18,
      7
    ]
  },
  "0.33666666666666667": {
    "val": [
      -2147483648,
      -1,
      0,
      1,
      2
    ],
    "counts": [
      977,
      1,
      18,
      3,
      1
    ]
  },
  "0.3693333333333333": {
    "val": [
      -2147483648,
      -1,
      0,
      1
    ],
    "counts": [
      978,
      1,
      18,
      3
    ]
  },
  "0.40199999999999997": {
    "val": [
      -2147483648,
      -1,
      0,
      1,
      2
    ],
    "counts": [
      978,
      1,
      18,
      2,
      1
    ]
  },
  "0.43466666666666665": {
    "val": [
      -2147483648,
      -1,
      0,
      1
    ],
    "counts": [
      979,
      1,
      18,
      2
    ]
  },
  "0.46733333333333327": {
    "val": [
      -2147483648,
      -1,
      0,
      1
    ],
    "counts": [
      979,
      1,
      18,
      2
    ]
  },
  "0.5": {
    "val": [
      -2147483648,
      -1,
      0,
      1
    ],
    "counts": [
      980,
      1,
      18,
      1
    ]
  }
}