{
  "0.01": {
    "val": [
      -1,
      0,
      1,
      2,
      3,
      4
    ],
    "counts": [
      1,
      37,
      389,
      399,
      169,
      5
    ]
  },
  "0.042666666666666665": {
    "val": [
      -1,
      0,
      1,
      2,
      3,
      4,
      5,
      6,
      7,
      8,
      9
    ],
    "counts": [
      1,
      37,
      349,
      20,
      30,
      134,
      192,
      145,
      68,
      20,
      4
    ]
  },
  "0.07533333333333332": {
    "val": [
      -1,
      0,
      1,
      2,
      3,
      4,
      5,
      6,
      7,
      8,
      9,
      10,
      11,
      12,
      13,
      14,
      15,
      16
    ],
    "counts": [
      1,
      37,
      259,
      18,
      20,
      16,
      27,
      41,
      57,
      83,
      92,
      97,
      92,
      80,
      47,
      21,
      10,
      2
    ]
  },
  "0.10799999999999998": {
    "val": [
      -1,
      0,
      1,
      2,
      3,
      4,
      5,
      6,
      7,
      8,
      9,
      10,
      11,
      12,
      13,
      14,
      15,
      16,
      17,
      18,
      19,
      20,
      21,
      22,
      23,
      24,
      25
    ],
    "counts": [
      1,
      37,
      174,
      8,
      15,
      21,
      12,
      9,
      16,
      18,
      16,
      22,
      27,
      41,
      32,
      55,
      46,
      69,
      71,
      60,
      59,
      64,
      44,
      40,
      26,
      13,
      4
    ]
  },
  "0.14066666666666666": {
    "val": [
      -1,
      0,
      1,
      2,
      3,
      4,
      5,
      6,
      7,
      8,
      9,
      10,
      11,
      12,
      13,
      14,
      15,
      16,
      17,
      18,
      19,
      20,
      21,
      22,
      23,
      24,
      25,
      26,
      27,
      28,
      29,
      30,
      31,
      32,
      33,
      34,
      35,
      36,
      37,
      38,
      39,
      40,
      41
    ],
    "counts": [
      1,
      37,
      102,
      1,
      2,
      7,
      5,
      16,
      2,
      8,
      9,
      7,
      12,
      10,
      6,
      7,
      7,
      10,
      19,
      10,
      13,
      27,
      16,
      19,
      24,
      30,
      35,
      34,
      33,
      42,
      44,
      42,
      52,
      48,
      45,
      53,
      43,
      44,
      33,
      19,
      16,
      6,
      4
    ]
  },
  "0.17333333333333334": {
    "val": [
      -1,
      0,
      1,
      3,
      4,
      6,
      7,
      8,
      9,
      10,
      11,
      12,
      13,
      14,
      15,
      16,
      17,
      18,
      19,
      20,
      21,
      22,
      23,
      24,
      25,
      26,
      27,
      28,
      29,
      30,
      31,
      32,
      33,
      34,
      35,
      36,
      37,
      38,
      39,
      40,
      41,
      42,
      43,
      44,
      45,
      46,
      47,
      48,
      49,
      50,
      51,
      52,
      53,
      54,
      55,
      56,
      57,
      58,
      59,
      60,
      61,
      62,
      63,
      64,
      65,
      66,
      67
    ],
    "counts": [
      1,
      37,
      61,
      3,
      5,
      1,
      2,
      5,
      8,
      1,
      2,
      3,
      4,
      3,
      6,
      7,
      3,
      1,
      5,
      7,
      4,
      3,
      3,
      7,
      6,
      5,
      7,
      7,
      4,
      10,
      6,
      4,
      10,
      11,
      10,
      10,
      10,
      18,
      15,
      13,
      14,
      30,
      15,
      17,
      22,
      21,
      23,
      30,
      33,
      39,
      31,
      36,
      38,
      26,
      38,
      42,
      48,
      47,
      31,
      30,
      25,
      12,
      11,
      8,
      3,
      1,
      1
    ]
  },
  "0.206": {
    "val": [
      -1,
      0,
      1,
      2,
      3,
      7,
      10,
      11,
      13,
      15,
      18,
      19,
      20,
      21,
      22,
      24,
      25,
      26,
      27,
      28,
      30,
      31,
      32,
      33,
      34,
      35,
      36,
      37,
      39,
      40,
      41,
      42,
      43,
      44,
      45,
      46,
      47,
      48,
      49,
      50,
      51,
      52,
      53,
      54,
      55,
      56,
      57,
      58,
      59,
      60,
      61,
      62,
      63,
      64,
      65,
      66,
      67,
      68,
      69,
      70,
      71,
      72,
      73,
      74,
      75,
      76,
      77,
      78,
      79,
      80,
      81,
      82,
      83,
      84,
      85,
      86,
      87,
      88,
      89,
      90,
      91,
      92,
      93,
      94,
      95,
      96,
      97,
      98,
      99,
      100,
      101,
      102,
      103,
      104,
      105,
      106
    ],
    "counts": [
      1,
      37,
      42,
      1,
      2,
      1,
      3,
      2,
      3,
      1,
      7,
      2,
      2,
      2,
      3,
      2,
      2,
      2,
      2,
      6,
      1,
      2,
      2,
      3,
      3,
      2,
      3,
      3,
      2,
      3,
      2,
      8,
      4,
      3,
      3,
      4,
      3,
      4,
      2,
      4,
      2,
      3,
      4,
      6,
      5,
      4,
      6,
      6,
      5,
      5,
      10,
      7,
      7,
      5,
      7,
      6,
      2,
      7,
      11,
      10,
      11,
      20,
      9,
      9,
      10,
      15,
      16,
      11,
      21,
      16,
      24,
      20,
      24,
      29,
      32,
      17,
      21,
      31,
      26,
      30,
      44,
      33,
      31,
      38,
      22,
      37,
      25,
      23,
      18,
      13,
      13,
      3,
      3,
      1,
      1,
      1
    ]
  },
  "0.23866666666666664": {
    "val": [
      -1,
      0,
      1,
      5,
      7,
      8,
      14,
      20,
      21,
      22,
      25,
      27,
      29,
      34,
      38,
      40,
      42,
      43,
      44,
      46,
      47,
      48,
      49,
      51,
      52,
      55,
      58,
      59,
      62,
      64,
      68,
      69,
      70,
      71,
      74,
      75,
      76,
      78,
      82,
      83,
      84,
      85,
      86,
      87,
      89,
      90,
      91,
      92,
      93,
      94,
      95,
      98,
      99,
      100,
      102,
      103,
      104,
      105,
      106,
      107,
      108,
      109,
      110,
      111,
      112,
      114,
      115,
      116,
      117,
      118,
      119,
      120,
      122,
      123,
      124,
      125,
      126,
      127,
      128,
      130,
      131,
      132,
      133,
      134,
      135,
      136,
      137,
      138,
      139,
      140,
      141,
      142,
      143,
      144,
      145,
      146,
      147,
      148,
      149,
      150,
      151,
      152,
      153,
      154,
      155,
      156,
      157,
      158,
      159,
      160,
      161,
      162,
      163,
      164,
      165,
      166,
      167,
      168,
      169,
      170,
      171,
      172,
      173,
      174,
      175,
      176,
      177,
      178,
      179,
      180,
      181,
      182,
      183,
      184,
      185,
      186,
      187,
      188,
      189,
      190,
      191,
      192,
      193,
      194,
      195,
      196,
      197,
      198,
      199,
      200,
      201,
      202,
      203,
      204
    ],