{
  "0.01": {
    "val": [
      -1,
      0,
      1,
      2,
      3
    ],
    "counts": [
      1,
      37,
      468,
      437,
      57
    ]
  },
  "0.042666666666666665": {
    "val": [
      -1,
      0,
      1,
      2,
      3,
      4,
      5,
      6,
      7
    ],
    "counts": [
      1,
      37,
      428,
      33,
      36,
      225,
      184,
      54,
      2
    ]
  },
  "0.07533333333333332": {
    "val": [
      -1,
      0,
      1,
      2,
      3,
      4,
      5,
      6,
      7,
      8,
      9,
      10,
      11,
      12
    ],
    "counts": [
      1,
      37,
      295,
      36,
      42,
      36,
      50,
      67,
      126,
      142,
      104,
      51,
      12,
      1
    ]
  },
  "0.10799999999999998": {
    "val": [
      -1,
      0,
      1,
      2,
      3,
      4,
      5,
      6,
      7,
      8,
      9,
      10,
      11,
      12,
      13,
      14,
      15,
      16,
      17,
      18,
      19,
      20,
      21
    ],
    "counts": [
      1,
      37,
      136,
      13,
      12,
      25,
      21,
      33,
      31,
      31,
      37,
      37,
      45,
      63,
      70,
      85,
      97,
      77,
      79,
      39,
      23,
      7,
      1
    ]
  },
  "0.14066666666666666": {
    "val": [
      -1,
      0,
      1,
      2,
      3,
      4,
      5,
      6,
      7,
      8,
      9,
      10,
      11,
      12,
      13,
      14,
      15,
      16,
      17,
      18,
      19,
      20,
      21,
      22,
      23,
      24,
      25,
      26,
      27,
      28,
      29,
      30,
      31,
      32,
      33,
      34,
      35,
      36,
      37,
      38,
      39,
      40
    ],
    "counts": [
      1,
      37,
      60,
      1,
      3,
      1,
      2,
      9,
      1,
      4,
      6,
      5,
      11,
      3,
      8,
      10,
      6,
      9,
      15,
      6,
      19,
      14,
      12,
      21,
      26,
      27,
      21,
      43,
      34,
      44,
      60,
      57,
      73,
      56,
      57,
      61,
      62,
      56,
      31,
      18,
      8,
      2
    ]
  },
  "0.17333333333333334": {
    "val": [
      -1,
      0,
      1,
      3,
      4,
      5,
      9,
      10,
      11,
      13,
      14,
      15,
      16,
      17,
      19,
      21,
      22,
      23,
      24,
      26,
      27,
      28,
      30,
      31,
      32,
      33,
      34,
      35,
      36,
      37,
      38,
      39,
      40,
      41,
      42,
      43,
      44,
      45,
      46,
      47,
      48,
      49,
      50,
      51,
      52,
      53,
      54,
      55,
      56,
      57,
      58,
      59,
      60,
      61,
      62,
      63,
      64,
      65,
      66,
      67,
      68,
      69,
      70,
      71,
      72,
      73,
      74,
      75,
      76,
      77,
      78,
      79,
      80,
      81,
      82
    ],
    "counts": [
      1,
      37,
      27,
      2,
      1,
      1,
      2,
      1,
      1,
      1,
      1,
      1,
      3,
      2,
      3,
      2,
      1,
      2,
      8,
      1,
      2,
      2,
      2,
      4,
      5,
      3,
      1,
      1,
      4,
      3,
      2,
      1,
      5,
      4,
      3,
      3,
      4,
      3,
      10,
      4,
      7,
      5,
      7,
      10,
      7,
      6,
      9,
      9,
      10,
      13,
      13,
      15,
      14,
      18,
      21,
      22,
      30,
      32,
      26,
      28,
      49,
      49,
      41,
      62,
      60,
      58,
      40,
      43,
      48,
      33,
      26,
      10,
      9,
      5,
      1
    ]
  },
  "0.206": {
    "val": [
      -1,
      0,
      1,
      3,
      9,
      10,
      11,
      12,
      19,
      27,
      28,
      29,
      30,
      33,
      34,
      38,
      39,
      42,
      43,
      44,
      46,
      47,
      48,
      52,
      55,
      57,
      58,
      59,
      61,
      62,
      64,
      65,
      66,
      68,
      69,
      70,
      77,
      78,
      81,
      84,
      85,
      86,
      87,
      88,
      90,
      91,
      92,
      93,
      94,
      96,
      98,
      99,
      101,
      102,
      103,
      104,
      105,
      107,
      109,
      110,
      111,
      113,
      114,
      115,
      116,
      117,
      118,
      119,
      120,
      121,
      123,
      125,
      126,
      127,
      128,
      129,
      130,
      131,
      132,
      133,
      134,
      135,
      136,
      137,
      138,
      139,
      140,
      141,
      142,
      143,
      144,
      145,
      146,
      147,
      148,
      149,
      150,
      151,
      152,
      153,
      154,
      155,
      156,
      157,
      158,
      159,
      160,
      161,
      162,
      163,
      164,
      165,
      166,
      167,
      168,
      169,
      170,
      171,
      172
    ],
    "counts": [
      1,
      37,
      14,
      3,
      1,
      2,
      1,
      1,
      1,
      1,
      1,
      1,
      1,
      1,
      1,
      1,
      1,
      5,
      1,
      1,
      1,
      2,
      2,
      2,
      1,
      1,
      1,
      3,
      1,
      1,
      2,
      1,
      1,
      1,
      1,
      1,
      2,
      1,
      1,
      1,
      1,
      1,
      1,
      1,
      1,
      1,
      1,
      2,
      1,
      4,
      3,
      2,
      1,
      1,
      1,
      2,
      2,
      1,
      1,
      1,
      5,
      3,
      3,
      2,
      4,
      2,
      1,
      3,
      2,
      4,
      4,
      3,
      2,
      4,
      5,
      6,
      4,
      1,
      2,
      2,
      5,
      4,
      9,
      6,
      7,
      4,
      7,
      12,
      6,
      14,
      14,
      11,
      10,
      17,
      18,
      10,
      12,
      24,
      24,
      21,
      22,
      35,
      40,
      33,
      41,
      53,
      42,
      55,
      37,
      36,
      35,
      47,
      31,
      19,
      24,
      9,
      9,
      2,
      1
    ]
  },
  "0.23866666666666664": {
    "val": [
      -2147483648,
      -1,
      0,
      1,
      10,
      16,
      18,
      27
    ],
    "counts": [
      947,
      1,
      37,
      9,
      1,
      3,
      1,
      1
    ]
  },
  "0.2713333333333333": {
    "val": [
      -2147483648,
      -1,
      0,
      1
    ],
    "counts": [
      956,
      1,
      37,
      6
    ]
  },
  "0.304": {
    "val": [
      -2147483648,
      -1,
      0,
      1
    ],
    "counts": [
      961,
      1,
      37,
      1
    ]
  },
  "0.33666666666666667": {
    "val": [
      -2147483648,
      -1,
      0
    ],
    "counts": [
      962,
      1,
      37
    ]
  },
  "0.3693333333333333": {
    "val": [
      -2147483648,
      -1,
      0
    ],
    "counts": [
      962,
      1,
      37
    ]
  },
  "0.40199999999999997": {
    "val": [
      -2147483648,
      -1,
      0
    ],
    "counts": [
      962,
      1,
      37
    ]
  },
  "0.43466666666666665": {
    "val": [
      -2147483648,
      -1,
      0
    ],
    "counts": [
      962,
      1,
      37
    ]
  },
  "0.46733333333333327": {
    "val": [
      -2147483648,
      -1,
      0
    ],
    "counts": [
      962,
      1,
      37
    ]
  },
  "0.5": {
    "val": [
      -2147483648,
      -1,
      0
    ],
    "counts": [
      962,
      1,
      37
    ]
  }
}