{
  "0.01": {
    "val": [
      -1,
      0,
      1,
      2,
      3,
      4
    ],
    "counts": [
      1,
      11,
      85,
      446,
      454,
      3
    ]
  },
  "0.042666666666666665": {
    "val": [
      -1,
      0,
      1,
      2,
      3,
      4
    ],
    "counts": [
      1,
      11,
      85,
      446,
      454,
      3
    ]
  },
  "0.07533333333333332": {
    "val": [
      -1,
      0,
      1,
      2,
      3,
      4
    ],
    "counts": [
      1,
      11,
      84,
      443,
      458,
      3
    ]
  },
  "0.10799999999999998": {
    "val": [
      -1,
      0,
      1,
      2,
      3,
      4
    ],
    "counts": [
      1,
      11,
      59,
      249,
      564,
      116
    ]
  },
  "0.14066666666666666": {
    "val": [
      -1,
      0,
      1,
      2,
      3,
      4,
      5,
      6
    ],
    "counts": [
      1,
      11,
      29,
      64,
      167,
      432,
      293,
      3
    ]
  },
  "0.17333333333333334": {
    "val": [
      -2147483648,
      -1,
      0,
      1
    ],
    "counts": [
      986,
      1,
      11,
      2
    ]
  },
  "0.206": {
    "val": [
      -2147483648,
      -1,
      0
    ],
    "counts": [
      988,
      1,
      11
    ]
  },
  "0.23866666666666664": {
    "val": [
      -2147483648,
      -1,
      0
    ],
    "counts": [
      988,
      1,
      11
    ]
  },
  "0.2713333333333333": {
    "val": [
      -2147483648,
      -1,
      0
    ],
    "counts": [
      988,
      1,
      11
    ]
  },
  "0.304": {
    "val": [
      -2147483648,
      -1,
      0
    ],
    "counts": [
      988,
      1,
      11
    ]
  },
  "0.33666666666666667": {
    "val": [
      -2147483648,
      -1,
      0
    ],
    "counts": [
      988,
      1,
      11
    ]
  },
  "0.3693333333333333": {
    "val": [
      -2147483648,
      -1,
      0
    ],
    "counts": [
      988,
      1,
      11
    ]
  },
  "0.40199999999999997": {
    "val": [
      -2147483648,
      -1,
      0
    ],
    "counts": [
      988,
      1,
      11
    ]
  },
  "0.43466666666666665": {
    "val": [
      -2147483648,
      -1,
      0
    ],
    "counts": [
      988,
      1,
      11
    ]
  },
  "0.46733333333333327": {
    "val": [
      -2147483648,
      -1,
      0
    ],
    "counts": [
      988,
      1,
      11
    ]
  },
  "0.5": {
    "val": [
      -2147483648,
      -1,
      0
    ],
    "counts": [
      988,
      1,
      11
    ]
  }
}