{
  "0.01": {
    "val": [
      -1,
      0,
      1,
      2,
      3
    ],
    "counts": [
      1,
      19,
      134,
      629,
      217
    ]
  },
  "0.042666666666666665": {
    "val": [
      -1,
      0,
      1,
      2,
      3,
      4
    ],
    "counts": [
      1,
      19,
      134,
      342,
      473,
      31
    ]
  },
  "0.07533333333333332": {
    "val": [
      -1,
      0,
      1,
      2,
      3,
      4,
      5,
      6,
      7
    ],
    "counts": [
      1,
      19,
      25,
      45,
      92,
      209,
      405,
      200,
      4
    ]
  },
  "0.10799999999999998": {
    "val": [
      -1,
      0,
      1,
      2,
      3,
      4,
      5,
      6,
      7,
      8,
      9,
      10
    ],
    "counts": [
      1,
      19,
      19,
      10,
      23,
      28,
      56,
      110,
      184,
      323,
      216,
      11
    ]
  },
  "0.14066666666666666": {
    "val": [
      -1,
      0,
      1,
      2,
      3,
      4,
      5,
      6,
      7,
      8,
      9,
      10,
      11,
      12,
      13,
      14,
      15,
      16
    ],
    "counts": [
      1,
      19,
      12,
      6,
      6,
      11,
      11,
      19,
      23,
      27,
      38,
      50,
      79,
      123,
      234,
      255,
      80,
      6
    ]
  },
  "0.17333333333333334": {
    "val": [
      -1,
      0,
      1,
      2,
      3,
      4,
      5,
      6,
      7,
      8,
      9,
      10,
      11,
      12,
      13,
      14,
      15,
      16,
      17,
      18,
      19,
      20,
      21,
      22,
      23,
      24
    ],
    "counts": [
      1,
      19,
      10,
      6,
      4,
      5,
      5,
      7,
      5,
      10,
      9,
      13,
      16,
      17,
      13,
      21,
      26,
      37,
      55,
      66,
      100,
      141,
      196,
      166,
      48,
      4
    ]
  },
  "0.206": {
    "val": [
      -1,
      0,
      1,
      2,
      3,
      4,
      5,
      6,
      7,
      8,
      9,
      10,
      11,
      12,
      13,
      14,
      15,
      16,
      17,
      18,
      19,
      20,
      21,
      22,
      23,
      24,
      25,
      26,
      27,
      28,
      29,
      30,
      31,
      32,
      33,
      34,
      35,
      36
    ],
    "counts": [
      1,
      19,
      9,
      4,
      5,
      2,
      4,
      6,
      5,
      7,
      6,
      5,
      7,
      5,
      6,
      11,
      5,
      13,
      11,
      12,
      10,
      15,
      10,
      14,
      13,
      13,
      12,
      21,
      23,
      34,
      39,
      46,
      66,
      103,
      135,
      169,
      105,
      29
    ]
  },
  "0.23866666666666664": {
    "val": [
      -1,
      0,
      1,
      2,
      3,
      4,
      5,
      6,
      7,
      8,
      9,
      10,
      11,
      12,
      13,
      14,
      15,
      16,
      17,
      18,
      19,
      20,
      21,
      22,
      23,
      24,
      25,
      26,
      27,
      28,
      29,
      30,
      31,
      32,
      33,
      34,
      35,
      36,
      37,
      38,
      39,
      40,
      41,
      42,
      43,
      44,
      45,
      46,
      47,
      48,
      49,
      50,
      51
    ],
    "counts": [
      1,
      19,
      9,
      4,
      4,
      3,
      2,
      3,
      3,
      5,
      4,
      6,
      3,
      4,
      4,
      6,
      3,
      6,
      4,
      6,
      5,
      7,
      4,
      6,
      6,
      5,
      7,
      11,
      13,
      10,
      10,
      11,
      10,
      11,
      11,
      10,
      13,
      13,
      9,
      12,
      17,
      14,
      21,
      24,
      34,
      46,
      55,
      58,
      89,
      112,
      123,
      91,
      33
    ]
  },
  "0.2713333333333333": {
    "val": [
      -1,
      0,
      1,
      2,
      3,
      4,
      5,
      6,
      7,
      8,
      9,
      10,
      11,
      12,
      13,
      14,
      16,
      17,
      18,
      19,
      20,
      21,
      22,
      23,
      25,
      26,
      28,
      29,
      30,
      31,
      32,
      33,
      34,
      35,
      36,
      37,
      38,
      39,
      40,
      41,
      42,
      43,
      44,
      45,
      46,
      47,
      48,
      49,
      50,
      51,
      52,
      53,
      54,
      55,
      56,
      57,
      58,
      59,
      60,
      61,
      62,
      63,
      64,
      65,
      66,
      67,
      68,
      69,
      70,
      71,
      72,
      73,
      74,
      75,
      76,
      77,
      78,
      79,
      80,
      81,
      82,
      83,
      84,
      85,
      86,
      87,
      88,
      89,
      90,
      91,
      92,
      93,
      94,
      95,
      96,
      97,
      98,
      99,
      100,
      101,
      102
    ],
    "counts": [
      1,
      19,
      9,
      2,
      3,
      4,
      1,
      1,
      2,
      1,
      3,
      1,
      2,
      2,
      1,
      4,
      1,
      2,
      2,
      1,
      3,
      2,
      2,
      1,
      3,
      3,
      2,
      3,
      1,
      4,
      1,
      1,
      2,
      3,
      3,
      1,
      3,
      1,
      3,
      1,
      2,
      3,
      1,
      3,
      2,
      2,
      3,
      4,
      1,
      6,
      4,
      6,
      2,
      4,
      6,
      5,
      2,
      4,
      3,
      3,
      6,
      4,
      6,
      5,
      3,
      7,
      9,
      8,
      10,
      12,
      10,
      11,
      9,
      8,
      9,
      11,
      9,
      9,
      12,
      12,
      12,
      7,
      12,
      14,
      11,
      15,
      19,
      26,
      23,
      34,
      37,
      33,
      46,
      60,
      64,
      63,
      60,
      62,
      32,
      26,
      3
    ]
  },
  "0.304": {
    "val": [
      -2147483648,
      -1,
      0,
      1,
      2,
      3,
      4,
      5,
      6,
      7,
      8,
      9,
      10,
      11,
      12,
      13,
      14,
      15,
      16,
      17,
      18,
      19,
      20,
      21,
      22,
      23,
      24,
      25,
      26,
      27,
      28,
      29
    ],
    "counts": [
      930,
      1,
      19,
      7,
      2,
      4,
      1,
      4,
      1,
      1,
      1,
      1,
      1,
      3,
      1,
      2,
      1,
      1,
      1,
      2,
      2,
      1,
      1,
      1,
      1,
      1,
      1,
      2,
      2,
      2,
      1,
      1
    ]
  },
  "0.33666666666666667": {
    "val": [
      -2147483648,
      -1,
      0,
      1,
      2,
      3,
      4,
      5,
      6,
      7,
      8,
      9,
      10,
      12,
      13,
      15,
      16,
      17,
      18,
      19,
      21,
      23,
      24,
      25,
      26,
      28,
      30,
      32,
      33,
      34,
      36,
      37,
      38,
      39,
      40,
      41,
      42
    ],
    "counts": [
      930,
      1,
      19,
      4,
      4,
      1,
      3,
      2,
      2,
      1,
      1,
      1,
      1,
      1,
      1,
      1,
      2,
      1,
      1,
      2,
      2,
      1,
      1,
      2,
      1,
      1,
      1,
      1,
      1,
      1,
      1,
      1,
      2,
      1,
      2,
      1,
      1
    ]
  },
  "0.3693333333333333": {
    "val": [
      -2147483648,
      -1,
      0,
      1,
      2,
      3,
      4,
      5,
      6,
      7,
      8,
      9,
      11
    ],
    "counts": [
      963,
      1,
      19,
      3,
      1,
      4,
      1,
      2,
      2,
      1,
      1,
      1,
      1
    ]
  },
  "0.40199999999999997": {
    "val": [
      -2147483648,
      -1,
      0,
      1,
      2,
      3,
      4,
      5,
      6,
      8,
      10,
      11,
      13
    ],
    "counts": [
      967,
      1,
      19,
      2,
      2,
      1,
      2,
      1,
      1,
      1,
      1,
      1,
      1
    ]
  },