{
  "0.01": {
    "val": [
      -1,
      0,
      1,
      2,
      3,
      4,
      5
    ],
    "counts": [
      1,
      10,
      45,
      149,
      439,
      329,
      27
    ]
  },
  "0.042666666666666665": {
    "val": [
      -1,
      0,
      1,
      2,
      3,
      4,
      5
    ],
    "counts": [
      1,
      10,
      45,
      149,
      437,
      330,
      28
    ]
  },
  "0.07533333333333332": {
    "val": [
      -1,
      0,
      1,
      2,
      3,
      4,
      5,
      6,
      7,
      8
    ],
    "counts": [
      1,
      10,
      45,
      41,
      127,
      219,
      357,
      176,
      23,
      1
    ]
  },
  "0.10799999999999998": {
    "val": [
      -1,
      0,
      1,
      2,
      3,
      4,
      5,
      6,
      7,
      8,
      9
    ],
    "counts": [
      1,
      10,
      41,
      33,
      54,
      103,
      185,
      287,
      226,
      58,
      2
    ]
  },
  "0.14066666666666666": {
    "val": [
      -1,
      0,
      1,
      2,
      3,
      4,
      5,
      6,
      7,
      8,
      9,
      10,
      11,
      12
    ],
    "counts": [
      1,
      10,
      20,
      20,
      26,
      27,
      38,
      59,
      95,
      153,
      185,
      212,
      129,
      25
    ]
  },
  "0.17333333333333334": {
    "val": [
      -1,
      0,
      1,
      2,
      3,
      4,
      5,
      6,
      7,
      8,
      9,
      10,
      11,
      12,
      13,
      14,
      15,
      16,
      17,
      18,
      19,
      20,
      21,
      22,
      23,
      24,
      25
    ],
    "counts": [
      1,
      10,
      7,
      5,
      7,
      7,
      5,
      5,
      7,
      9,
      12,
      10,
      15,
      13,
      14,
      17,
      22,
      34,
      47,
      63,
      94,
      111,
      130,
      163,
      130,
      56,
      6
    ]
  },
  "0.206": {
    "val": [
      -1,
      0,
      1,
      2,
      3,
      4,
      5,
      6,
      7,
      8,
      9,
      10,
      11,
      12,
      13,
      14,
      15,
      16,
      17,
      18,
      19,
      20,
      21,
      22,
      23,
      24,
      25,
      26,
      27,
      28,
      29,
      30,
      31,
      32
    ],
    "counts": [
      1,
      10,
      7,
      2,
      4,
      7,
      7,
      5,
      3,
      5,
      7,
      8,
      6,
      10,
      9,
      10,
      12,
      8,
      13,
      13,
      16,
      23,
      24,
      37,
      52,
      60,
      74,
      97,
      115,
      134,
      122,
      74,
      23,
      2
    ]
  },
  "0.23866666666666664": {
    "val": [
      -1,
      0,
      1,
      2,
      3,
      4,
      5,
      6,
      7,
      8,
      9,
      10,
      11,
      12,
      13,
      14,
      15,
      16,
      17,
      18,
      19,
      20,
      21,
      22,
      23,
      24,
      25,
      26,
      27,
      28,
      29,
      30,
      31,
      32,
      33,
      34,
      35,
      36,
      37,
      38,
      39,
      40,
      41
    ],
    "counts": [
      1,
      10,
      6,
      1,
      2,
      4,
      6,
      5,
      6,
      2,
      4,
      4,
      7,
      4,
      4,
      7,
      8,
      7,
      7,
      11,
      10,
      10,
      10,
      8,
      13,
      16,
      12,
      12,
      24,
      24,
      18,
      37,
      43,
      43,
      56,
      58,
      76,
      104,
      99,
      92,
      68,
      44,
      17
    ]
  },
  "0.2713333333333333": {
    "val": [
      -1,
      0,
      1,
      2,
      3,
      4,
      5,
      6,
      7,
      8,
      9,
      10,
      11,
      12,
      13,
      14,
      15,
      16,
      17,
      19,
      20,
      21,
      22,
      23,
      24,
      25,
      26,
      27,
      28,
      29,
      31,
      32,
      33,
      34,
      35,
      36,
      37,
      38,
      39,
      40,
      41,
      42,
      43,
      44,
      45,
      46,
      47,
      48,
      49,
      50,
      51,
      52,
      53,
      54,
      55,
      56,
      57,
      58,
      59,
      60,
      61,
      62,
      63,
      64,
      65,
      66,
      67,
      68,
      69,
      70,
      71,
      72,
      73,
      74,
      75,
      76,
      77,
      78,
      79,
      80,
      81,
      82,
      83,
      84,
      85
    ],
    "counts": [
      1,
      10,
      4,
      2,
      1,
      2,
      2,
      2,
      2,
      2,
      2,
      1,
      2,
      3,
      2,
      4,
      2,
      1,
      1,
      2,
      2,
      2,
      4,
      2,
      2,
      3,
      2,
      3,
      2,
      2,
      2,
      2,
      2,
      2,
      3,
      2,
      2,
      4,
      1,
      3,
      1,
      4,
      4,
      4,
      2,
      4,
      7,
      5,
      4,
      5,
      6,
      5,
      4,
      5,
      6,
      7,
      8,
      6,
      5,
      9,
      11,
      6,
      14,
      14,
      18,
      7,
      15,
      13,
      13,
      20,
      17,
      19,
      17,
      21,
      28,
      35,
      42,
      52,
      60,
      69,
      90,
      84,
      69,
      50,
      20
    ]
  },
  "0.304": {
    "val": [
      -2147483648,
      -1,
      0,
      1,
      2,
      3,
      4,
      6,
      8,
      9,
      10,
      12
    ],
    "counts": [
      977,
      1,
      10,
      4,
      1,
      1,
      1,
      1,
      1,
      1,
      1,
      1
    ]
  },
  "0.33666666666666667": {
    "val": [
      -2147483648,
      -1,
      0,
      1,
      3,
      4
    ],
    "counts": [
      984,
      1,
      10,
      3,
      1,
      1
    ]
  },
  "0.3693333333333333": {
    "val": [
      -2147483648,
      -1,
      0,
      1,
      4,
      5
    ],
    "counts": [
      984,
      1,
      10,
      3,
      1,
      1
    ]
  },
  "0.40199999999999997": {
    "val": [
      -2147483648,
      -1,
      0,
      1,
      2
    ],
    "counts": [
      986,
      1,
      10,
      2,
      1
    ]
  },
  "0.43466666666666665": {
    "val": [
      -2147483648,
      -1,
      0,
      1,
      2
    ],
    "counts": [
      986,
      1,
      10,
      2,
      1
    ]
  },
  "0.46733333333333327": {
    "val": [
      -2147483648,
      -1,
      0,
      1,
      3
    ],
    "counts": [
      986,
      1,
      10,
      2,
      1
    ]
  },
  "0.5": {
    "val": [
      -2147483648,
      -1,
      0,
      1,
      4
    ],
    "counts": [
      986,
      1,
      10,
      2,
      1
    ]
  }
}