{
  "0.01": {
    "val": [
      -1,
      0,
      1,
      2,
      3,
      4
    ],
    "counts": [
      1,
      19,
      109,
      299,
      513,
      59
    ]
  },
  "0.042666666666666665": {
    "val": [
      -1,
      0,
      1,
      2,
      3,
      4,
      5,
      6,
      7,
      8
    ],
    "counts": [
      1,
      19,
      109,
      22,
      55,
      148,
      271,
      261,
      104,
      10
    ]
  },
  "0.07533333333333332": {
    "val": [
      -1,
      0,
      1,
      2,
      3,
      4,
      5,
      6,
      7,
      8,
      9,
      10,
      11,
      12,
      13,
      14,
      15,
      16,
      17,
      18
    ],
    "counts": [
      1,
      19,
      17,
      6,
      17,
      13,
      26,
      14,
      16,
      18,
      20,
      29,
      49,
      81,
      140,
      174,
      167,
      142,
      50,
      1
    ]
  },
  "0.10799999999999998": {
    "val": [
      -1,
      0,
      1,
      2,
      3,
      4,
      5,
      6,
      7,
      8,
      9,
      10,
      11,
      12,
      13,
      14,
      15,
      16,
      17,
      18,
      19,
      20,
      21,
      22,
      23,
      24,
      25,
      26,
      27,
      28,
      29,
      30,
      31,
      32
    ],
    "counts": [
      1,
      19,
      14,
      1,
      3,
      4,
      2,
      5,
      5,
      10,
      6,
      6,
      13,
      6,
      11,
      6,
      10,
      10,
      12,
      10,
      18,
      16,
      21,
      30,
      43,
      66,
      88,
      117,
      84,
      104,
      118,
      97,
      42,
      2
    ]
  },
  "0.14066666666666666": {
    "val": [
      -1,
      0,
      1,
      2,
      3,
      4,
      6,
      7,
      8,
      9,
      11,
      12,
      13,
      14,
      15,
      16,
      17,
      18,
      19,
      20,
      21,
      22,
      23,
      24,
      25,
      26,
      27,
      28,
      29,
      30,
      31,
      32,
      33,
      34,
      35,
      36,
      37,
      38,
      39,
      40,
      41,
      42,
      43,
      44,
      45,
      46,
      47,
      48,
      49,
      50,
      51,
      52,
      53,
      54,
      55,
      56,
      57,
      58,
      59,
      60,
      61
    ],
    "counts": [
      1,
      19,
      10,
      2,
      1,
      3,
      4,
      2,
      2,
      5,
      3,
      4,
      2,
      4,
      1,
      3,
      1,
      5,
      4,
      1,
      1,
      4,
      1,
      6,
      1,
      3,
      3,
      3,
      4,
      5,
      7,
      7,
      9,
      6,
      6,
      4,
      10,
      11,
      11,
      9,
      17,
      10,
      10,
      16,
      18,
      28,
      22,
      21,
      44,
      49,
      48,
      55,
      63,
      77,
      74,
      86,
      83,
      55,
      27,
      8,
      1
    ]
  },
  "0.17333333333333334": {
    "val": [
      -1,
      0,
      1,
      3,
      4,
      5,
      6,
      7,
      8,
      9,
      10,
      11,
      12,
      14,
      15,
      16,
      17,
      18,
      19,
      21,
      22,
      23,
      24,
      25,
      26,
      28,
      29,
      30,
      31,
      32,
      34,
      35,
      36,
      38,
      39,
      40,
      41,
      42,
      43,
      44,
      45,
      47,
      48,
      49,
      50,
      51,
      52,
      53,
      54,
      55,
      56,
      57,
      58,
      59,
      60,
      61,
      62,
      63,
      64,
      65,
      66,
      67,
      68,
      69,
      70,
      71,
      72,
      73,
      74,
      75,
      76,
      77,
      78,
      79,
      80,
      81,
      82,
      83,
      84,
      85,
      86,
      87,
      88,
      89,
      90,
      91,
      92,
      93,
      94,
      95,
      96,
      97,
      98,
      99,
      100
    ],
    "counts": [
      1,
      19,
      10,
      2,
      1,
      2,
      1,
      4,
      1,
      2,
      1,
      3,
      1,
      3,
      4,
      2,
      2,
      2,
      2,
      2,
      2,
      4,
      1,
      1,
      3,
      4,
      2,
      2,
      2,
      2,
      2,
      2,
      1,
      2,
      4,
      2,
      2,
      2,
      1,
      5,
      1,
      2,
      2,
      6,
      2,
      2,
      2,
      1,
      6,
      1,
      4,
      1,
      2,
      4,
      4,
      4,
      1,
      3,
      3,
      5,
      3,
      1,
      4,
      12,
      7,
      6,
      7,
      10,
      7,
      6,
      10,
      13,
      13,
      14,
      14,
      16,
      15,
      24,
      16,
      22,
      19,
      29,
      33,
      29,
      47,
      44,
      45,
      54,
      51,
      71,
      61,
      53,
      46,
      24,
      7
    ]
  },
  "0.206": {
    "val": [
      -1,
      0,
      1,
      2,
      3,
      4,
      5,
      6,
      7,
      9,
      11,
      12,
      13,
      14,
      15,
      17,
      18,
      19,
      21,
      22,
      23,
      24,
      27,
      28,
      29,
      30,
      31,
      33,
      34,
      35,
      36,
      37,
      38,
      39,
      41,
      43,
      44,
      45,
      46,
      48,
      49,
      50,
      51,
      53,
      55,
      56,
      57,
      60,
      61,
      62,
      63,
      64,
      65,
      66,
      68,
      69,
      70,
      71,
      72,
      73,
      74,
      75,
      76,
      77,
      78,
      79,
      80,
      81,
      82,
      83,
      84,
      85,
      86,
      87,
      88,
      90,
      91,
      92,
      93,
      95,
      96,
      97,
      98,
      99,
      101,
      102,
      103,
      104,
      105,
      106,
      107,
      108,
      110,
      111,
      112,
      113,
      114,
      115,
      116,
      117,
      118,
      119,
      120,
      121,
      122,
      123,
      124,
      125,
      126,
      127,
      128,
      129,
      130,
      131,
      132,
      133,
      134,
      135,
      136,
      137,
      138,
      139,
      140,
      141,
      142,
      143,
      144,
      145,
      146,
      147,
      148,
      149,
      150,
      151,
      152,
      153,
      154,
      155,
      156,
      157,
      158,
      159,
      160,
      161,
      162,
      163,
      164,
      165,
      166,
      167,
      168
    ],
    "counts": [
      1,
      19,
      8,
      1,
      1,
      1,
      1,
      1,
      3,
      4,
      2,
      1,
      1,
      2,
      2,
      1,
      1,
      5,
      2,
      2,
      2,
      2,
      2,
      1,
      2,
      3,
      1,
      3,
      1,
      1,
      1,
      3,
      2,
      2,
      3,
      1,
      2,
      1,
      1,
      1,
      1,
      2,
      4,
      4,
      2,
      1,
      3,
      2,
      1,
      3,
      4,
      1,
      1,
      2,
      3,
      2,
      1,
      1,
      3,
      1,
      1,
      3,
      2,
      2,
      3,
      1,
      2,
      1,
      1,
      1,
      2,
      2,
      2,
      1,
      2,
      2,
      1,
      1,
      3,
      2,
      1,
      2,
      1,
      3,
      3,
      3,
      2,
      1,
      3,
      3,
      2,
      4,
      2,
      2,
      4,
      4,
      2,
      2,
      1,
      5,
      1,
      6,
      4,
      5,
      5,
      6,
      4,
      8,
      6,
      8,
      4,
      6,
      9,
      5,
      4,
      7,
      3,
      7,
      4,
      6,
      9,
      13,
      6,
      8,
      7,
      15,
      5,
      11,
      13,
      10,
      12,
      14,
      21,
      14,
      14,
      21,
      22,
      41,
      37,
      38,
      45,
      41,
      37,
      41,
      45,
      39,
      37,
      23,
      18,
      12,
      2
    ]
  },