{
  "0.01": {
    "val": [
      -1,
      0,
      1,
      2
    ],
    "counts": [
      1,
      60,
      775,
      164
    ]
  },
  "0.042666666666666665": {
    "val": [
      -1,
      0,
      1,
      2,
      3,
      4
    ],
    "counts": [
      1,
      60,
      689,
      83,
      97,
      70
    ]
  },
  "0.07533333333333332": {
    "val": [
      -1,
      0,
      1,
      2,
      3,
      4,
      5,
      6,
      7
    ],
    "counts": [
      1,
      60,
      451,
      99,
      116,
      86,
      79,
      93,
      15
    ]
  },
  "0.10799999999999998": {
    "val": [
      -1,
      0,
      1,
      2,
      3,
      4,
      5,
      6,
      7,
      8,
      9,
      10,
      11,
      12
    ],
    "counts": [
      1,
      60,
      309,
      29,
      47,
      51,
      82,
      98,
      84,
      82,
      74,
      60,
      20,
      3
    ]
  },
  "0.14066666666666666": {
    "val": [
      -1,
      0,
      1,
      2,
      3,
      4,
      5,
      6,
      7,
      8,
      9,
      10,
      11,
      12,
      13,
      14,
      15,
      16,
      17,
      18,
      19,
      20
    ],
    "counts": [
      1,
      60,
      180,
      14,
      23,
      21,
      24,
      23,
      31,
      36,
      39,
      43,
      74,
      67,
      81,
      73,
      68,
      52,
      55,
      24,
      8,
      3
    ]
  },
  "0.17333333333333334": {
    "val": [
      -1,
      0,
      1,
      2,
      3,
      4,
      5,
      6,
      7,
      8,
      9,
      10,
      11,
      12,
      13,
      14,
      15,
      16,
      17,
      18,
      19,
      20,
      21,
      22,
      23,
      24,
      25,
      26,
      27,
      28,
      29,
      30,
      31,
      32,
      33
    ],
    "counts": [
      1,
      60,
      100,
      6,
      7,
      2,
      5,
      16,
      10,
      11,
      11,
      12,
      15,
      19,
      15,
      16,
      15,
      21,
      28,
      29,
      44,
      39,
      43,
      48,
      49,
      62,
      69,
      56,
      51,
      45,
      39,
      33,
      17,
      3,
      3
    ]
  },
  "0.206": {
    "val": [
      -1,
      0,
      1,
      2,
      3,
      5,
      6,
      7,
      8,
      9,
      10,
      11,
      12,
      13,
      14,
      15,
      16,
      17,
      18,
      19,
      20,
      21,
      22,
      23,
      24,
      25,
      26,
      27,
      28,
      29,
      30,
      31,
      32,
      33,
      34,
      35,
      36,
      37,
      38,
      39,
      40,
      41,
      42,
      43,
      44,
      45,
      46,
      47,
      48,
      49,
      50,
      51,
      52,
      53,
      54,
      55,
      56,
      57,
      58,
      59
    ],
    "counts": [
      1,
      60,
      46,
      2,
      5,
      2,
      2,
      3,
      1,
      2,
      1,
      2,
      3,
      5,
      8,
      1,
      1,
      2,
      4,
      4,
      2,
      6,
      9,
      7,
      13,
      3,
      8,
      6,
      12,
      13,
      6,
      8,
      14,
      13,
      10,
      11,
      20,
      11,
      16,
      15,
      30,
      22,
      27,
      24,
      42,
      44,
      38,
      35,
      48,
      50,
      52,
      49,
      43,
      35,
      38,
      25,
      24,
      10,
      4,
      2
    ]
  },
  "0.23866666666666664": {
    "val": [
      -1,
      0,
      1,
      2,
      7,
      8,
      10,
      12,
      19,
      21,
      22,
      25,
      27,
      29,
      30,
      31,
      32,
      34,
      35,
      36,
      37,
      38,
      40,
      41,
      42,
      43,
      44,
      45,
      46,
      47,
      48,
      49,
      50,
      51,
      52,
      53,
      54,
      55,
      56,
      57,
      58,
      59,
      60,
      61,
      62,
      63,
      64,
      65,
      66,
      67,
      68,
      69,
      70,
      71,
      72,
      73,
      74,
      75,
      76,
      77,
      78,
      79,
      80,
      81,
      82,
      83,
      84,
      85,
      86,
      87,
      88,
      89,
      90,
      91,
      92,
      93,
      94,
      95,
      96,
      97,
      98,
      99,
      100,
      101,
      102,
      103,
      104,
      105,
      106,
      107,
      108,
      109,
      110,
      111,
      112,
      113,
      114
    ],
    "counts": [
      1,
      60,
      23,
      1,
      2,
      1,
      1,
      1,
      1,
      1,
      1,
      3,
      2,
      1,
      2,
      2,
      1,
      1,
      4,
      1,
      3,
      1,
      1,
      1,
      2,
      2,
      3,
      1,
      2,
      4,
      1,
      1,
      3,
      3,
      1,
      2,
      1,
      4,
      3,
      6,
      3,
      3,
      3,
      4,
      6,
      4,
      3,
      3,
      4,
      5,
      5,
      3,
      3,
      4,
      6,
      7,
      5,
      8,
      3,
      7,
      8,
      9,
      6,
      11,
      6,
      6,
      9,
      13,
      7,
      12,
      18,
      20,
      24,
      22,
      17,
      18,
      23,
      25,
      27,
      32,
      33,
      35,
      31,
      39,
      40,
      45,
      33,
      49,
      36,
      26,
      28,
      16,
      17,
      8,
      5,
      1,
      1
    ]
  },
  "0.2713333333333333": {
    "val": [
      -1,
      0,
      1,
      14,
      17,
      24,
      26,
      42,
      58,
      59,
      60,
      69,
      74,
      77,
      88,
      96,
      111,
      117,
      132,
      135,
      141,
      148,
      160,
      166,
      178,
      188,
      191,
      194,
      198,
      203,
      207,
      222,
      224,
      231,
      243,
      247,
      248,
      260,
      261,
      262,
      263,
      266,
      267,
      273,
      278,
      284,
      287,
      291,
      293,
      294,
      295,
      302,
      303,
      304,
      309,
      312,
      315,
      318,
      319,
      320,
      321,
      323,
      324,
      325,
      332,
      333,
      335,
      336,
      339,
      340,
      342,
      344,
      345,
      346,
      349,
      350,
      352,
      353,
      354,
      355,
      356,
      357,
      359,
      360,
      361,
      362,
      363,
      364,
      365,
      366,
      367,
      368,
      369,
      370,
      371,
      372,
      373,
      374,
      375,
      376,
      377,
      378,
      379,
      380,
      381,
      382,
      383,
      384,
      385,
      386,
      387,
      388,
      389,
      390,
      391,
      392,
      393,
      394,
      395,
      396,
      397,
      398,
      399,
      400,
      401,
      402,
      403,
      404,
      405,
      406,
      407,
      408,
      409,
      410,
      411,
      412,
      413,
      414,
      415,
      416,
      417,
      418,
      419,
      420,
      421,
      422,
      423,
      424,
      425,
      426,
      427,
      428,
      429
    ],