{
  "0.01": {
    "val": [
      -1,
      0,
      1,
      2
    ],
    "counts": [
      1,
      68,
      812,
      119
    ]
  },
  "0.042666666666666665": {
    "val": [
      -1,
      0,
      1,
      2,
      3,
      4
    ],
    "counts": [
      1,
      68,
      726,
      84,
      104,
      17
    ]
  },
  "0.07533333333333332": {
    "val": [
      -1,
      0,
      1,
      2,
      3,
      4,
      5,
      6
    ],
    "counts": [
      1,
      68,
      479,
      99,
      144,
      87,
      88,
      34
    ]
  },
  "0.10799999999999998": {
    "val": [
      -1,
      0,
      1,
      2,
      3,
      4,
      5,
      6,
      7,
      8,
      9,
      10,
      11
    ],
    "counts": [
      1,
      68,
      278,
      46,
      58,
      71,
      93,
      107,
      98,
      94,
      59,
      24,
      3
    ]
  },
  "0.14066666666666666": {
    "val": [
      -1,
      0,
      1,
      2,
      3,
      4,
      5,
      6,
      7,
      8,
      9,
      10,
      11,
      12,
      13,
      14,
      15,
      16,
      17,
      18,
      19,
      20
    ],
    "counts": [
      1,
      68,
      124,
      8,
      16,
      20,
      16,
      21,
      23,
      37,
      35,
      50,
      61,
      88,
      80,
      94,
      85,
      82,
      50,
      30,
      9,
      2
    ]
  },
  "0.17333333333333334": {
    "val": [
      -1,
      0,
      1,
      2,
      3,
      6,
      7,
      8,
      9,
      10,
      12,
      13,
      14,
      15,
      16,
      17,
      18,
      19,
      20,
      21,
      22,
      23,
      24,
      25,
      26,
      27,
      28,
      29,
      30,
      31,
      32,
      33,
      34,
      35,
      36,
      37,
      38,
      39,
      40,
      41,
      42,
      43,
      44,
      45
    ],
    "counts": [
      1,
      68,
      46,
      2,
      2,
      4,
      4,
      2,
      1,
      4,
      5,
      4,
      6,
      4,
      5,
      4,
      5,
      9,
      9,
      7,
      8,
      10,
      9,
      9,
      20,
      13,
      20,
      26,
      32,
      28,
      27,
      36,
      62,
      62,
      68,
      79,
      72,
      75,
      60,
      43,
      30,
      15,
      3,
      1
    ]
  },
  "0.206": {
    "val": [
      -1,
      0,
      1,
      3,
      7,
      9,
      11,
      12,
      13,
      14,
      17,
      18,
      19,
      21,
      22,
      24,
      29,
      30,
      31,
      32,
      37,
      38,
      41,
      42,
      43,
      44,
      45,
      46,
      47,
      48,
      49,
      50,
      51,
      52,
      53,
      54,
      55,
      56,
      57,
      58,
      59,
      60,
      61,
      62,
      63,
      64,
      65,
      66,
      67,
      68,
      69,
      70,
      71,
      72,
      73,
      74,
      75,
      76,
      77,
      78,
      79,
      80,
      81,
      82,
      83,
      84,
      85,
      86,
      87,
      88,
      89,
      90,
      91,
      92,
      93,
      94,
      95,
      96,
      97,
      98,
      99,
      100,
      101,
      102
    ],
    "counts": [
      1,
      68,
      25,
      1,
      2,
      2,
      1,
      1,
      2,
      1,
      1,
      1,
      2,
      1,
      1,
      1,
      3,
      3,
      1,
      1,
      1,
      3,
      1,
      2,
      2,
      1,
      4,
      1,
      3,
      2,
      2,
      3,
      3,
      1,
      4,
      2,
      2,
      4,
      3,
      4,
      1,
      4,
      3,
      2,
      4,
      4,
      2,
      1,
      3,
      1,
      7,
      2,
      6,
      7,
      5,
      11,
      1,
      9,
      13,
      9,
      6,
      6,
      12,
      8,
      12,
      21,
      25,
      29,
      32,
      32,
      29,
      38,
      58,
      46,
      83,
      62,
      65,
      54,
      46,
      31,
      24,
      12,
      5,
      2
    ]
  },
  "0.23866666666666664": {
    "val": [
      -2147483648,
      -1,
      0,
      1,
      2,
      7,
      11,
      21,
      27,
      28,
      33,
      38,
      39,
      41,
      46,
      55,
      60
    ],
    "counts": [
      905,
      1,
      68,
      13,
      1,
      1,
      1,
      1,
      1,
      1,
      1,
      1,
      1,
      1,
      1,
      1,
      1
    ]
  },
  "0.2713333333333333": {
    "val": [
      -2147483648,
      -1,
      0,
      1,
      18,
      21,
      31,
      39
    ],
    "counts": [
      921,
      1,
      68,
      6,
      1,
      1,
      1,
      1
    ]
  },
  "0.304": {
    "val": [
      -2147483648,
      -1,
      0,
      1
    ],
    "counts": [
      927,
      1,
      68,
      4
    ]
  },
  "0.33666666666666667": {
    "val": [
      -2147483648,
      -1,
      0,
      1
    ],
    "counts": [
      929,
      1,
      68,
      2
    ]
  },
  "0.3693333333333333": {
    "val": [
      -2147483648,
      -1,
      0,
      1
    ],
    "counts": [
      930,
      1,
      68,
      1
    ]
  },
  "0.40199999999999997": {
    "val": [
      -2147483648,
      -1,
      0
    ],
    "counts": [
      931,
      1,
      68
    ]
  },
  "0.43466666666666665": {
    "val": [
      -2147483648,
      -1,
      0
    ],
    "counts": [
      931,
      1,
      68
    ]
  },
  "0.46733333333333327": {
    "val": [
      -2147483648,
      -1,
      0
    ],
    "counts": [
      931,
      1,
      68
    ]
  },
  "0.5": {
    "val": [
      -2147483648,
      -1,
      0
    ],
    "counts": [
      931,
      1,
      68
    ]
  }
}