{
  "0.01": {
    "val": [
      -1,
      0,
      1,
      2,
      3,
      4,
      5,
      6,
      7,
      8
    ],
    "counts": [
      1,
      57,
      244,
      115,
      229,
      142,
      74,
      52,
      81,
      5
    ]
  },
  "0.042666666666666665": {
    "val": [
      -1,
      0,
      1,
      2,
      3,
      4,
      5,
      6,
      7,
      8
    ],
    "counts": [
      1,
      57,
      243,
      91,
      161,
      225,
      84,
      51,
      80,
      7
    ]
  },
  "0.07533333333333332": {
    "val": [
      -1,
      0,
      1,
      2,
      3,
      4,
      5,
      6,
      7,
      8
    ],
    "counts": [
      1,
      57,
      238,
      60,
      102,
      149,
      219,
      60,
      66,
      48
    ]
  },
  "0.10799999999999998": {
    "val": [
      -1,
      0,
      1,
      2,
      3,
      4,
      5,
      6,
      7,
      8,
      9,
      10
    ],
    "counts": [
      1,
      57,
      224,
      41,
      65,
      71,
      111,
      192,
      105,
      35,
      54,
      44
    ]
  },
  "0.14066666666666666": {
    "val": [
      -1,
      0,
      1,
      2,
      3,
      4,
      5,
      6,
      7,
      8,
      9,
      10,
      11,
      12,
      13
    ],
    "counts": [
      1,
      57,
      206,
      39,
      38,
      66,
      35,
      67,
      105,
      184,
      79,
      33,
      49,
      40,
      1
    ]
  },
  "0.17333333333333334": {
    "val": [
      -1,
      0,
      1,
      2,
      3,
      4,
      5,
      6,
      7,
      8,
      9,
      10,
      11,
      12,
      13,
      14,
      15,
      16
    ],
    "counts": [
      1,
      57,
      187,
      47,
      12,
      20,
      40,
      45,
      16,
      28,
      42,
      55,
      94,
      126,
      119,
      66,
      44,
      1
    ]
  },
  "0.206": {
    "val": [
      -1,
      0,
      1,
      2,
      3,
      4,
      5,
      6,
      7,
      8,
      9,
      10,
      11,
      12,
      13,
      14,
      15,
      16,
      17,
      18,
      19,
      20,
      21
    ],
    "counts": [
      1,
      57,
      160,
      60,
      9,
      4,
      7,
      9,
      15,
      23,
      51,
      20,
      11,
      26,
      25,
      33,
      47,
      31,
      38,
      74,
      110,
      145,
      44
    ]
  },
  "0.23866666666666664": {
    "val": [
      -2147483648,
      -1,
      0,
      1,
      2,
      3,
      4,
      5,
      6,
      8
    ],
    "counts": [
      714,
      1,
      57,
      134,
      63,
      26,
      1,
      2,
      1,
      1
    ]
  },
  "0.2713333333333333": {
    "val": [
      -2147483648,
      -1,
      0,
      1,
      2,
      3,
      4,
      5,
      6,
      7
    ],
    "counts": [
      716,
      1,
      57,
      119,
      60,
      38,
      6,
      1,
      1,
      1
    ]
  },
  "0.304": {
    "val": [
      -2147483648,
      -1,
      0,
      1,
      2,
      3,
      4,
      5,
      6,
      7
    ],
    "counts": [
      717,
      1,
      57,
      99,
      62,
      33,
      28,
      1,
      1,
      1
    ]
  },
  "0.33666666666666667": {
    "val": [
      -2147483648,
      -1,
      0,
      1,
      2,
      3,
      4,
      5,
      6
    ],
    "counts": [
      724,
      1,
      57,
      73,
      50,
      45,
      26,
      21,
      3
    ]
  },
  "0.3693333333333333": {
    "val": [
      -2147483648,
      -1,
      0,
      1,
      2,
      3,
      4,
      5,
      6,
      7
    ],
    "counts": [
      724,
      1,
      57,
      58,
      32,
      48,
      39,
      18,
      20,
      3
    ]
  },
  "0.40199999999999997": {
    "val": [
      -2147483648,
      -1,
      0,
      1,
      2,
      3,
      4,
      5,
      6,
      7,
      8,
      9
    ],
    "counts": [
      724,
      1,
      57,
      43,
      23,
      28,
      35,
      28,
      26,
      11,
      16,
      8
    ]
  },
  "0.43466666666666665": {
    "val": [
      -2147483648,
      -1,
      0,
      1,
      2,
      3,
      4,
      5,
      6,
      7,
      8,
      9,
      10,
      11,
      12
    ],
    "counts": [
      725,
      1,
      57,
      33,
      20,
      12,
      13,
      22,
      22,
      25,
      24,
      19,
      8,
      13,
      6
    ]
  },
  "0.46733333333333327": {
    "val": [
      -2147483648,
      -1,
      0,
      1,
      2,
      3,
      4,
      5,
      6,
      7,
      8,
      9,
      10,
      11,
      12,
      13,
      14,
      15,
      16,
      17,
      18,
      19
    ],
    "counts": [
      725,
      1,
      57,
      20,
      14,
      12,
      5,
      6,
      6,
      8,
      12,
      15,
      12,
      15,
      12,
      13,
      16,
      21,
      7,
      9,
      11,
      3
    ]
  },
  "0.5": {
    "val": [
      -2147483648,
      -1,
      0,
      1,
      2,
      3,
      4,
      5,
      6,
      7,
      8,
      9,
      10,
      11,
      12,
      13,
      14
    ],
    "counts": [
      859,
      1,
      57,
      20,
      9,
      13,
      6,
      4,
      4,
      6,
      1,
      4,
      2,
      8,
      4,
      1,
      1
    ]
  }
}