{
  "0.01": {
    "val": [
      -1,
      0,
      1,
      2,
      3
    ],
    "counts": [
      1,
      19,
      138,
      593,
      249
    ]
  },
  "0.042666666666666665": {
    "val": [
      -1,
      0,
      1,
      2,
      3
    ],
    "counts": [
      1,
      19,
      138,
      593,
      249
    ]
  },
  "0.07533333333333332": {
    "val": [
      -1,
      0,
      1,
      2,
      3,
      4,
      5
    ],
    "counts": [
      1,
      19,
      38,
      87,
      239,
      461,
      155
    ]
  },
  "0.10799999999999998": {
    "val": [
      -1,
      0,
      1,
      2,
      3,
      4,
      5,
      6
    ],
    "counts": [
      1,
      19,
      26,
      59,
      110,
      241,
      447,
      97
    ]
  },
  "0.14066666666666666": {
    "val": [
      -1,
      0,
      1,
      2,
      3,
      4,
      5,
      6,
      7,
      8,
      9,
      10
    ],
    "counts": [
      1,
      19,
      13,
      17,
      27,
      35,
      60,
      87,
      145,
      287,
      274,
      35
    ]
  },
  "0.17333333333333334": {
    "val": [
      -1,
      0,
      1,
      2,
      3,
      4,
      5,
      6,
      7,
      8,
      9,
      10,
      11,
      12,
      13,
      14,
      15
    ],
    "counts": [
      1,
      19,
      11,
      11,
      11,
      12,
      11,
      13,
      14,
      28,
      35,
      51,
      85,
      99,
      150,
      324,
      125
    ]
  },
  "0.206": {
    "val": [
      -1,
      0,
      1,
      2,
      3,
      4,
      5,
      6,
      7,
      8,
      9,
      10,
      11,
      12,
      13,
      14,
      15,
      16,
      17,
      18,
      19,
      20,
      21,
      22
    ],
    "counts": [
      1,
      19,
      9,
      11,
      10,
      11,
      9,
      9,
      9,
      9,
      12,
      17,
      19,
      24,
      25,
      32,
      36,
      55,
      66,
      77,
      129,
      195,
      162,
      54
    ]
  },
  "0.23866666666666664": {
    "val": [
      -1,
      0,
      1,
      2,
      3,
      4,
      5,
      6,
      7,
      8,
      9,
      10,
      11,
      12,
      13,
      14,
      15,
      16,
      17,
      18,
      19,
      20,
      21,
      22,
      23,
      24,
      25,
      26,
      27,
      28,
      29,
      30,
      31,
      32,
      33,
      34,
      35,
      36,
      37,
      38,
      39,
      40,
      41
    ],
    "counts": [
      1,
      19,
      6,
      6,
      8,
      7,
      8,
      6,
      6,
      7,
      9,
      8,
      10,
      7,
      9,
      7,
      8,
      8,
      11,
      9,
      6,
      8,
      9,
      9,
      9,
      10,
      11,
      12,
      14,
      20,
      20,
      28,
      29,
      27,
      37,
      40,
      49,
      77,
      123,
      117,
      113,
      64,
      8
    ]
  },
  "0.2713333333333333": {
    "val": [
      -1,
      0,
      1,
      2,
      3,
      4,
      5,
      6,
      7,
      8,
      9,
      10,
      11,
      12,
      13,
      14,
      15,
      16,
      17,
      18,
      19,
      20,
      21,
      22,
      23,
      24,
      25,
      26,
      27,
      28,
      29,
      30,
      31,
      32,
      33,
      34,
      35,
      36,
      37,
      38,
      39,
      40,
      41,
      42,
      43,
      44,
      45,
      46,
      47,
      48,
      49,
      50,
      51,
      52,
      53,
      54,
      55,
      56,
      57,
      58,
      59,
      60,
      61,
      62,
      63
    ],
    "counts": [
      1,
      19,
      6,
      4,
      6,
      7,
      7,
      5,
      7,
      6,
      7,
      4,
      5,
      6,
      5,
      6,
      6,
      5,
      5,
      6,
      6,
      6,
      8,
      6,
      7,
      6,
      7,
      8,
      8,
      9,
      6,
      6,
      7,
      8,
      9,
      10,
      9,
      7,
      7,
      8,
      11,
      7,
      11,
      8,
      9,
      9,
      11,
      10,
      16,
      10,
      14,
      19,
      24,
      23,
      22,
      28,
      30,
      44,
      68,
      64,
      60,
      102,
      95,
      33,
      1
    ]
  },
  "0.304": {
    "val": [
      -1,
      0,
      1,
      2,
      3,
      4,
      5,
      6,
      7,
      8,
      9,
      10,
      11,
      12,
      13,
      14,
      15,
      16,
      17,
      18,
      19,
      20,
      21,
      22,
      23,
      24,
      25,
      26,
      27,
      28,
      29,
      30,
      31,
      32,
      33,
      34,
      35,
      36,
      37,
      38,
      39,
      40,
      41,
      42,
      43,
      44,
      45,
      46,
      47,
      48,
      49,
      50,
      51,
      52,
      53,
      54,
      55,
      56,
      57,
      58,
      59,
      60,
      61,
      62,
      63,
      64,
      65,
      66,
      67,
      68,
      69,
      70,
      71,
      72,
      73,
      74,
      75,
      76,
      77,
      78,
      79,
      80,
      81,
      82,
      83,
      84,
      85,
      86,
      87,
      88,
      89,
      90,
      91,
      92
    ],
    "counts": [
      1,
      19,
      5,
      3,
      5,
      6,
      3,
      4,
      7,
      5,
      3,
      5,
      4,
      5,
      6,
      4,
      4,
      3,
      4,
      3,
      3,
      2,
      2,
      2,
      2,
      1,
      2,
      3,
      5,
      4,
      3,
      4,
      5,
      4,
      7,
      4,
      6,
      5,
      5,
      7,
      6,
      5,
      8,
      6,
      6,
      8,
      3,
      4,
      4,
      5,
      5,
      7,
      6,
      5,
      5,
      7,
      10,
      5,
      5,
      8,
      6,
      9,
      11,
      7,
      7,
      10,
      9,
      9,
      11,
      8,
      7,
      7,
      11,
      9,
      10,
      10,
      12,
      15,
      17,
      19,
      20,
      23,
      25,
      21,
      26,
      34,
      40,
      39,
      46,
      49,
      69,
      77,
      33,
      1
    ]
  },
  "0.33666666666666667": {
    "val": [
      -2147483648,
      -1,
      0,
      1,
      2,
      3,
      4,
      5,
      6,
      7,
      8,
      9,
      10,
      11,
      12,
      13,
      14,
      15,
      16,
      17
    ],
    "counts": [
      945,
      1,
      19,
      4,
      3,
      1,
      2,
      2,
      2,
      2,
      3,
      2,
      1,
      2,
      3,
      2,
      2,
      1,
      1,
      2
    ]
  },
  "0.3693333333333333": {
    "val": [
      -2147483648,
      -1,
      0,
      1,
      2,
      3
    ],
    "counts": [
      973,
      1,
      19,
      4,
      2,
      1
    ]
  },
  "0.40199999999999997": {
    "val": [
      -2147483648,
      -1,
      0,
      1,
      2,
      3
    ],
    "counts": [
      973,
      1,
      19,
      3,
      2,
      2
    ]
  },
  "0.43466666666666665": {
    "val": [
      -2147483648,
      -1,
      0,
      1,
      2,
      3
    ],
    "counts": [
      976,
      1,
      19,
      2,
      1,
      1
    ]
  },
  "0.46733333333333327": {
    "val": [
      -2147483648,
      -1,
      0,
      1
    ],
    "counts": [
      979,
      1,
      19,
      1
    ]
  },
  "0.5": {
    "val": [
      -2147483648,
      -1,
      0,
      1
    ],
    "counts": [
      979,
      1,
      19,
      1
    ]
  }
}