{
  "0.01": {
    "val": [
      -1,
      0,
      1,
      2,
      3
    ],
    "counts": [
      1,
      19,
      134,
      629,
      217
    ]
  },
  "0.042666666666666665": {
    "val": [
      -1,
      0,
      1,
      2,
      3
    ],
    "counts": [
      1,
      19,
      134,
      629,
      217
    ]
  },
  "0.07533333333333332": {
    "val": [
      -1,
      0,
      1,
      2,
      3,
      4,
      5,
      6
    ],
    "counts": [
      1,
      19,
      25,
      64,
      181,
      464,
      243,
      3
    ]
  },
  "0.10799999999999998": {
    "val": [
      -1,
      0,
      1,
      2,
      3,
      4,
      5,
      6
    ],
    "counts": [
      1,
      19,
      19,
      29,
      78,
      220,
      435,
      199
    ]
  },
  "0.14066666666666666": {
    "val": [
      -1,
      0,
      1,
      2,
      3,
      4,
      5,
      6,
      7,
      8,
      9,
      10,
      11
    ],
    "counts": [
      1,
      19,
      12,
      9,
      18,
      27,
      35,
      48,
      80,
      167,
      354,
      222,
      8
    ]
  },
  "0.17333333333333334": {
    "val": [
      -1,
      0,
      1,
      2,
      3,
      4,
      5,
      6,
      7,
      8,
      9,
      10,
      11,
      12,
      13,
      14,
      15,
      16
    ],
    "counts": [
      1,
      19,
      10,
      9,
      8,
      11,
      12,
      14,
      22,
      26,
      36,
      50,
      85,
      149,
      264,
      248,
      34,
      2
    ]
  },
  "0.206": {
    "val": [
      -1,
      0,
      1,
      2,
      3,
      4,
      5,
      6,
      7,
      8,
      9,
      10,
      11,
      12,
      13,
      14,
      15,
      16,
      17,
      18,
      19,
      20,
      21,
      22,
      23
    ],
    "counts": [
      1,
      19,
      9,
      9,
      5,
      9,
      9,
      10,
      10,
      11,
      14,
      21,
      20,
      19,
      20,
      23,
      29,
      35,
      51,
      70,
      129,
      214,
      216,
      46,
      1
    ]
  },
  "0.23866666666666664": {
    "val": [
      -1,
      0,
      1,
      2,
      3,
      4,
      5,
      6,
      7,
      8,
      9,
      10,
      11,
      12,
      13,
      14,
      15,
      16,
      17,
      18,
      19,
      20,
      21,
      22,
      23,
      24,
      25,
      26,
      27,
      28,
      29,
      30,
      31,
      32,
      33
    ],
    "counts": [
      1,
      19,
      9,
      8,
      4,
      4,
      6,
      6,
      9,
      7,
      8,
      8,
      6,
      12,
      11,
      10,
      8,
      16,
      20,
      18,
      17,
      17,
      16,
      17,
      19,
      17,
      31,
      41,
      59,
      79,
      114,
      158,
      151,
      73,
      1
    ]
  },
  "0.2713333333333333": {
    "val": [
      -1,
      0,
      1,
      2,
      3,
      4,
      5,
      6,
      7,
      8,
      9,
      10,
      11,
      12,
      13,
      14,
      15,
      16,
      17,
      18,
      19,
      20,
      21,
      22,
      23,
      24,
      25,
      26,
      27,
      28,
      29,
      30,
      31,
      32,
      33,
      34,
      35,
      36,
      37,
      38,
      39,
      40,
      41,
      42,
      43,
      44,
      45,
      46,
      47,
      48,
      49,
      50,
      51,
      52,
      53,
      54,
      55,
      56,
      57,
      58,
      59,
      60,
      61
    ],
    "counts": [
      1,
      19,
      9,
      7,
      3,
      2,
      3,
      4,
      3,
      5,
      2,
      2,
      3,
      4,
      3,
      4,
      2,
      3,
      3,
      4,
      3,
      4,
      4,
      3,
      2,
      3,
      3,
      3,
      5,
      5,
      5,
      6,
      7,
      6,
      7,
      7,
      6,
      6,
      9,
      9,
      10,
      13,
      11,
      14,
      17,
      15,
      16,
      14,
      17,
      18,
      17,
      19,
      25,
      27,
      35,
      42,
      49,
      68,
      100,
      102,
      98,
      54,
      30
    ]
  },
  "0.304": {
    "val": [
      -2147483648,
      -1,
      0,
      1,
      2,
      3,
      4,
      5,
      6,
      7,
      8,
      9,
      10,
      11,
      12,
      13,
      14,
      15,
      16,
      17
    ],
    "counts": [
      930,
      1,
      19,
      7,
      6,
      4,
      3,
      2,
      3,
      3,
      3,
      2,
      3,
      1,
      1,
      2,
      3,
      3,
      3,
      1
    ]
  },
  "0.33666666666666667": {
    "val": [
      -2147483648,
      -1,
      0,
      1,
      2,
      3,
      4,
      5,
      6,
      7,
      8,
      9,
      10,
      11,
      12,
      13,
      14,
      15,
      16,
      17,
      18,
      19,
      20,
      21,
      22,
      23,
      24,
      25,
      26,
      27
    ],
    "counts": [
      930,
      1,
      19,
      4,
      5,
      4,
      3,
      2,
      1,
      1,
      1,
      1,
      1,
      3,
      1,
      2,
      2,
      1,
      2,
      2,
      1,
      1,
      1,
      1,
      1,
      1,
      2,
      2,
      2,
      2
    ]
  },
  "0.3693333333333333": {
    "val": [
      -2147483648,
      -1,
      0,
      1,
      2,
      3,
      4,
      5,
      6
    ],
    "counts": [
      963,
      1,
      19,
      3,
      4,
      3,
      4,
      2,
      1
    ]
  },
  "0.40199999999999997": {
    "val": [
      -2147483648,
      -1,
      0,
      1,
      2,
      3,
      4,
      5,
      6,
      7,
      8
    ],
    "counts": [
      967,
      1,
      19,
      2,
      2,
      3,
      2,
      1,
      1,
      1,
      1
    ]
  },
  "0.43466666666666665": {
    "val": [
      -2147483648,
      -1,
      0,
      1,
      2,
      3,
      4
    ],
    "counts": [
      974,
      1,
      19,
      2,
      2,
      1,
      1
    ]
  },
  "0.46733333333333327": {
    "val": [
      -2147483648,
      -1,
      0,
      1,
      2
    ],
    "counts": [
      977,
      1,
      19,
      2,
      1
    ]
  },
  "0.5": {
    "val": [
      -2147483648,
      -1,
      0,
      1,
      2
    ],
    "counts": [
      978,
      1,
      19,
      1,
      1
    ]
  }
}