{
  "0.01": {
    "val": [
      -1,
      0,
      1,
      2,
      3,
      4
    ],
    "counts": [
      1,
      18,
      87,
      422,
      460,
      12
    ]
  },
  "0.042666666666666665": {
    "val": [
      -1,
      0,
      1,
      2,
      3,
      4
    ],
    "counts": [
      1,
      18,
      87,
      422,
      460,
      12
    ]
  },
  "0.07533333333333332": {
    "val": [
      -1,
      0,
      1,
      2,
      3,
      4,
      5,
      6,
      7,
      8
    ],
    "counts": [
      1,
      18,
      19,
      33,
      39,
      71,
      181,
      283,
      305,
      50
    ]
  },
  "0.10799999999999998": {
    "val": [
      -1,
      0,
      1,
      2,
      3,
      4,
      5,
      6,
      7,
      8
    ],
    "counts": [
      1,
      18,
      18,
      30,
      35,
      63,
      134,
      238,
      322,
      141
    ]
  },
  "0.14066666666666666": {
    "val": [
      -1,
      0,
      1,
      2,
      3,
      4,
      5,
      6,
      7,
      8,
      9,
      10,
      11,
      12,
      13,
      14,
      15,
      16,
      17,
      18,
      19
    ],
    "counts": [
      1,
      18,
      12,
      14,
      12,
      11,
      14,
      16,
      27,
      29,
      36,
      43,
      46,
      68,
      101,
      129,
      167,
      145,
      93,
      16,
      2
    ]
  },
  "0.17333333333333334": {
    "val": [
      -1,
      0,
      1,
      2,
      3,
      4,
      5,
      6,
      7,
      8,
      9,
      10,
      11,
      12,
      13,
      14,
      15,
      16,
      17,
      18,
      19,
      20,
      21,
      22,
      23,
      24,
      25,
      26,
      27,
      28,
      29,
      30,
      31,
      32
    ],
    "counts": [
      1,
      18,
      11,
      12,
      12,
      11,
      10,
      12,
      12,
      12,
      12,
      13,
      11,
      12,
      12,
      11,
      12,
      12,
      14,
      14,
      16,
      29,
      24,
      30,
      36,
      54,
      69,
      69,
      78,
      85,
      107,
      94,
      59,
      16
    ]
  },
  "0.206": {
    "val": [
      -1,
      0,
      1,
      2,
      3,
      4,
      5,
      6,
      7,
      8,
      9,
      10,
      11,
      12,
      13,
      14,
      15,
      16,
      17,
      18,
      19,
      20,
      21,
      22,
      23,
      24,
      25,
      26,
      27,
      28,
      29,
      30,
      31,
      32,
      33,
      34,
      35,
      36,
      37,
      38,
      39,
      40,
      41,
      42,
      43,
      44,
      45,
      46,
      47,
      48,
      49,
      50,
      51,
      52,
      53,
      54,
      55,
      56,
      57,
      58,
      59,
      60,
      61,
      62,
      63,
      64
    ],
    "counts": [
      1,
      18,
      10,
      11,
      10,
      8,
      9,
      10,
      10,
      9,
      10,
      9,
      10,
      10,
      10,
      10,
      10,
      9,
      9,
      13,
      11,
      11,
      8,
      10,
      11,
      10,
      10,
      11,
      11,
      13,
      12,
      10,
      11,
      10,
      10,
      10,
      11,
      12,
      14,
      13,
      12,
      12,
      11,
      11,
      11,
      13,
      20,
      24,
      24,
      22,
      23,
      29,
      34,
      54,
      47,
      51,
      43,
      38,
      25,
      13,
      13,
      13,
      12,
      11,
      13,
      6
    ]
  },
  "0.23866666666666664": {
    "val": [
      -1,
      0,
      1,
      2,
      3,
      4,
      5,
      6,
      7,
      8,
      9,
      10,
      11,
      12,
      13,
      14,
      15,
      16,
      17,
      18,
      19,
      20,
      21,
      22,
      23,
      24,
      25,
      26,
      27,
      28,
      29,
      30,
      31,
      32,
      33,
      34,
      35,
      36,
      37,
      38,
      39,
      40,
      41,
      42,
      43,
      44,
      45,
      46,
      47,
      48,
      49,
      50,
      51,
      52,
      53,
      54,
      55,
      56,
      57,
      58,
      59,
      60,
      61,
      62,
      63,
      64,
      65,
      66,
      67,
      68,
      69,
      70,
      71,
      72,
      73,
      74,
      75,
      76,
      77,
      78,
      79,
      80,
      81,
      82,
      83,
      84,
      85,
      86,
      87
    ],
    "counts": [
      1,
      18,
      10,
      10,
      11,
      8,
      9,
      9,
      10,
      7,
      9,
      8,
      9,
      9,
      9,
      9,
      9,
      8,
      9,
      9,
      10,
      10,
      8,
      9,
      10,
      9,
      11,
      9,
      8,
      10,
      11,
      9,
      10,
      10,
      10,
      8,
      10,
      10,
      8,
      8,
      9,
      11,
      10,
      10,
      11,
      11,
      9,
      10,
      11,
      10,
      9,
      10,
      10,
      10,
      9,
      9,
      11,
      11,
      11,
      10,
      13,
      12,
      12,
      12,
      15,
      21,
      16,
      10,
      12,
      12,
      12,
      12,
      9,
      11,
      11,
      13,
      12,
      15,
      22,
      24,
      29,
      13,
      14,
      23,
      26,
      23,
      10,
      12,
      3
    ]
  },
  "0.2713333333333333": {
    "val": [
      -1,
      0,
      1,
      2,
      3,
      4,
      5,
      6,
      7,
      8,
      9,
      10,
      11,
      12,
      13,
      14,
      15,
      16,
      17,
      18,
      19,
      20,
      21,
      22,
      23,
      24,
      25,
      26,
      27,
      28,
      29,
      30,
      31,
      32,
      33,
      34,
      35,
      36,
      37,
      38,
      39,
      40,
      41,
      42,
      43,
      44,
      45,
      46,
      47,
      48,
      49,
      50,
      51,
      52,
      53,
      54,
      55,
      56,
      57,
      58,
      59,
      60,
      61,
      62,
      63,
      64,
      65,
      66,
      67,
      68,
      69,
      70,
      71,
      72,
      73,
      74,
      75,
      76,
      77,
      78,
      79,
      80,
      81,
      82,
      83,
      84,
      85,
      86,
      87,
      88,
      89,
      90,
      91,
      92,
      93,
      94,
      95,
      96,
      97,
      98,
      99,
      100,
      101,
      102,
      103,
      104,
      105,
      106,
      107,
      108
    ],
    "counts": [
      1,
      18,
      7,
      9,
      9,
      7,
      6,
      7,
      6,
      7,
      7,
      7,
      8,
      8,
      8,
      7,
      8,
      8,
      8,
      7,
      7,
      8,
      8,
      9,
      8,
      7,
      8,
      6,
      9,
      9,
      6,
      9,
      9,
      8,
      7,
      7,
      8,
      7,
      8,
      7,
      8,
      7,
      9,
      9,
      9,
      7,
      9,
      9,
      10,
      9,
      8,
      9,
      8,
      10,
      8,
      8,
      8,
      8,
      9,
      8,
      7,
      10,
      10,
      8,
      9,
      9,
      9,
      11,
      10,
      7,
      9,
      9,
      9,
      10,
      9,
      8,
      10,
      11,
      9,
      10,
      9,
      9,
      11,
      11,
      8,
      9,
      10,
      10,
      8,
      11,
      9,
      11,
      11,
      9,
      10,
      10,
      9,
      10,
      11,
      11,
      14,
      12,
      16,
      24,
      23,
      9,
      11,
      11,
      13,
      8
    ]
  },