{
  "0.01": {
    "val": [
      -1,
      0,
      1,
      2
    ],
    "counts": [
      1,
      57,
      519,
      423
    ]
  },
  "0.042666666666666665": {
    "val": [
      -1,
      0,
      1,
      2,
      3
    ],
    "counts": [
      1,
      57,
      442,
      480,
      20
    ]
  },
  "0.07533333333333332": {
    "val": [
      -1,
      0,
      1,
      2,
      3
    ],
    "counts": [
      1,
      57,
      295,
      420,
      227
    ]
  },
  "0.10799999999999998": {
    "val": [
      -1,
      0,
      1,
      2,
      3,
      4
    ],
    "counts": [
      1,
      57,
      200,
      223,
      408,
      111
    ]
  },
  "0.14066666666666666": {
    "val": [
      -1,
      0,
      1,
      2,
      3,
      4,
      5
    ],
    "counts": [
      1,
      57,
      164,
      128,
      234,
      356,
      60
    ]
  },
  "0.17333333333333334": {
    "val": [
      -1,
      0,
      1,
      2,
      3,
      4,
      5,
      6
    ],
    "counts": [
      1,
      57,
      127,
      95,
      118,
      187,
      337,
      78
    ]
  },
  "0.206": {
    "val": [
      -1,
      0,
      1,
      2,
      3,
      4,
      5,
      6,
      7,
      8
    ],
    "counts": [
      1,
      57,
      101,
      68,
      69,
      93,
      138,
      256,
      213,
      4
    ]
  },
  "0.23866666666666664": {
    "val": [
      -1,
      0,
      1,
      2,
      3,
      4,
      5,
      6,
      7,
      8,
      9,
      10
    ],
    "counts": [
      1,
      57,
      78,
      58,
      44,
      48,
      52,
      83,
      100,
      190,
      265,
      24
    ]
  },
  "0.2713333333333333": {
    "val": [
      -1,
      0,
      1,
      2,
      3,
      4,
      5,
      6,
      7,
      8,
      9,
      10,
      11,
      12,
      13,
      14
    ],
    "counts": [
      1,
      57,
      59,
      49,
      49,
      28,
      27,
      31,
      38,
      43,
      51,
      62,
      109,
      195,
      187,
      14
    ]
  },
  "0.304": {
    "val": [
      -1,
      0,
      1,
      2,
      3,
      4,
      5,
      6,
      7,
      8,
      9,
      10,
      11,
      12,
      13,
      14,
      15,
      16,
      17,
      18,
      19,
      20,
      21,
      22,
      23
    ],
    "counts": [
      1,
      57,
      40,
      29,
      26,
      22,
      24,
      27,
      19,
      17,
      11,
      16,
      20,
      18,
      20,
      18,
      26,
      31,
      37,
      52,
      92,
      135,
      174,
      86,
      2
    ]
  },
  "0.33666666666666667": {
    "val": [
      -1,
      0,
      1,
      2,
      3,
      4,
      5,
      6,
      7,
      8,
      9,
      10,
      11,
      12,
      13,
      14,
      15,
      16,
      17,
      18,
      19,
      20,
      21,
      22,
      23,
      24,
      25,
      26,
      27,
      28,
      29,
      30,
      31,
      32,
      33,
      34,
      35,
      36,
      37,
      38,
      39,
      40,
      41,
      42,
      43
    ],
    "counts": [
      1,
      57,
      28,
      15,
      21,
      16,
      18,
      12,
      14,
      17,
      25,
      11,
      12,
      5,
      6,
      5,
      4,
      6,
      7,
      12,
      6,
      8,
      8,
      6,
      6,
      5,
      7,
      7,
      11,
      13,
      14,
      18,
      14,
      6,
      8,
      11,
      15,
      22,
      33,
      53,
      73,
      97,
      100,
      144,
      23
    ]
  },
  "0.3693333333333333": {
    "val": [
      -2147483648,
      -1,
      0,
      1,
      2,
      3,
      4,
      5,
      6,
      7,
      8,
      9,
      10,
      11,
      12,
      13,
      14,
      15,
      16,
      17,
      18,
      19,
      20,
      21,
      22,
      23,
      25,
      26,
      27,
      29,
      30,
      31,
      33,
      35,
      36,
      37,
      38,
      39,
      40,
      41,
      42,
      43,
      44,
      45,
      46,
      47,
      48
    ],
    "counts": [
      696,
      1,
      57,
      26,
      14,
      12,
      16,
      12,
      12,
      8,
      6,
      8,
      11,
      13,
      6,
      5,
      6,
      6,
      13,
      6,
      7,
      2,
      2,
      1,
      2,
      1,
      1,
      1,
      1,
      1,
      1,
      2,
      1,
      1,
      3,
      6,
      6,
      8,
      4,
      5,
      1,
      3,
      1,
      2,
      1,
      1,
      1
    ]
  },
  "0.40199999999999997": {
    "val": [
      -2147483648,
      -1,
      0,
      1,
      2,
      3,
      4,
      5,
      6,
      7,
      8,
      9,
      10,
      11,
      12,
      13,
      14,
      15,
      16,
      17,
      18,
      19,
      20,
      21
    ],
    "counts": [
      822,
      1,
      57,
      21,
      8,
      7,
      5,
      5,
      4,
      7,
      5,
      1,
      4,
      3,
      6,
      6,
      5,
      8,
      3,
      6,
      5,
      6,
      4,
      1
    ]
  },
  "0.43466666666666665": {
    "val": [
      -2147483648,
      -1,
      0,
      1,
      2,
      3,
      4,
      5,
      6,
      7,
      8,
      9,
      10,
      11,
      12
    ],
    "counts": [
      895,
      1,
      57,
      11,
      7,
      6,
      3,
      5,
      4,
      4,
      1,
      2,
      2,
      1,
      1
    ]
  },
  "0.46733333333333327": {
    "val": [
      -2147483648,
      -1,
      0,
      1,
      2,
      3,
      4,
      5,
      6,
      7,
      9,
      11
    ],
    "counts": [
      917,
      1,
      57,
      7,
      1,
      4,
      4,
      4,
      1,
      2,
      1,
      1
    ]
  },
  "0.5": {
    "val": [
      -2147483648,
      -1,
      0,
      1
    ],
    "counts": [
      937,
      1,
      57,
      5
    ]
  }
}