{
  "0.01": {
    "val": [
      -1,
      0,
      1,
      2,
      3,
      4,
      5
    ],
    "counts": [
      1,
      19,
      109,
      109,
      374,
      357,
      31
    ]
  },
  "0.042666666666666665": {
    "val": [
      -1,
      0,
      1,
      3,
      4,
      5,
      6,
      7,
      8,
      9,
      10,
      11,
      12
    ],
    "counts": [
      1,
      19,
      109,
      24,
      29,
      50,
      80,
      141,
      192,
      178,
      111,
      58,
      8
    ]
  },
  "0.07533333333333332": {
    "val": [
      -1,
      0,
      1,
      2,
      3,
      4,
      5,
      6,
      7,
      8,
      9,
      10,
      11,
      12,
      13,
      14,
      15,
      16,
      17,
      18,
      19,
      20,
      21,
      22,
      23,
      24,
      25,
      26,
      27,
      28,
      29,
      30
    ],
    "counts": [
      1,
      19,
      17,
      3,
      5,
      10,
      10,
      11,
      16,
      11,
      8,
      7,
      9,
      9,
      5,
      15,
      14,
      11,
      23,
      29,
      33,
      44,
      66,
      86,
      101,
      112,
      101,
      100,
      77,
      35,
      11,
      1
    ]
  },
  "0.10799999999999998": {
    "val": [
      -1,
      0,
      1,
      2,
      4,
      6,
      7,
      8,
      9,
      10,
      11,
      12,
      13,
      14,
      15,
      16,
      17,
      18,
      19,
      20,
      21,
      22,
      23,
      24,
      25,
      26,
      27,
      28,
      29,
      30,
      31,
      32,
      33,
      34,
      35,
      36,
      37,
      38,
      39,
      40,
      41,
      42,
      43,
      44,
      45,
      46,
      47,
      48,
      49,
      50,
      51,
      52,
      53,
      54,
      55
    ],
    "counts": [
      1,
      19,
      14,
      1,
      3,
      1,
      3,
      2,
      3,
      3,
      2,
      4,
      6,
      4,
      2,
      4,
      6,
      5,
      5,
      4,
      5,
      9,
      2,
      5,
      5,
      1,
      7,
      7,
      6,
      7,
      7,
      9,
      7,
      10,
      10,
      11,
      10,
      15,
      21,
      21,
      33,
      28,
      37,
      56,
      64,
      78,
      45,
      51,
      62,
      59,
      72,
      60,
      52,
      32,
      4
    ]
  },
  "0.14066666666666666": {
    "val": [
      -1,
      0,
      1,
      2,
      4,
      6,
      9,
      11,
      12,
      13,
      14,
      15,
      18,
      19,
      20,
      22,
      23,
      24,
      25,
      27,
      30,
      31,
      32,
      33,
      34,
      35,
      37,
      38,
      39,
      41,
      42,
      44,
      45,
      46,
      47,
      48,
      49,
      50,
      51,
      52,
      53,
      54,
      55,
      56,
      57,
      58,
      59,
      60,
      61,
      62,
      63,
      64,
      65,
      66,
      67,
      68,
      69,
      70,
      71,
      72,
      73,
      74,
      75,
      76,
      77,
      78,
      79,
      80,
      81,
      82,
      83,
      84,
      85,
      86,
      87,
      88,
      89,
      90,
      91,
      92,
      93,
      94,
      95,
      96,
      97,
      98,
      99,
      100,
      101,
      102,
      103,
      104,
      105,
      106,
      107
    ],
    "counts": [
      1,
      19,
      10,
      2,
      1,
      3,
      4,
      2,
      1,
      1,
      3,
      2,
      2,
      2,
      4,
      2,
      2,
      1,
      1,
      3,
      3,
      2,
      2,
      2,
      1,
      2,
      2,
      2,
      1,
      3,
      3,
      1,
      1,
      1,
      3,
      2,
      2,
      2,
      3,
      1,
      3,
      3,
      1,
      7,
      5,
      4,
      3,
      6,
      2,
      2,
      2,
      3,
      7,
      7,
      4,
      5,
      7,
      7,
      8,
      9,
      5,
      8,
      3,
      8,
      8,
      10,
      6,
      13,
      12,
      18,
      11,
      11,
      11,
      21,
      28,
      24,
      26,
      28,
      27,
      27,
      38,
      35,
      50,
      38,
      49,
      42,
      49,
      48,
      55,
      34,
      33,
      15,
      6,
      2,
      1
    ]
  },
  "0.17333333333333334": {
    "val": [
      -1,
      0,
      1,
      4,
      7,
      8,
      9,
      12,
      14,
      15,
      16,
      17,
      19,
      20,
      24,
      25,
      26,
      28,
      30,
      31,
      32,
      33,
      37,
      38,
      39,
      40,
      41,
      43,
      45,
      46,
      49,
      50,
      51,
      52,
      53,
      54,
      56,
      57,
      60,
      61,
      62,
      64,
      67,
      68,
      69,
      70,
      71,
      72,
      73,
      75,
      76,
      78,
      79,
      80,
      83,
      85,
      86,
      87,
      88,
      89,
      90,
      91,
      92,
      93,
      96,
      97,
      99,
      100,
      101,
      103,
      104,
      105,
      106,
      107,
      108,
      109,
      110,
      113,
      114,
      115,
      116,
      117,
      118,
      119,
      120,
      122,
      123,
      124,
      125,
      126,
      127,
      128,
      129,
      130,
      131,
      132,
      133,
      134,
      135,
      136,
      137,
      138,
      139,
      140,
      141,
      142,
      143,
      144,
      145,
      146,
      147,
      148,
      149,
      150,
      151,
      152,
      153,
      154,
      155,
      156,
      157,
      158,
      159,
      160,
      161,
      162,
      163,
      164,
      165,
      166,
      167,
      168,
      169,
      170,
      171,
      172,
      173,
      174,
      175,
      176,
      177,
      178,
      179,
      180
    ],
    "counts": [
      1,
      19,
      10,
      2,
      1,
      1,
      2,
      4,
      1,
      1,
      1,
      1,
      2,
      2,
      2,
      2,
      3,
      2,
      2,
      1,
      1,
      2,
      1,
      1,
      2,
      1,
      3,
      1,
      1,
      3,
      1,
      2,
      2,
      1,
      1,
      2,
      1,
      2,
      1,
      1,
      2,
      1,
      1,
      1,
      2,
      2,
      1,
      2,
      1,
      2,
      1,
      2,
      3,
      1,
      1,
      1,
      2,
      4,
      2,
      1,
      2,
      1,
      1,
      1,
      5,
      2,
      2,
      3,
      1,
      1,
      1,
      2,
      2,
      2,
      4,
      1,
      2,
      1,
      2,
      4,
      2,
      2,
      2,
      2,
      1,
      3,
      3,
      4,
      8,
      3,
      3,
      6,
      2,
      3,
      5,
      6,
      3,
      2,
      7,
      6,
      3,
      10,
      6,
      4,
      12,
      8,
      5,
      5,
      15,
      4,
      9,
      10,
      11,
      12,
      12,
      10,
      12,
      7,
      16,
      14,
      17,
      14,
      17,
      23,
      23,
      19,
      29,
      27,
      22,
      29,
      28,
      29,
      25,
      35,
      42,
      41,
      28,
      37,
      33,
      21,
      20,
      13,
      6,
      1
    ]
  },