{
  "0.01": {
    "val": [
      -1,
      0,
      1,
      2,
      3,
      4,
      5
    ],
    "counts": [
      1,
      10,
      45,
      149,
      439,
      329,
      27
    ]
  },
  "0.042666666666666665": {
    "val": [
      -1,
      0,
      1,
      2,
      3,
      4,
      5,
      6,
      7,
      8
    ],
    "counts": [
      1,
      10,
      45,
      32,
      92,
      143,
      275,
      294,
      103,
      5
    ]
  },
  "0.07533333333333332": {
    "val": [
      -1,
      0,
      1,
      2,
      3,
      4,
      5,
      6,
      7,
      8,
      9,
      10,
      11,
      12
    ],
    "counts": [
      1,
      10,
      45,
      8,
      29,
      41,
      74,
      94,
      152,
      201,
      215,
      95,
      34,
      1
    ]
  },
  "0.10799999999999998": {
    "val": [
      -1,
      0,
      1,
      2,
      3,
      4,
      5,
      6,
      7,
      8,
      9,
      10,
      11,
      12,
      13,
      14,
      15,
      16
    ],
    "counts": [
      1,
      10,
      41,
      6,
      12,
      21,
      17,
      42,
      54,
      46,
      88,
      121,
      147,
      160,
      135,
      69,
      28,
      2
    ]
  },
  "0.14066666666666666": {
    "val": [
      -1,
      0,
      1,
      2,
      3,
      4,
      5,
      6,
      7,
      8,
      9,
      10,
      11,
      12,
      13,
      14,
      15,
      16,
      17,
      18,
      19,
      20,
      21,
      22,
      23,
      24
    ],
    "counts": [
      1,
      10,
      20,
      13,
      9,
      13,
      12,
      10,
      10,
      17,
      15,
      22,
      26,
      21,
      47,
      43,
      64,
      76,
      97,
      90,
      116,
      113,
      83,
      45,
      19,
      8
    ]
  },
  "0.17333333333333334": {
    "val": [
      -1,
      0,
      1,
      2,
      3,
      4,
      5,
      6,
      7,
      8,
      9,
      10,
      11,
      12,
      13,
      14,
      15,
      16,
      17,
      18,
      19,
      20,
      21,
      22,
      23,
      24,
      25,
      26,
      27,
      28,
      29,
      30,
      31,
      32,
      33,
      34,
      35,
      36,
      37,
      38,
      39,
      40,
      41,
      42,
      43,
      44,
      45,
      46,
      47,
      48,
      49
    ],
    "counts": [
      1,
      10,
      7,
      1,
      1,
      4,
      1,
      5,
      5,
      2,
      5,
      2,
      1,
      2,
      4,
      4,
      4,
      4,
      4,
      7,
      6,
      4,
      6,
      6,
      8,
      9,
      7,
      5,
      7,
      10,
      10,
      8,
      16,
      16,
      16,
      28,
      19,
      34,
      44,
      36,
      47,
      64,
      53,
      79,
      78,
      104,
      75,
      69,
      45,
      13,
      4
    ]
  },
  "0.206": {
    "val": [
      -1,
      0,
      1,
      3,
      4,
      5,
      6,
      7,
      8,
      9,
      10,
      11,
      12,
      13,
      14,
      15,
      16,
      17,
      18,
      19,
      20,
      21,
      22,
      23,
      24,
      25,
      26,
      27,
      28,
      29,
      30,
      31,
      32,
      33,
      34,
      35,
      36,
      37,
      38,
      39,
      40,
      41,
      42,
      43,
      44,
      45,
      46,
      47,
      48,
      49,
      50,
      51,
      52,
      53,
      54,
      55,
      56,
      57,
      58,
      59,
      60,
      61,
      62,
      63,
      64
    ],
    "counts": [
      1,
      10,
      7,
      1,
      1,
      4,
      1,
      5,
      3,
      3,
      2,
      3,
      2,
      1,
      1,
      3,
      2,
      5,
      3,
      3,
      3,
      4,
      4,
      3,
      5,
      4,
      5,
      5,
      3,
      7,
      9,
      4,
      5,
      4,
      6,
      6,
      6,
      6,
      8,
      10,
      8,
      11,
      8,
      16,
      14,
      22,
      15,
      24,
      34,
      31,
      33,
      40,
      36,
      54,
      44,
      51,
      76,
      68,
      66,
      77,
      46,
      39,
      11,
      5,
      3
    ]
  },
  "0.23866666666666664": {
    "val": [
      -1,
      0,
      1,
      2,
      4,
      6,
      7,
      8,
      9,
      10,
      11,
      13,
      14,
      15,
      16,
      18,
      20,
      21,
      22,
      23,
      24,
      25,
      26,
      27,
      28,
      30,
      31,
      32,
      33,
      34,
      35,
      36,
      37,
      38,
      39,
      40,
      41,
      42,
      43,
      44,
      45,
      46,
      47,
      48,
      49,
      50,
      51,
      52,
      53,
      54,
      55,
      56,
      57,
      58,
      59,
      60,
      61,
      62,
      63,
      64,
      65,
      66,
      67,
      68,
      69,
      70,
      71,
      72,
      73,
      74,
      75,
      76,
      77,
      78,
      79,
      80,
      81,
      82,
      83,
      84,
      85,
      86,
      87,
      88,
      89
    ],
    "counts": [
      1,
      10,
      6,
      1,
      1,
      1,
      2,
      2,
      3,
      2,
      3,
      2,
      5,
      2,
      2,
      2,
      3,
      2,
      4,
      1,
      4,
      4,
      2,
      1,
      1,
      3,
      1,
      6,
      1,
      4,
      4,
      2,
      5,
      4,
      2,
      4,
      7,
      6,
      4,
      4,
      2,
      6,
      5,
      5,
      3,
      7,
      4,
      6,
      7,
      9,
      4,
      9,
      7,
      5,
      10,
      7,
      9,
      11,
      8,
      17,
      11,
      10,
      20,
      19,
      23,
      22,
      29,
      23,
      24,
      33,
      23,
      35,
      44,
      39,
      43,
      32,
      58,
      65,
      58,
      35,
      25,
      32,
      14,
      14,
      4
    ]
  },
  "0.2713333333333333": {
    "val": [
      -1,
      0,
      1,
      2,
      4,
      7,
      8,
      9,
      10,
      12,
      13,
      14,
      15,
      16,
      17,
      18,
      19,
      23,
      24,
      25,
      27,
      28,
      30,
      31,
      32,
      34,
      36,
      37,
      39,
      41,
      43,
      46,
      47,
      48,
      49,
      51,
      52,
      53,
      54,
      55,
      57,
      59,
      60,
      61,
      62,
      63,
      65,
      69,
      71,
      74,
      75,
      76,
      78,
      79,
      81,
      84,
      85,
      87,
      88,
      89,
      90,
      93,
      94,
      95,
      96,
      97,
      98,
      99,
      100,
      101,
      102,
      103,
      104,
      105,
      106,
      107,
      108,
      109,
      110,
      111,
      112,
      113,
      114,
      115,
      116,
      117,
      118,
      119,
      120,
      121,
      122,
      123,
      124,
      125,
      126,
      127,
      128,
      129,
      130,
      131,
      132,
      133,
      134,
      135,
      136,
      137,
      138,
      139,
      140,
      141,
      142,
      143,
      144,
      145,
      146,
      147,
      148,
      149,
      150,
      151,
      152,
      153,
      154,
      155,
      156,
      157,
      158,
      159,
      160,
      161,
      162,
      163,
      164,
      165,
      166,
      167,
      168,
      169,
      170,
      171,
      172,
      173,
      174,
      175,
      176,
      177,
      178,
      179,
      180,
      181,
      182,
      183,
      184,
      185,
      186,
      187,
      188,
      189
    ],