{
  "0.01": {
    "val": [
      -1,
      0,
      1,
      2,
      3,
      4
    ],
    "counts": [
      1,
      18,
      84,
      410,
      474,
      13
    ]
  },
  "0.042666666666666665": {
    "val": [
      -1,
      0,
      1,
      2,
      3,
      4
    ],
    "counts": [
      1,
      18,
      84,
      410,
      474,
      13
    ]
  },
  "0.07533333333333332": {
    "val": [
      -1,
      0,
      1,
      2,
      3,
      4,
      5,
      6,
      7,
      8,
      9
    ],
    "counts": [
      1,
      18,
      16,
      21,
      44,
      89,
      150,
      330,
      267,
      60,
      4
    ]
  },
  "0.10799999999999998": {
    "val": [
      -1,
      0,
      1,
      2,
      3,
      4,
      5,
      6,
      7,
      8,
      9,
      10
    ],
    "counts": [
      1,
      18,
      15,
      15,
      19,
      42,
      68,
      117,
      195,
      315,
      193,
      2
    ]
  },
  "0.14066666666666666": {
    "val": [
      -1,
      0,
      1,
      2,
      3,
      4,
      5,
      6,
      7,
      8,
      9,
      10,
      11,
      12,
      13,
      14,
      15,
      16,
      17,
      18,
      19,
      20,
      21,
      22,
      23,
      24,
      25,
      26
    ],
    "counts": [
      1,
      18,
      13,
      12,
      12,
      12,
      13,
      11,
      12,
      12,
      12,
      12,
      14,
      15,
      18,
      25,
      24,
      28,
      27,
      34,
      40,
      40,
      77,
      99,
      132,
      177,
      87,
      23
    ]
  },
  "0.17333333333333334": {
    "val": [
      -1,
      0,
      1,
      2,
      3,
      4,
      5,
      6,
      7,
      8,
      9,
      10,
      11,
      12,
      13,
      14,
      15,
      16,
      17,
      18,
      19,
      20,
      21,
      22,
      23,
      24,
      25,
      26,
      27,
      28,
      29,
      30,
      31,
      32
    ],
    "counts": [
      1,
      18,
      13,
      12,
      11,
      12,
      12,
      11,
      10,
      10,
      12,
      11,
      12,
      14,
      13,
      12,
      16,
      23,
      24,
      26,
      25,
      25,
      25,
      18,
      29,
      36,
      60,
      76,
      94,
      114,
      93,
      87,
      44,
      1
    ]
  },
  "0.206": {
    "val": [
      -1,
      0,
      1,
      2,
      3,
      4,
      5,
      6,
      7,
      8,
      9,
      10,
      11,
      12,
      13,
      14,
      15,
      16,
      17,
      18,
      19,
      20,
      21,
      22,
      23,
      24,
      25,
      26,
      27,
      28,
      29,
      30,
      31,
      32,
      33,
      34,
      35,
      36,
      37,
      38,
      39,
      40,
      41,
      42,
      43,
      44,
      45,
      46,
      47,
      48,
      49,
      50,
      51,
      52,
      53,
      54,
      55,
      56,
      57,
      58,
      59,
      60,
      61,
      62,
      63,
      64,
      65,
      66
    ],
    "counts": [
      1,
      18,
      10,
      10,
      9,
      10,
      10,
      9,
      10,
      11,
      9,
      11,
      10,
      8,
      9,
      10,
      9,
      9,
      11,
      11,
      10,
      12,
      10,
      9,
      10,
      10,
      11,
      10,
      11,
      10,
      13,
      10,
      12,
      11,
      12,
      11,
      10,
      13,
      10,
      11,
      11,
      11,
      12,
      9,
      11,
      11,
      10,
      11,
      12,
      12,
      12,
      10,
      12,
      14,
      16,
      23,
      23,
      26,
      26,
      29,
      45,
      47,
      51,
      54,
      56,
      16,
      12,
      7
    ]
  },
  "0.23866666666666664": {
    "val": [
      -1,
      0,
      1,
      2,
      3,
      4,
      5,
      6,
      7,
      8,
      9,
      10,
      11,
      12,
      13,
      14,
      15,
      16,
      17,
      18,
      19,
      20,
      21,
      22,
      23,
      24,
      25,
      26,
      27,
      28,
      29,
      30,
      31,
      32,
      33,
      34,
      35,
      36,
      37,
      38,
      39,
      40,
      41,
      42,
      43,
      44,
      45,
      46,
      47,
      48,
      49,
      50,
      51,
      52,
      53,
      54,
      55,
      56,
      57,
      58,
      59,
      60,
      61,
      62,
      63,
      64,
      65,
      66,
      67,
      68,
      69,
      70,
      71,
      72,
      73,
      74,
      75,
      76,
      77,
      78,
      79,
      80,
      81,
      82,
      83,
      84,
      85
    ],
    "counts": [
      1,
      18,
      9,
      9,
      10,
      10,
      9,
      10,
      10,
      8,
      9,
      9,
      9,
      7,
      9,
      8,
      9,
      8,
      9,
      9,
      9,
      9,
      10,
      10,
      8,
      9,
      8,
      10,
      7,
      9,
      9,
      10,
      9,
      12,
      10,
      8,
      11,
      11,
      11,
      10,
      11,
      11,
      10,
      10,
      10,
      11,
      10,
      10,
      8,
      10,
      9,
      10,
      10,
      10,
      12,
      11,
      12,
      11,
      11,
      16,
      18,
      22,
      20,
      21,
      22,
      23,
      22,
      22,
      22,
      23,
      25,
      11,
      11,
      10,
      12,
      12,
      11,
      12,
      13,
      11,
      11,
      12,
      12,
      11,
      12,
      13,
      3
    ]
  },
  "0.2713333333333333": {
    "val": [
      -1,
      0,
      1,
      2,
      3,
      4,
      5,
      6,
      7,
      8,
      9,
      10,
      11,
      12,
      13,
      14,
      15,
      16,
      17,
      18,
      19,
      20,
      21,
      22,
      23,
      24,
      25,
      26,
      27,
      28,
      29,
      30,
      31,
      32,
      33,
      34,
      35,
      36,
      37,
      38,
      39,
      40,
      41,
      42,
      43,
      44,
      45,
      46,
      47,
      48,
      49,
      50,
      51,
      52,
      53,
      54,
      55,
      56,
      57,
      58,
      59,
      60,
      61,
      62,
      63,
      64,
      65,
      66,
      67,
      68,
      69,
      70,
      71,
      72,
      73,
      74,
      75,
      76,
      77,
      78,
      79,
      80,
      81,
      82,
      83,
      84,
      85,
      86,
      87,
      88,
      89,
      90,
      91,
      92,
      93,
      94,
      95,
      96,
      97,
      98,
      99,
      100,
      101,
      102,
      103,
      104,
      105,
      106,
      107,
      108,
      109,
      110
    ],
    "counts": [
      1,
      18,
      7,
      7,
      8,
      7,
      7,
      8,
      7,
      7,
      8,
      7,
      8,
      7,
      7,
      7,
      7,
      8,
      8,
      8,
      8,
      9,
      8,
      8,
      8,
      8,
      8,
      10,
      8,
      6,
      7,
      10,
      6,
      8,
      8,
      8,
      8,
      9,
      9,
      8,
      8,
      9,
      7,
      9,
      9,
      9,
      10,
      7,
      8,
      10,
      9,
      10,
      9,
      9,
      9,
      8,
      8,
      11,
      7,
      9,
      9,
      9,
      11,
      8,
      9,
      8,
      9,
      8,
      10,
      11,
      8,
      9,
      11,
      9,
      9,
      9,
      10,
      9,
      8,
      13,
      8,
      9,
      12,
      9,
      9,
      8,
      9,
      10,
      9,
      10,
      9,
      9,
      11,
      12,
      10,
      11,
      11,
      10,
      10,
      11,
      11,
      12,
      10,
      10,
      11,
      11,
      9,
      12,
      10,
      11,
      11,
      9
    ]
  },