{
  "0.01": {
    "val": [
      -1,
      0,
      1,
      2,
      3
    ],
    "counts": [
      1,
      19,
      109,
      616,
      255
    ]
  },
  "0.042666666666666665": {
    "val": [
      -1,
      0,
      1,
      2,
      3
    ],
    "counts": [
      1,
      19,
      109,
      616,
      255
    ]
  },
  "0.07533333333333332": {
    "val": [
      -1,
      0,
      1,
      2,
      3,
      4,
      5,
      6
    ],
    "counts": [
      1,
      19,
      17,
      33,
      69,
      195,
      488,
      178
    ]
  },
  "0.10799999999999998": {
    "val": [
      -1,
      0,
      1,
      2,
      3,
      4,
      5,
      6,
      7
    ],
    "counts": [
      1,
      19,
      14,
      27,
      52,
      117,
      342,
      382,
      46
    ]
  },
  "0.14066666666666666": {
    "val": [
      -1,
      0,
      1,
      2,
      3,
      4,
      5,
      6,
      7,
      8,
      9,
      10,
      11,
      12,
      13
    ],
    "counts": [
      1,
      19,
      10,
      10,
      14,
      13,
      17,
      25,
      32,
      46,
      78,
      157,
      264,
      293,
      21
    ]
  },
  "0.17333333333333334": {
    "val": [
      -1,
      0,
      1,
      2,
      3,
      4,
      5,
      6,
      7,
      8,
      9,
      10,
      11,
      12,
      13,
      14,
      15,
      16,
      17,
      18,
      19
    ],
    "counts": [
      1,
      19,
      10,
      10,
      11,
      12,
      10,
      12,
      8,
      13,
      9,
      14,
      17,
      31,
      43,
      56,
      85,
      178,
      268,
      188,
      5
    ]
  },
  "0.206": {
    "val": [
      -1,
      0,
      1,
      2,
      3,
      4,
      5,
      6,
      7,
      8,
      9,
      10,
      11,
      12,
      13,
      14,
      15,
      16,
      17,
      18,
      19,
      20,
      21,
      22,
      23,
      24,
      25,
      26,
      27,
      28,
      29,
      30,
      31
    ],
    "counts": [
      1,
      19,
      8,
      10,
      7,
      10,
      9,
      8,
      10,
      8,
      7,
      10,
      9,
      12,
      10,
      7,
      11,
      9,
      9,
      10,
      12,
      15,
      16,
      28,
      33,
      29,
      31,
      48,
      73,
      126,
      184,
      164,
      57
    ]
  },
  "0.23866666666666664": {
    "val": [
      -1,
      0,
      1,
      2,
      3,
      4,
      5,
      6,
      7,
      8,
      9,
      10,
      11,
      12,
      13,
      14,
      15,
      16,
      17,
      18,
      19,
      20,
      21,
      22,
      23,
      24,
      25,
      26,
      27,
      28,
      29,
      30,
      31,
      32,
      33,
      34,
      35,
      36,
      37,
      38,
      39,
      40,
      41
    ],
    "counts": [
      1,
      19,
      7,
      7,
      8,
      6,
      8,
      6,
      7,
      8,
      10,
      6,
      6,
      9,
      7,
      9,
      8,
      9,
      9,
      8,
      7,
      5,
      7,
      8,
      12,
      12,
      11,
      10,
      16,
      18,
      21,
      20,
      23,
      26,
      31,
      36,
      43,
      57,
      85,
      107,
      133,
      105,
      49
    ]
  },
  "0.2713333333333333": {
    "val": [
      -1,
      0,
      1,
      2,
      3,
      4,
      5,
      6,
      7,
      8,
      9,
      10,
      11,
      12,
      13,
      14,
      15,
      16,
      17,
      18,
      19,
      20,
      21,
      22,
      23,
      24,
      25,
      26,
      27,
      28,
      29,
      30,
      31,
      32,
      33,
      34,
      35,
      36,
      37,
      38,
      39,
      40,
      41,
      42,
      43,
      44,
      45,
      46,
      47,
      48,
      49,
      50,
      51,
      52,
      53,
      54,
      55,
      56,
      57,
      58,
      59,
      60,
      61,
      62
    ],
    "counts": [
      1,
      19,
      6,
      5,
      7,
      7,
      4,
      4,
      5,
      6,
      5,
      6,
      7,
      7,
      4,
      4,
      6,
      6,
      7,
      7,
      6,
      7,
      6,
      6,
      7,
      7,
      5,
      7,
      7,
      9,
      8,
      8,
      6,
      9,
      7,
      11,
      8,
      8,
      10,
      8,
      7,
      8,
      9,
      13,
      15,
      17,
      18,
      18,
      20,
      16,
      22,
      19,
      20,
      20,
      21,
      33,
      41,
      59,
      53,
      68,
      70,
      85,
      60,
      15
    ]
  },
  "0.304": {
    "val": [
      -1,
      0,
      1,
      2,
      3,
      4,
      5,
      6,
      7,
      8,
      9,
      10,
      11,
      12,
      13,
      14,
      15,
      16,
      17,
      18,
      19,
      20,
      21,
      22,
      23,
      24,
      25,
      26,
      27,
      28,
      29,
      30,
      31,
      32,
      33,
      34,
      35,
      36,
      37,
      38,
      39,
      40,
      41,
      42,
      43,
      44,
      45,
      46,
      47,
      48,
      49,
      50,
      51,
      52,
      53,
      54,
      55,
      56,
      57,
      58,
      59,
      60,
      61,
      62,
      63,
      64,
      65,
      66,
      67,
      68,
      69,
      70,
      71,
      72,
      73,
      74,
      75,
      76,
      77,
      78,
      79,
      80,
      81,
      82,
      83,
      84,
      85,
      86,
      87,
      88,
      89,
      90,
      91,
      92,
      93,
      94,
      95,
      96
    ],
    "counts": [
      1,
      19,
      5,
      5,
      4,
      8,
      5,
      4,
      6,
      5,
      5,
      5,
      5,
      6,
      5,
      5,
      2,
      6,
      7,
      4,
      6,
      5,
      7,
      6,
      7,
      6,
      6,
      5,
      5,
      2,
      3,
      4,
      4,
      2,
      3,
      4,
      3,
      3,
      3,
      3,
      4,
      4,
      6,
      6,
      5,
      6,
      6,
      6,
      6,
      5,
      5,
      6,
      6,
      9,
      5,
      8,
      8,
      11,
      8,
      8,
      8,
      7,
      6,
      8,
      9,
      9,
      8,
      6,
      6,
      11,
      9,
      8,
      9,
      8,
      12,
      14,
      20,
      14,
      8,
      13,
      12,
      11,
      14,
      16,
      21,
      17,
      21,
      24,
      30,
      38,
      27,
      35,
      44,
      49,
      49,
      46,
      25,
      1
    ]
  },
  "0.33666666666666667": {
    "val": [
      -2147483648,
      -1,
      0,
      1,
      2,
      3,
      4,
      5,
      6,
      7,
      8,
      9,
      10,
      11,
      12,
      13,
      14
    ],
    "counts": [
      948,
      1,
      19,
      3,
      3,
      3,
      2,
      3,
      3,
      5,
      2,
      2,
      1,
      2,
      1,
      1,
      1
    ]
  },
  "0.3693333333333333": {
    "val": [
      -2147483648,
      -1,
      0,
      1,
      2,
      3,
      4,
      5,
      6,
      7,
      8,
      9,
      10
    ],
    "counts": [
      968,
      1,
      19,
      1,
      1,
      1,
      1,
      1,
      1,
      2,
      1,
      1,
      2
    ]
  },
  "0.40199999999999997": {
    "val": [
      -2147483648,
      -1,
      0
    ],
    "counts": [
      980,
      1,
      19
    ]
  },
  "0.43466666666666665": {
    "val": [
      -2147483648,
      -1,
      0
    ],
    "counts": [
      980,
      1,
      19
    ]
  },
  "0.46733333333333327": {
    "val": [
      -2147483648,
      -1,
      0
    ],
    "counts": [
      980,
      1,
      19
    ]
  },
  "0.5": {
    "val": [
      -2147483648,
      -1,
      0
    ],
    "counts": [
      980,
      1,
      19
    ]
  }
}